ISO-10303-21;
HEADER;
/* Generated by software containing ST-Developer
 * from STEP Tools, Inc. (www.steptools.com) 
 */

FILE_DESCRIPTION(
/* description */ (''),
/* implementation_level */ '2;1');

FILE_NAME(
/* name */ 'Top_case.step',
/* time_stamp */ '2026-09-06T22:12:27+02:00',
/* author */ (''),
/* organization */ (''),
/* preprocessor_version */ 'ST-DEVELOPER v20.2',
/* originating_system */ 'Autodesk Translation Framework v15.15.0.0',
/* authorisation */ '');

FILE_SCHEMA (('AUTOMOTIVE_DESIGN { 1 0 10303 214 3 1 1 }'));
ENDSEC;

DATA;
#10=MECHANICAL_DESIGN_GEOMETRIC_PRESENTATION_REPRESENTATION('',(#13),#13140);
#11=SHAPE_REPRESENTATION_RELATIONSHIP('SRR','None',#13147,#12);
#12=ADVANCED_BREP_SHAPE_REPRESENTATION('',(#14),#13139);
#13=STYLED_ITEM('',(#13156),#14);
#14=MANIFOLD_SOLID_BREP('Corps1',#6892);
#15=CIRCLE('',#6964,2.74999999999991);
#16=CIRCLE('',#6965,2.74999999999991);
#17=CIRCLE('',#6967,2.35);
#18=CIRCLE('',#6969,4.50000000000003);
#19=CIRCLE('',#6970,4.50000000000003);
#20=CIRCLE('',#6972,2.35);
#21=CIRCLE('',#6974,4.35000000000002);
#22=CIRCLE('',#6975,4.35000000000002);
#23=CIRCLE('',#6977,2.35);
#24=CIRCLE('',#6979,4.50000000000003);
#25=CIRCLE('',#6980,4.50000000000003);
#26=CIRCLE('',#6982,2.35);
#27=CIRCLE('',#7026,2.35);
#28=CIRCLE('',#7029,2.35);
#29=CIRCLE('',#7032,2.35);
#30=CIRCLE('',#7035,2.35);
#31=CYLINDRICAL_SURFACE('',#6963,2.74999999999991);
#32=CYLINDRICAL_SURFACE('',#6968,4.50000000000003);
#33=CYLINDRICAL_SURFACE('',#6973,4.35000000000002);
#34=CYLINDRICAL_SURFACE('',#6978,4.50000000000003);
#35=CYLINDRICAL_SURFACE('',#7025,2.35);
#36=CYLINDRICAL_SURFACE('',#7028,2.35);
#37=CYLINDRICAL_SURFACE('',#7031,2.35);
#38=CYLINDRICAL_SURFACE('',#7034,2.35);
#39=FACE_BOUND('',#820,.T.);
#40=FACE_BOUND('',#821,.T.);
#41=FACE_BOUND('',#822,.T.);
#42=FACE_BOUND('',#823,.T.);
#43=FACE_BOUND('',#824,.T.);
#44=FACE_BOUND('',#857,.T.);
#45=FACE_BOUND('',#860,.T.);
#46=FACE_BOUND('',#863,.T.);
#47=FACE_BOUND('',#866,.T.);
#48=FACE_BOUND('',#908,.T.);
#49=FACE_BOUND('',#909,.T.);
#50=FACE_BOUND('',#910,.T.);
#51=FACE_BOUND('',#911,.T.);
#52=FACE_BOUND('',#912,.T.);
#53=FACE_BOUND('',#913,.T.);
#54=FACE_BOUND('',#914,.T.);
#55=FACE_BOUND('',#915,.T.);
#56=FACE_BOUND('',#916,.T.);
#57=FACE_BOUND('',#917,.T.);
#58=FACE_BOUND('',#918,.T.);
#59=FACE_BOUND('',#919,.T.);
#60=FACE_BOUND('',#920,.T.);
#61=FACE_BOUND('',#922,.T.);
#62=FACE_BOUND('',#923,.T.);
#63=FACE_BOUND('',#924,.T.);
#64=FACE_BOUND('',#925,.T.);
#65=FACE_BOUND('',#926,.T.);
#66=FACE_BOUND('',#927,.T.);
#67=FACE_BOUND('',#928,.T.);
#68=FACE_BOUND('',#929,.T.);
#69=FACE_BOUND('',#930,.T.);
#70=FACE_BOUND('',#931,.T.);
#71=FACE_BOUND('',#932,.T.);
#72=FACE_BOUND('',#933,.T.);
#73=FACE_BOUND('',#934,.T.);
#74=FACE_BOUND('',#935,.T.);
#75=PLANE('',#6906);
#76=PLANE('',#6907);
#77=PLANE('',#6908);
#78=PLANE('',#6909);
#79=PLANE('',#6910);
#80=PLANE('',#6911);
#81=PLANE('',#6912);
#82=PLANE('',#6913);
#83=PLANE('',#6914);
#84=PLANE('',#6915);
#85=PLANE('',#6916);
#86=PLANE('',#6917);
#87=PLANE('',#6918);
#88=PLANE('',#6919);
#89=PLANE('',#6920);
#90=PLANE('',#6921);
#91=PLANE('',#6922);
#92=PLANE('',#6923);
#93=PLANE('',#6924);
#94=PLANE('',#6925);
#95=PLANE('',#6926);
#96=PLANE('',#6927);
#97=PLANE('',#6928);
#98=PLANE('',#6929);
#99=PLANE('',#6930);
#100=PLANE('',#6931);
#101=PLANE('',#6932);
#102=PLANE('',#6933);
#103=PLANE('',#6934);
#104=PLANE('',#6935);
#105=PLANE('',#6936);
#106=PLANE('',#6937);
#107=PLANE('',#6938);
#108=PLANE('',#6939);
#109=PLANE('',#6940);
#110=PLANE('',#6941);
#111=PLANE('',#6942);
#112=PLANE('',#6943);
#113=PLANE('',#6944);
#114=PLANE('',#6945);
#115=PLANE('',#6946);
#116=PLANE('',#6947);
#117=PLANE('',#6948);
#118=PLANE('',#6949);
#119=PLANE('',#6950);
#120=PLANE('',#6951);
#121=PLANE('',#6952);
#122=PLANE('',#6953);
#123=PLANE('',#6954);
#124=PLANE('',#6955);
#125=PLANE('',#6956);
#126=PLANE('',#6957);
#127=PLANE('',#6958);
#128=PLANE('',#6959);
#129=PLANE('',#6960);
#130=PLANE('',#6961);
#131=PLANE('',#6962);
#132=PLANE('',#6966);
#133=PLANE('',#6971);
#134=PLANE('',#6976);
#135=PLANE('',#6981);
#136=PLANE('',#6983);
#137=PLANE('',#6984);
#138=PLANE('',#6985);
#139=PLANE('',#6986);
#140=PLANE('',#6987);
#141=PLANE('',#6988);
#142=PLANE('',#6989);
#143=PLANE('',#6990);
#144=PLANE('',#6991);
#145=PLANE('',#6992);
#146=PLANE('',#6993);
#147=PLANE('',#6994);
#148=PLANE('',#6995);
#149=PLANE('',#6996);
#150=PLANE('',#6997);
#151=PLANE('',#6998);
#152=PLANE('',#6999);
#153=PLANE('',#7000);
#154=PLANE('',#7001);
#155=PLANE('',#7002);
#156=PLANE('',#7003);
#157=PLANE('',#7004);
#158=PLANE('',#7005);
#159=PLANE('',#7006);
#160=PLANE('',#7007);
#161=PLANE('',#7008);
#162=PLANE('',#7009);
#163=PLANE('',#7010);
#164=PLANE('',#7011);
#165=PLANE('',#7012);
#166=PLANE('',#7013);
#167=PLANE('',#7014);
#168=PLANE('',#7015);
#169=PLANE('',#7016);
#170=PLANE('',#7017);
#171=PLANE('',#7018);
#172=PLANE('',#7019);
#173=PLANE('',#7020);
#174=PLANE('',#7021);
#175=PLANE('',#7022);
#176=PLANE('',#7023);
#177=PLANE('',#7024);
#178=PLANE('',#7027);
#179=PLANE('',#7030);
#180=PLANE('',#7033);
#181=PLANE('',#7036);
#182=FACE_OUTER_BOUND('',#545,.T.);
#183=FACE_OUTER_BOUND('',#546,.T.);
#184=FACE_OUTER_BOUND('',#547,.T.);
#185=FACE_OUTER_BOUND('',#548,.T.);
#186=FACE_OUTER_BOUND('',#549,.T.);
#187=FACE_OUTER_BOUND('',#550,.T.);
#188=FACE_OUTER_BOUND('',#551,.T.);
#189=FACE_OUTER_BOUND('',#552,.T.);
#190=FACE_OUTER_BOUND('',#553,.T.);
#191=FACE_OUTER_BOUND('',#554,.T.);
#192=FACE_OUTER_BOUND('',#555,.T.);
#193=FACE_OUTER_BOUND('',#556,.T.);
#194=FACE_OUTER_BOUND('',#557,.T.);
#195=FACE_OUTER_BOUND('',#558,.T.);
#196=FACE_OUTER_BOUND('',#559,.T.);
#197=FACE_OUTER_BOUND('',#560,.T.);
#198=FACE_OUTER_BOUND('',#561,.T.);
#199=FACE_OUTER_BOUND('',#562,.T.);
#200=FACE_OUTER_BOUND('',#563,.T.);
#201=FACE_OUTER_BOUND('',#564,.T.);
#202=FACE_OUTER_BOUND('',#565,.T.);
#203=FACE_OUTER_BOUND('',#566,.T.);
#204=FACE_OUTER_BOUND('',#567,.T.);
#205=FACE_OUTER_BOUND('',#568,.T.);
#206=FACE_OUTER_BOUND('',#569,.T.);
#207=FACE_OUTER_BOUND('',#570,.T.);
#208=FACE_OUTER_BOUND('',#571,.T.);
#209=FACE_OUTER_BOUND('',#572,.T.);
#210=FACE_OUTER_BOUND('',#573,.T.);
#211=FACE_OUTER_BOUND('',#574,.T.);
#212=FACE_OUTER_BOUND('',#575,.T.);
#213=FACE_OUTER_BOUND('',#576,.T.);
#214=FACE_OUTER_BOUND('',#577,.T.);
#215=FACE_OUTER_BOUND('',#578,.T.);
#216=FACE_OUTER_BOUND('',#579,.T.);
#217=FACE_OUTER_BOUND('',#580,.T.);
#218=FACE_OUTER_BOUND('',#581,.T.);
#219=FACE_OUTER_BOUND('',#582,.T.);
#220=FACE_OUTER_BOUND('',#583,.T.);
#221=FACE_OUTER_BOUND('',#584,.T.);
#222=FACE_OUTER_BOUND('',#585,.T.);
#223=FACE_OUTER_BOUND('',#586,.T.);
#224=FACE_OUTER_BOUND('',#587,.T.);
#225=FACE_OUTER_BOUND('',#588,.T.);
#226=FACE_OUTER_BOUND('',#589,.T.);
#227=FACE_OUTER_BOUND('',#590,.T.);
#228=FACE_OUTER_BOUND('',#591,.T.);
#229=FACE_OUTER_BOUND('',#592,.T.);
#230=FACE_OUTER_BOUND('',#593,.T.);
#231=FACE_OUTER_BOUND('',#594,.T.);
#232=FACE_OUTER_BOUND('',#595,.T.);
#233=FACE_OUTER_BOUND('',#596,.T.);
#234=FACE_OUTER_BOUND('',#597,.T.);
#235=FACE_OUTER_BOUND('',#598,.T.);
#236=FACE_OUTER_BOUND('',#599,.T.);
#237=FACE_OUTER_BOUND('',#600,.T.);
#238=FACE_OUTER_BOUND('',#601,.T.);
#239=FACE_OUTER_BOUND('',#602,.T.);
#240=FACE_OUTER_BOUND('',#603,.T.);
#241=FACE_OUTER_BOUND('',#604,.T.);
#242=FACE_OUTER_BOUND('',#605,.T.);
#243=FACE_OUTER_BOUND('',#606,.T.);
#244=FACE_OUTER_BOUND('',#607,.T.);
#245=FACE_OUTER_BOUND('',#608,.T.);
#246=FACE_OUTER_BOUND('',#609,.T.);
#247=FACE_OUTER_BOUND('',#610,.T.);
#248=FACE_OUTER_BOUND('',#611,.T.);
#249=FACE_OUTER_BOUND('',#612,.T.);
#250=FACE_OUTER_BOUND('',#613,.T.);
#251=FACE_OUTER_BOUND('',#614,.T.);
#252=FACE_OUTER_BOUND('',#615,.T.);
#253=FACE_OUTER_BOUND('',#616,.T.);
#254=FACE_OUTER_BOUND('',#617,.T.);
#255=FACE_OUTER_BOUND('',#618,.T.);
#256=FACE_OUTER_BOUND('',#619,.T.);
#257=FACE_OUTER_BOUND('',#620,.T.);
#258=FACE_OUTER_BOUND('',#621,.T.);
#259=FACE_OUTER_BOUND('',#622,.T.);
#260=FACE_OUTER_BOUND('',#623,.T.);
#261=FACE_OUTER_BOUND('',#624,.T.);
#262=FACE_OUTER_BOUND('',#625,.T.);
#263=FACE_OUTER_BOUND('',#626,.T.);
#264=FACE_OUTER_BOUND('',#627,.T.);
#265=FACE_OUTER_BOUND('',#628,.T.);
#266=FACE_OUTER_BOUND('',#629,.T.);
#267=FACE_OUTER_BOUND('',#630,.T.);
#268=FACE_OUTER_BOUND('',#631,.T.);
#269=FACE_OUTER_BOUND('',#632,.T.);
#270=FACE_OUTER_BOUND('',#633,.T.);
#271=FACE_OUTER_BOUND('',#634,.T.);
#272=FACE_OUTER_BOUND('',#635,.T.);
#273=FACE_OUTER_BOUND('',#636,.T.);
#274=FACE_OUTER_BOUND('',#637,.T.);
#275=FACE_OUTER_BOUND('',#638,.T.);
#276=FACE_OUTER_BOUND('',#639,.T.);
#277=FACE_OUTER_BOUND('',#640,.T.);
#278=FACE_OUTER_BOUND('',#641,.T.);
#279=FACE_OUTER_BOUND('',#642,.T.);
#280=FACE_OUTER_BOUND('',#643,.T.);
#281=FACE_OUTER_BOUND('',#644,.T.);
#282=FACE_OUTER_BOUND('',#645,.T.);
#283=FACE_OUTER_BOUND('',#646,.T.);
#284=FACE_OUTER_BOUND('',#647,.T.);
#285=FACE_OUTER_BOUND('',#648,.T.);
#286=FACE_OUTER_BOUND('',#649,.T.);
#287=FACE_OUTER_BOUND('',#650,.T.);
#288=FACE_OUTER_BOUND('',#651,.T.);
#289=FACE_OUTER_BOUND('',#652,.T.);
#290=FACE_OUTER_BOUND('',#653,.T.);
#291=FACE_OUTER_BOUND('',#654,.T.);
#292=FACE_OUTER_BOUND('',#655,.T.);
#293=FACE_OUTER_BOUND('',#656,.T.);
#294=FACE_OUTER_BOUND('',#657,.T.);
#295=FACE_OUTER_BOUND('',#658,.T.);
#296=FACE_OUTER_BOUND('',#659,.T.);
#297=FACE_OUTER_BOUND('',#660,.T.);
#298=FACE_OUTER_BOUND('',#661,.T.);
#299=FACE_OUTER_BOUND('',#662,.T.);
#300=FACE_OUTER_BOUND('',#663,.T.);
#301=FACE_OUTER_BOUND('',#664,.T.);
#302=FACE_OUTER_BOUND('',#665,.T.);
#303=FACE_OUTER_BOUND('',#666,.T.);
#304=FACE_OUTER_BOUND('',#667,.T.);
#305=FACE_OUTER_BOUND('',#668,.T.);
#306=FACE_OUTER_BOUND('',#669,.T.);
#307=FACE_OUTER_BOUND('',#670,.T.);
#308=FACE_OUTER_BOUND('',#671,.T.);
#309=FACE_OUTER_BOUND('',#672,.T.);
#310=FACE_OUTER_BOUND('',#673,.T.);
#311=FACE_OUTER_BOUND('',#674,.T.);
#312=FACE_OUTER_BOUND('',#675,.T.);
#313=FACE_OUTER_BOUND('',#676,.T.);
#314=FACE_OUTER_BOUND('',#677,.T.);
#315=FACE_OUTER_BOUND('',#678,.T.);
#316=FACE_OUTER_BOUND('',#679,.T.);
#317=FACE_OUTER_BOUND('',#680,.T.);
#318=FACE_OUTER_BOUND('',#681,.T.);
#319=FACE_OUTER_BOUND('',#682,.T.);
#320=FACE_OUTER_BOUND('',#683,.T.);
#321=FACE_OUTER_BOUND('',#684,.T.);
#322=FACE_OUTER_BOUND('',#685,.T.);
#323=FACE_OUTER_BOUND('',#686,.T.);
#324=FACE_OUTER_BOUND('',#687,.T.);
#325=FACE_OUTER_BOUND('',#688,.T.);
#326=FACE_OUTER_BOUND('',#689,.T.);
#327=FACE_OUTER_BOUND('',#690,.T.);
#328=FACE_OUTER_BOUND('',#691,.T.);
#329=FACE_OUTER_BOUND('',#692,.T.);
#330=FACE_OUTER_BOUND('',#693,.T.);
#331=FACE_OUTER_BOUND('',#694,.T.);
#332=FACE_OUTER_BOUND('',#695,.T.);
#333=FACE_OUTER_BOUND('',#696,.T.);
#334=FACE_OUTER_BOUND('',#697,.T.);
#335=FACE_OUTER_BOUND('',#698,.T.);
#336=FACE_OUTER_BOUND('',#699,.T.);
#337=FACE_OUTER_BOUND('',#700,.T.);
#338=FACE_OUTER_BOUND('',#701,.T.);
#339=FACE_OUTER_BOUND('',#702,.T.);
#340=FACE_OUTER_BOUND('',#703,.T.);
#341=FACE_OUTER_BOUND('',#704,.T.);
#342=FACE_OUTER_BOUND('',#705,.T.);
#343=FACE_OUTER_BOUND('',#706,.T.);
#344=FACE_OUTER_BOUND('',#707,.T.);
#345=FACE_OUTER_BOUND('',#708,.T.);
#346=FACE_OUTER_BOUND('',#709,.T.);
#347=FACE_OUTER_BOUND('',#710,.T.);
#348=FACE_OUTER_BOUND('',#711,.T.);
#349=FACE_OUTER_BOUND('',#712,.T.);
#350=FACE_OUTER_BOUND('',#713,.T.);
#351=FACE_OUTER_BOUND('',#714,.T.);
#352=FACE_OUTER_BOUND('',#715,.T.);
#353=FACE_OUTER_BOUND('',#716,.T.);
#354=FACE_OUTER_BOUND('',#717,.T.);
#355=FACE_OUTER_BOUND('',#718,.T.);
#356=FACE_OUTER_BOUND('',#719,.T.);
#357=FACE_OUTER_BOUND('',#720,.T.);
#358=FACE_OUTER_BOUND('',#721,.T.);
#359=FACE_OUTER_BOUND('',#722,.T.);
#360=FACE_OUTER_BOUND('',#723,.T.);
#361=FACE_OUTER_BOUND('',#724,.T.);
#362=FACE_OUTER_BOUND('',#725,.T.);
#363=FACE_OUTER_BOUND('',#726,.T.);
#364=FACE_OUTER_BOUND('',#727,.T.);
#365=FACE_OUTER_BOUND('',#728,.T.);
#366=FACE_OUTER_BOUND('',#729,.T.);
#367=FACE_OUTER_BOUND('',#730,.T.);
#368=FACE_OUTER_BOUND('',#731,.T.);
#369=FACE_OUTER_BOUND('',#732,.T.);
#370=FACE_OUTER_BOUND('',#733,.T.);
#371=FACE_OUTER_BOUND('',#734,.T.);
#372=FACE_OUTER_BOUND('',#735,.T.);
#373=FACE_OUTER_BOUND('',#736,.T.);
#374=FACE_OUTER_BOUND('',#737,.T.);
#375=FACE_OUTER_BOUND('',#738,.T.);
#376=FACE_OUTER_BOUND('',#739,.T.);
#377=FACE_OUTER_BOUND('',#740,.T.);
#378=FACE_OUTER_BOUND('',#741,.T.);
#379=FACE_OUTER_BOUND('',#742,.T.);
#380=FACE_OUTER_BOUND('',#743,.T.);
#381=FACE_OUTER_BOUND('',#744,.T.);
#382=FACE_OUTER_BOUND('',#745,.T.);
#383=FACE_OUTER_BOUND('',#746,.T.);
#384=FACE_OUTER_BOUND('',#747,.T.);
#385=FACE_OUTER_BOUND('',#748,.T.);
#386=FACE_OUTER_BOUND('',#749,.T.);
#387=FACE_OUTER_BOUND('',#750,.T.);
#388=FACE_OUTER_BOUND('',#751,.T.);
#389=FACE_OUTER_BOUND('',#752,.T.);
#390=FACE_OUTER_BOUND('',#753,.T.);
#391=FACE_OUTER_BOUND('',#754,.T.);
#392=FACE_OUTER_BOUND('',#755,.T.);
#393=FACE_OUTER_BOUND('',#756,.T.);
#394=FACE_OUTER_BOUND('',#757,.T.);
#395=FACE_OUTER_BOUND('',#758,.T.);
#396=FACE_OUTER_BOUND('',#759,.T.);
#397=FACE_OUTER_BOUND('',#760,.T.);
#398=FACE_OUTER_BOUND('',#761,.T.);
#399=FACE_OUTER_BOUND('',#762,.T.);
#400=FACE_OUTER_BOUND('',#763,.T.);
#401=FACE_OUTER_BOUND('',#764,.T.);
#402=FACE_OUTER_BOUND('',#765,.T.);
#403=FACE_OUTER_BOUND('',#766,.T.);
#404=FACE_OUTER_BOUND('',#767,.T.);
#405=FACE_OUTER_BOUND('',#768,.T.);
#406=FACE_OUTER_BOUND('',#769,.T.);
#407=FACE_OUTER_BOUND('',#770,.T.);
#408=FACE_OUTER_BOUND('',#771,.T.);
#409=FACE_OUTER_BOUND('',#772,.T.);
#410=FACE_OUTER_BOUND('',#773,.T.);
#411=FACE_OUTER_BOUND('',#774,.T.);
#412=FACE_OUTER_BOUND('',#775,.T.);
#413=FACE_OUTER_BOUND('',#776,.T.);
#414=FACE_OUTER_BOUND('',#777,.T.);
#415=FACE_OUTER_BOUND('',#778,.T.);
#416=FACE_OUTER_BOUND('',#779,.T.);
#417=FACE_OUTER_BOUND('',#780,.T.);
#418=FACE_OUTER_BOUND('',#781,.T.);
#419=FACE_OUTER_BOUND('',#782,.T.);
#420=FACE_OUTER_BOUND('',#783,.T.);
#421=FACE_OUTER_BOUND('',#784,.T.);
#422=FACE_OUTER_BOUND('',#785,.T.);
#423=FACE_OUTER_BOUND('',#786,.T.);
#424=FACE_OUTER_BOUND('',#787,.T.);
#425=FACE_OUTER_BOUND('',#788,.T.);
#426=FACE_OUTER_BOUND('',#789,.T.);
#427=FACE_OUTER_BOUND('',#790,.T.);
#428=FACE_OUTER_BOUND('',#791,.T.);
#429=FACE_OUTER_BOUND('',#792,.T.);
#430=FACE_OUTER_BOUND('',#793,.T.);
#431=FACE_OUTER_BOUND('',#794,.T.);
#432=FACE_OUTER_BOUND('',#795,.T.);
#433=FACE_OUTER_BOUND('',#796,.T.);
#434=FACE_OUTER_BOUND('',#797,.T.);
#435=FACE_OUTER_BOUND('',#798,.T.);
#436=FACE_OUTER_BOUND('',#799,.T.);
#437=FACE_OUTER_BOUND('',#800,.T.);
#438=FACE_OUTER_BOUND('',#801,.T.);
#439=FACE_OUTER_BOUND('',#802,.T.);
#440=FACE_OUTER_BOUND('',#803,.T.);
#441=FACE_OUTER_BOUND('',#804,.T.);
#442=FACE_OUTER_BOUND('',#805,.T.);
#443=FACE_OUTER_BOUND('',#806,.T.);
#444=FACE_OUTER_BOUND('',#807,.T.);
#445=FACE_OUTER_BOUND('',#808,.T.);
#446=FACE_OUTER_BOUND('',#809,.T.);
#447=FACE_OUTER_BOUND('',#810,.T.);
#448=FACE_OUTER_BOUND('',#811,.T.);
#449=FACE_OUTER_BOUND('',#812,.T.);
#450=FACE_OUTER_BOUND('',#813,.T.);
#451=FACE_OUTER_BOUND('',#814,.T.);
#452=FACE_OUTER_BOUND('',#815,.T.);
#453=FACE_OUTER_BOUND('',#816,.T.);
#454=FACE_OUTER_BOUND('',#817,.T.);
#455=FACE_OUTER_BOUND('',#818,.T.);
#456=FACE_OUTER_BOUND('',#819,.T.);
#457=FACE_OUTER_BOUND('',#825,.T.);
#458=FACE_OUTER_BOUND('',#826,.T.);
#459=FACE_OUTER_BOUND('',#827,.T.);
#460=FACE_OUTER_BOUND('',#828,.T.);
#461=FACE_OUTER_BOUND('',#829,.T.);
#462=FACE_OUTER_BOUND('',#830,.T.);
#463=FACE_OUTER_BOUND('',#831,.T.);
#464=FACE_OUTER_BOUND('',#832,.T.);
#465=FACE_OUTER_BOUND('',#833,.T.);
#466=FACE_OUTER_BOUND('',#834,.T.);
#467=FACE_OUTER_BOUND('',#835,.T.);
#468=FACE_OUTER_BOUND('',#836,.T.);
#469=FACE_OUTER_BOUND('',#837,.T.);
#470=FACE_OUTER_BOUND('',#838,.T.);
#471=FACE_OUTER_BOUND('',#839,.T.);
#472=FACE_OUTER_BOUND('',#840,.T.);
#473=FACE_OUTER_BOUND('',#841,.T.);
#474=FACE_OUTER_BOUND('',#842,.T.);
#475=FACE_OUTER_BOUND('',#843,.T.);
#476=FACE_OUTER_BOUND('',#844,.T.);
#477=FACE_OUTER_BOUND('',#845,.T.);
#478=FACE_OUTER_BOUND('',#846,.T.);
#479=FACE_OUTER_BOUND('',#847,.T.);
#480=FACE_OUTER_BOUND('',#848,.T.);
#481=FACE_OUTER_BOUND('',#849,.T.);
#482=FACE_OUTER_BOUND('',#850,.T.);
#483=FACE_OUTER_BOUND('',#851,.T.);
#484=FACE_OUTER_BOUND('',#852,.T.);
#485=FACE_OUTER_BOUND('',#853,.T.);
#486=FACE_OUTER_BOUND('',#854,.T.);
#487=FACE_OUTER_BOUND('',#855,.T.);
#488=FACE_OUTER_BOUND('',#856,.T.);
#489=FACE_OUTER_BOUND('',#858,.T.);
#490=FACE_OUTER_BOUND('',#859,.T.);
#491=FACE_OUTER_BOUND('',#861,.T.);
#492=FACE_OUTER_BOUND('',#862,.T.);
#493=FACE_OUTER_BOUND('',#864,.T.);
#494=FACE_OUTER_BOUND('',#865,.T.);
#495=FACE_OUTER_BOUND('',#867,.T.);
#496=FACE_OUTER_BOUND('',#868,.T.);
#497=FACE_OUTER_BOUND('',#869,.T.);
#498=FACE_OUTER_BOUND('',#870,.T.);
#499=FACE_OUTER_BOUND('',#871,.T.);
#500=FACE_OUTER_BOUND('',#872,.T.);
#501=FACE_OUTER_BOUND('',#873,.T.);
#502=FACE_OUTER_BOUND('',#874,.T.);
#503=FACE_OUTER_BOUND('',#875,.T.);
#504=FACE_OUTER_BOUND('',#876,.T.);
#505=FACE_OUTER_BOUND('',#877,.T.);
#506=FACE_OUTER_BOUND('',#878,.T.);
#507=FACE_OUTER_BOUND('',#879,.T.);
#508=FACE_OUTER_BOUND('',#880,.T.);
#509=FACE_OUTER_BOUND('',#881,.T.);
#510=FACE_OUTER_BOUND('',#882,.T.);
#511=FACE_OUTER_BOUND('',#883,.T.);
#512=FACE_OUTER_BOUND('',#884,.T.);
#513=FACE_OUTER_BOUND('',#885,.T.);
#514=FACE_OUTER_BOUND('',#886,.T.);
#515=FACE_OUTER_BOUND('',#887,.T.);
#516=FACE_OUTER_BOUND('',#888,.T.);
#517=FACE_OUTER_BOUND('',#889,.T.);
#518=FACE_OUTER_BOUND('',#890,.T.);
#519=FACE_OUTER_BOUND('',#891,.T.);
#520=FACE_OUTER_BOUND('',#892,.T.);
#521=FACE_OUTER_BOUND('',#893,.T.);
#522=FACE_OUTER_BOUND('',#894,.T.);
#523=FACE_OUTER_BOUND('',#895,.T.);
#524=FACE_OUTER_BOUND('',#896,.T.);
#525=FACE_OUTER_BOUND('',#897,.T.);
#526=FACE_OUTER_BOUND('',#898,.T.);
#527=FACE_OUTER_BOUND('',#899,.T.);
#528=FACE_OUTER_BOUND('',#900,.T.);
#529=FACE_OUTER_BOUND('',#901,.T.);
#530=FACE_OUTER_BOUND('',#902,.T.);
#531=FACE_OUTER_BOUND('',#903,.T.);
#532=FACE_OUTER_BOUND('',#904,.T.);
#533=FACE_OUTER_BOUND('',#905,.T.);
#534=FACE_OUTER_BOUND('',#906,.T.);
#535=FACE_OUTER_BOUND('',#907,.T.);
#536=FACE_OUTER_BOUND('',#921,.T.);
#537=FACE_OUTER_BOUND('',#936,.T.);
#538=FACE_OUTER_BOUND('',#937,.T.);
#539=FACE_OUTER_BOUND('',#938,.T.);
#540=FACE_OUTER_BOUND('',#939,.T.);
#541=FACE_OUTER_BOUND('',#940,.T.);
#542=FACE_OUTER_BOUND('',#941,.T.);
#543=FACE_OUTER_BOUND('',#942,.T.);
#544=FACE_OUTER_BOUND('',#943,.T.);
#545=EDGE_LOOP('',(#4211,#4212,#4213,#4214));
#546=EDGE_LOOP('',(#4215,#4216,#4217,#4218));
#547=EDGE_LOOP('',(#4219,#4220,#4221,#4222));
#548=EDGE_LOOP('',(#4223,#4224,#4225,#4226));
#549=EDGE_LOOP('',(#4227,#4228,#4229,#4230));
#550=EDGE_LOOP('',(#4231,#4232,#4233,#4234));
#551=EDGE_LOOP('',(#4235,#4236,#4237,#4238));
#552=EDGE_LOOP('',(#4239,#4240,#4241,#4242));
#553=EDGE_LOOP('',(#4243,#4244,#4245,#4246));
#554=EDGE_LOOP('',(#4247,#4248,#4249,#4250));
#555=EDGE_LOOP('',(#4251,#4252,#4253,#4254));
#556=EDGE_LOOP('',(#4255,#4256,#4257,#4258));
#557=EDGE_LOOP('',(#4259,#4260,#4261,#4262));
#558=EDGE_LOOP('',(#4263,#4264,#4265,#4266));
#559=EDGE_LOOP('',(#4267,#4268,#4269,#4270));
#560=EDGE_LOOP('',(#4271,#4272,#4273,#4274));
#561=EDGE_LOOP('',(#4275,#4276,#4277,#4278));
#562=EDGE_LOOP('',(#4279,#4280,#4281,#4282));
#563=EDGE_LOOP('',(#4283,#4284,#4285,#4286));
#564=EDGE_LOOP('',(#4287,#4288,#4289,#4290));
#565=EDGE_LOOP('',(#4291,#4292,#4293,#4294));
#566=EDGE_LOOP('',(#4295,#4296,#4297,#4298));
#567=EDGE_LOOP('',(#4299,#4300,#4301,#4302));
#568=EDGE_LOOP('',(#4303,#4304,#4305,#4306));
#569=EDGE_LOOP('',(#4307,#4308,#4309,#4310));
#570=EDGE_LOOP('',(#4311,#4312,#4313,#4314));
#571=EDGE_LOOP('',(#4315,#4316,#4317,#4318));
#572=EDGE_LOOP('',(#4319,#4320,#4321,#4322));
#573=EDGE_LOOP('',(#4323,#4324,#4325,#4326));
#574=EDGE_LOOP('',(#4327,#4328,#4329,#4330));
#575=EDGE_LOOP('',(#4331,#4332,#4333,#4334));
#576=EDGE_LOOP('',(#4335,#4336,#4337,#4338));
#577=EDGE_LOOP('',(#4339,#4340,#4341,#4342));
#578=EDGE_LOOP('',(#4343,#4344,#4345,#4346));
#579=EDGE_LOOP('',(#4347,#4348,#4349,#4350));
#580=EDGE_LOOP('',(#4351,#4352,#4353,#4354));
#581=EDGE_LOOP('',(#4355,#4356,#4357,#4358));
#582=EDGE_LOOP('',(#4359,#4360,#4361,#4362));
#583=EDGE_LOOP('',(#4363,#4364,#4365,#4366));
#584=EDGE_LOOP('',(#4367,#4368,#4369,#4370));
#585=EDGE_LOOP('',(#4371,#4372,#4373,#4374));
#586=EDGE_LOOP('',(#4375,#4376,#4377,#4378));
#587=EDGE_LOOP('',(#4379,#4380,#4381,#4382));
#588=EDGE_LOOP('',(#4383,#4384,#4385,#4386));
#589=EDGE_LOOP('',(#4387,#4388,#4389,#4390));
#590=EDGE_LOOP('',(#4391,#4392,#4393,#4394));
#591=EDGE_LOOP('',(#4395,#4396,#4397,#4398));
#592=EDGE_LOOP('',(#4399,#4400,#4401,#4402));
#593=EDGE_LOOP('',(#4403,#4404,#4405,#4406));
#594=EDGE_LOOP('',(#4407,#4408,#4409,#4410));
#595=EDGE_LOOP('',(#4411,#4412,#4413,#4414));
#596=EDGE_LOOP('',(#4415,#4416,#4417,#4418));
#597=EDGE_LOOP('',(#4419,#4420,#4421,#4422));
#598=EDGE_LOOP('',(#4423,#4424,#4425,#4426));
#599=EDGE_LOOP('',(#4427,#4428,#4429,#4430));
#600=EDGE_LOOP('',(#4431,#4432,#4433,#4434));
#601=EDGE_LOOP('',(#4435,#4436,#4437,#4438));
#602=EDGE_LOOP('',(#4439,#4440,#4441,#4442));
#603=EDGE_LOOP('',(#4443,#4444,#4445,#4446));
#604=EDGE_LOOP('',(#4447,#4448,#4449,#4450));
#605=EDGE_LOOP('',(#4451,#4452,#4453,#4454));
#606=EDGE_LOOP('',(#4455,#4456,#4457,#4458));
#607=EDGE_LOOP('',(#4459,#4460,#4461,#4462));
#608=EDGE_LOOP('',(#4463,#4464,#4465,#4466));
#609=EDGE_LOOP('',(#4467,#4468,#4469,#4470));
#610=EDGE_LOOP('',(#4471,#4472,#4473,#4474));
#611=EDGE_LOOP('',(#4475,#4476,#4477,#4478));
#612=EDGE_LOOP('',(#4479,#4480,#4481,#4482));
#613=EDGE_LOOP('',(#4483,#4484,#4485,#4486));
#614=EDGE_LOOP('',(#4487,#4488,#4489,#4490));
#615=EDGE_LOOP('',(#4491,#4492,#4493,#4494));
#616=EDGE_LOOP('',(#4495,#4496,#4497,#4498));
#617=EDGE_LOOP('',(#4499,#4500,#4501,#4502));
#618=EDGE_LOOP('',(#4503,#4504,#4505,#4506));
#619=EDGE_LOOP('',(#4507,#4508,#4509,#4510));
#620=EDGE_LOOP('',(#4511,#4512,#4513,#4514));
#621=EDGE_LOOP('',(#4515,#4516,#4517,#4518));
#622=EDGE_LOOP('',(#4519,#4520,#4521,#4522));
#623=EDGE_LOOP('',(#4523,#4524,#4525,#4526));
#624=EDGE_LOOP('',(#4527,#4528,#4529,#4530));
#625=EDGE_LOOP('',(#4531,#4532,#4533,#4534));
#626=EDGE_LOOP('',(#4535,#4536,#4537,#4538));
#627=EDGE_LOOP('',(#4539,#4540,#4541,#4542));
#628=EDGE_LOOP('',(#4543,#4544,#4545,#4546));
#629=EDGE_LOOP('',(#4547,#4548,#4549,#4550));
#630=EDGE_LOOP('',(#4551,#4552,#4553,#4554));
#631=EDGE_LOOP('',(#4555,#4556,#4557,#4558));
#632=EDGE_LOOP('',(#4559,#4560,#4561,#4562));
#633=EDGE_LOOP('',(#4563,#4564,#4565,#4566));
#634=EDGE_LOOP('',(#4567,#4568,#4569,#4570));
#635=EDGE_LOOP('',(#4571,#4572,#4573,#4574));
#636=EDGE_LOOP('',(#4575,#4576,#4577,#4578));
#637=EDGE_LOOP('',(#4579,#4580,#4581,#4582));
#638=EDGE_LOOP('',(#4583,#4584,#4585,#4586));
#639=EDGE_LOOP('',(#4587,#4588,#4589,#4590));
#640=EDGE_LOOP('',(#4591,#4592,#4593,#4594));
#641=EDGE_LOOP('',(#4595,#4596,#4597,#4598));
#642=EDGE_LOOP('',(#4599,#4600,#4601,#4602));
#643=EDGE_LOOP('',(#4603,#4604,#4605,#4606));
#644=EDGE_LOOP('',(#4607,#4608,#4609,#4610));
#645=EDGE_LOOP('',(#4611,#4612,#4613,#4614));
#646=EDGE_LOOP('',(#4615,#4616,#4617,#4618));
#647=EDGE_LOOP('',(#4619,#4620,#4621,#4622));
#648=EDGE_LOOP('',(#4623,#4624,#4625,#4626));
#649=EDGE_LOOP('',(#4627,#4628,#4629,#4630));
#650=EDGE_LOOP('',(#4631,#4632,#4633,#4634));
#651=EDGE_LOOP('',(#4635,#4636,#4637,#4638));
#652=EDGE_LOOP('',(#4639,#4640,#4641,#4642));
#653=EDGE_LOOP('',(#4643,#4644,#4645,#4646));
#654=EDGE_LOOP('',(#4647,#4648,#4649,#4650));
#655=EDGE_LOOP('',(#4651,#4652,#4653,#4654));
#656=EDGE_LOOP('',(#4655,#4656,#4657,#4658));
#657=EDGE_LOOP('',(#4659,#4660,#4661,#4662));
#658=EDGE_LOOP('',(#4663,#4664,#4665,#4666));
#659=EDGE_LOOP('',(#4667,#4668,#4669,#4670));
#660=EDGE_LOOP('',(#4671,#4672,#4673,#4674));
#661=EDGE_LOOP('',(#4675,#4676,#4677,#4678));
#662=EDGE_LOOP('',(#4679,#4680,#4681,#4682));
#663=EDGE_LOOP('',(#4683,#4684,#4685,#4686));
#664=EDGE_LOOP('',(#4687,#4688,#4689,#4690));
#665=EDGE_LOOP('',(#4691,#4692,#4693,#4694));
#666=EDGE_LOOP('',(#4695,#4696,#4697,#4698));
#667=EDGE_LOOP('',(#4699,#4700,#4701,#4702));
#668=EDGE_LOOP('',(#4703,#4704,#4705,#4706));
#669=EDGE_LOOP('',(#4707,#4708,#4709,#4710));
#670=EDGE_LOOP('',(#4711,#4712,#4713,#4714));
#671=EDGE_LOOP('',(#4715,#4716,#4717,#4718));
#672=EDGE_LOOP('',(#4719,#4720,#4721,#4722));
#673=EDGE_LOOP('',(#4723,#4724,#4725,#4726));
#674=EDGE_LOOP('',(#4727,#4728,#4729,#4730));
#675=EDGE_LOOP('',(#4731,#4732,#4733,#4734));
#676=EDGE_LOOP('',(#4735,#4736,#4737,#4738));
#677=EDGE_LOOP('',(#4739,#4740,#4741,#4742));
#678=EDGE_LOOP('',(#4743,#4744,#4745,#4746));
#679=EDGE_LOOP('',(#4747,#4748,#4749,#4750));
#680=EDGE_LOOP('',(#4751,#4752,#4753,#4754));
#681=EDGE_LOOP('',(#4755,#4756,#4757,#4758));
#682=EDGE_LOOP('',(#4759,#4760,#4761,#4762));
#683=EDGE_LOOP('',(#4763,#4764,#4765,#4766));
#684=EDGE_LOOP('',(#4767,#4768,#4769,#4770));
#685=EDGE_LOOP('',(#4771,#4772,#4773,#4774));
#686=EDGE_LOOP('',(#4775,#4776,#4777,#4778));
#687=EDGE_LOOP('',(#4779,#4780,#4781,#4782));
#688=EDGE_LOOP('',(#4783,#4784,#4785,#4786));
#689=EDGE_LOOP('',(#4787,#4788,#4789,#4790));
#690=EDGE_LOOP('',(#4791,#4792,#4793,#4794));
#691=EDGE_LOOP('',(#4795,#4796,#4797,#4798));
#692=EDGE_LOOP('',(#4799,#4800,#4801,#4802));
#693=EDGE_LOOP('',(#4803,#4804,#4805,#4806));
#694=EDGE_LOOP('',(#4807,#4808,#4809,#4810));
#695=EDGE_LOOP('',(#4811,#4812,#4813,#4814));
#696=EDGE_LOOP('',(#4815,#4816,#4817,#4818));
#697=EDGE_LOOP('',(#4819,#4820,#4821,#4822));
#698=EDGE_LOOP('',(#4823,#4824,#4825,#4826));
#699=EDGE_LOOP('',(#4827,#4828,#4829,#4830));
#700=EDGE_LOOP('',(#4831,#4832,#4833,#4834));
#701=EDGE_LOOP('',(#4835,#4836,#4837,#4838));
#702=EDGE_LOOP('',(#4839,#4840,#4841,#4842));
#703=EDGE_LOOP('',(#4843,#4844,#4845,#4846));
#704=EDGE_LOOP('',(#4847,#4848,#4849,#4850));
#705=EDGE_LOOP('',(#4851,#4852,#4853,#4854));
#706=EDGE_LOOP('',(#4855,#4856,#4857,#4858));
#707=EDGE_LOOP('',(#4859,#4860,#4861,#4862));
#708=EDGE_LOOP('',(#4863,#4864,#4865,#4866));
#709=EDGE_LOOP('',(#4867,#4868,#4869,#4870));
#710=EDGE_LOOP('',(#4871,#4872,#4873,#4874));
#711=EDGE_LOOP('',(#4875,#4876,#4877,#4878));
#712=EDGE_LOOP('',(#4879,#4880,#4881,#4882));
#713=EDGE_LOOP('',(#4883,#4884,#4885,#4886));
#714=EDGE_LOOP('',(#4887,#4888,#4889,#4890));
#715=EDGE_LOOP('',(#4891,#4892,#4893,#4894));
#716=EDGE_LOOP('',(#4895,#4896,#4897,#4898));
#717=EDGE_LOOP('',(#4899,#4900,#4901,#4902));
#718=EDGE_LOOP('',(#4903,#4904,#4905,#4906));
#719=EDGE_LOOP('',(#4907,#4908,#4909,#4910));
#720=EDGE_LOOP('',(#4911,#4912,#4913,#4914));
#721=EDGE_LOOP('',(#4915,#4916,#4917,#4918));
#722=EDGE_LOOP('',(#4919,#4920,#4921,#4922));
#723=EDGE_LOOP('',(#4923,#4924,#4925,#4926));
#724=EDGE_LOOP('',(#4927,#4928,#4929,#4930));
#725=EDGE_LOOP('',(#4931,#4932,#4933,#4934));
#726=EDGE_LOOP('',(#4935,#4936,#4937,#4938));
#727=EDGE_LOOP('',(#4939,#4940,#4941,#4942));
#728=EDGE_LOOP('',(#4943,#4944,#4945,#4946));
#729=EDGE_LOOP('',(#4947,#4948,#4949,#4950));
#730=EDGE_LOOP('',(#4951,#4952,#4953,#4954));
#731=EDGE_LOOP('',(#4955,#4956,#4957,#4958));
#732=EDGE_LOOP('',(#4959,#4960,#4961,#4962));
#733=EDGE_LOOP('',(#4963,#4964,#4965,#4966));
#734=EDGE_LOOP('',(#4967,#4968,#4969,#4970));
#735=EDGE_LOOP('',(#4971,#4972,#4973,#4974));
#736=EDGE_LOOP('',(#4975,#4976,#4977,#4978));
#737=EDGE_LOOP('',(#4979,#4980,#4981,#4982));
#738=EDGE_LOOP('',(#4983,#4984,#4985,#4986));
#739=EDGE_LOOP('',(#4987,#4988,#4989,#4990));
#740=EDGE_LOOP('',(#4991,#4992,#4993,#4994));
#741=EDGE_LOOP('',(#4995,#4996,#4997,#4998));
#742=EDGE_LOOP('',(#4999,#5000,#5001,#5002));
#743=EDGE_LOOP('',(#5003,#5004,#5005,#5006));
#744=EDGE_LOOP('',(#5007,#5008,#5009,#5010));
#745=EDGE_LOOP('',(#5011,#5012,#5013,#5014));
#746=EDGE_LOOP('',(#5015,#5016,#5017,#5018));
#747=EDGE_LOOP('',(#5019,#5020,#5021,#5022));
#748=EDGE_LOOP('',(#5023,#5024,#5025,#5026));
#749=EDGE_LOOP('',(#5027,#5028,#5029,#5030));
#750=EDGE_LOOP('',(#5031,#5032,#5033,#5034));
#751=EDGE_LOOP('',(#5035,#5036,#5037,#5038));
#752=EDGE_LOOP('',(#5039,#5040,#5041,#5042));
#753=EDGE_LOOP('',(#5043,#5044,#5045,#5046));
#754=EDGE_LOOP('',(#5047,#5048,#5049,#5050));
#755=EDGE_LOOP('',(#5051,#5052,#5053,#5054));
#756=EDGE_LOOP('',(#5055,#5056,#5057,#5058));
#757=EDGE_LOOP('',(#5059,#5060,#5061,#5062));
#758=EDGE_LOOP('',(#5063,#5064,#5065,#5066));
#759=EDGE_LOOP('',(#5067,#5068,#5069,#5070));
#760=EDGE_LOOP('',(#5071,#5072,#5073,#5074));
#761=EDGE_LOOP('',(#5075,#5076,#5077,#5078));
#762=EDGE_LOOP('',(#5079,#5080,#5081,#5082));
#763=EDGE_LOOP('',(#5083,#5084,#5085,#5086));
#764=EDGE_LOOP('',(#5087,#5088,#5089,#5090));
#765=EDGE_LOOP('',(#5091,#5092,#5093,#5094));
#766=EDGE_LOOP('',(#5095,#5096,#5097,#5098));
#767=EDGE_LOOP('',(#5099,#5100,#5101,#5102));
#768=EDGE_LOOP('',(#5103,#5104,#5105,#5106));
#769=EDGE_LOOP('',(#5107,#5108,#5109,#5110));
#770=EDGE_LOOP('',(#5111,#5112,#5113,#5114));
#771=EDGE_LOOP('',(#5115,#5116,#5117,#5118));
#772=EDGE_LOOP('',(#5119,#5120,#5121,#5122));
#773=EDGE_LOOP('',(#5123,#5124,#5125,#5126));
#774=EDGE_LOOP('',(#5127,#5128,#5129,#5130));
#775=EDGE_LOOP('',(#5131,#5132,#5133,#5134));
#776=EDGE_LOOP('',(#5135,#5136,#5137,#5138));
#777=EDGE_LOOP('',(#5139,#5140,#5141,#5142));
#778=EDGE_LOOP('',(#5143,#5144,#5145,#5146));
#779=EDGE_LOOP('',(#5147,#5148,#5149,#5150));
#780=EDGE_LOOP('',(#5151,#5152,#5153,#5154));
#781=EDGE_LOOP('',(#5155,#5156,#5157,#5158));
#782=EDGE_LOOP('',(#5159,#5160,#5161,#5162));
#783=EDGE_LOOP('',(#5163,#5164,#5165,#5166));
#784=EDGE_LOOP('',(#5167,#5168,#5169,#5170));
#785=EDGE_LOOP('',(#5171,#5172,#5173,#5174));
#786=EDGE_LOOP('',(#5175,#5176,#5177,#5178));
#787=EDGE_LOOP('',(#5179,#5180,#5181,#5182));
#788=EDGE_LOOP('',(#5183,#5184,#5185,#5186));
#789=EDGE_LOOP('',(#5187,#5188,#5189,#5190));
#790=EDGE_LOOP('',(#5191,#5192,#5193,#5194));
#791=EDGE_LOOP('',(#5195,#5196,#5197,#5198));
#792=EDGE_LOOP('',(#5199,#5200,#5201,#5202));
#793=EDGE_LOOP('',(#5203,#5204,#5205,#5206));
#794=EDGE_LOOP('',(#5207,#5208,#5209,#5210));
#795=EDGE_LOOP('',(#5211,#5212,#5213,#5214));
#796=EDGE_LOOP('',(#5215,#5216,#5217,#5218));
#797=EDGE_LOOP('',(#5219,#5220,#5221,#5222));
#798=EDGE_LOOP('',(#5223,#5224,#5225,#5226));
#799=EDGE_LOOP('',(#5227,#5228,#5229,#5230));
#800=EDGE_LOOP('',(#5231,#5232,#5233,#5234));
#801=EDGE_LOOP('',(#5235,#5236,#5237,#5238));
#802=EDGE_LOOP('',(#5239,#5240,#5241,#5242));
#803=EDGE_LOOP('',(#5243,#5244,#5245,#5246));
#804=EDGE_LOOP('',(#5247,#5248,#5249,#5250));
#805=EDGE_LOOP('',(#5251,#5252,#5253,#5254));
#806=EDGE_LOOP('',(#5255,#5256,#5257,#5258));
#807=EDGE_LOOP('',(#5259,#5260,#5261,#5262));
#808=EDGE_LOOP('',(#5263,#5264,#5265,#5266));
#809=EDGE_LOOP('',(#5267,#5268,#5269,#5270));
#810=EDGE_LOOP('',(#5271,#5272,#5273,#5274));
#811=EDGE_LOOP('',(#5275,#5276,#5277,#5278));
#812=EDGE_LOOP('',(#5279,#5280,#5281,#5282));
#813=EDGE_LOOP('',(#5283,#5284,#5285,#5286));
#814=EDGE_LOOP('',(#5287,#5288,#5289,#5290));
#815=EDGE_LOOP('',(#5291,#5292,#5293,#5294));
#816=EDGE_LOOP('',(#5295,#5296,#5297,#5298));
#817=EDGE_LOOP('',(#5299,#5300,#5301,#5302));
#818=EDGE_LOOP('',(#5303,#5304,#5305,#5306));
#819=EDGE_LOOP('',(#5307,#5308,#5309,#5310,#5311,#5312,#5313,#5314,#5315,
#5316,#5317,#5318,#5319,#5320,#5321,#5322,#5323,#5324,#5325,#5326,#5327,
#5328,#5329,#5330,#5331,#5332,#5333,#5334,#5335,#5336,#5337,#5338,#5339,
#5340,#5341,#5342,#5343,#5344,#5345,#5346,#5347,#5348,#5349,#5350,#5351,
#5352,#5353,#5354,#5355,#5356,#5357,#5358,#5359,#5360,#5361,#5362,#5363,
#5364,#5365,#5366,#5367,#5368,#5369,#5370,#5371,#5372,#5373,#5374,#5375,
#5376,#5377,#5378,#5379,#5380,#5381,#5382,#5383,#5384,#5385,#5386,#5387,
#5388,#5389,#5390,#5391,#5392,#5393,#5394,#5395,#5396,#5397,#5398,#5399,
#5400,#5401,#5402,#5403,#5404,#5405,#5406,#5407,#5408,#5409,#5410,#5411,
#5412,#5413,#5414,#5415,#5416,#5417,#5418,#5419,#5420,#5421,#5422,#5423,
#5424,#5425,#5426,#5427,#5428,#5429,#5430,#5431,#5432,#5433,#5434,#5435,
#5436,#5437,#5438,#5439,#5440,#5441,#5442,#5443,#5444,#5445,#5446,#5447,
#5448,#5449,#5450,#5451,#5452,#5453,#5454,#5455,#5456,#5457,#5458,#5459,
#5460,#5461,#5462,#5463,#5464,#5465,#5466,#5467,#5468,#5469,#5470,#5471,
#5472,#5473,#5474,#5475,#5476,#5477,#5478,#5479,#5480,#5481,#5482,#5483,
#5484,#5485,#5486,#5487,#5488,#5489,#5490,#5491,#5492,#5493,#5494,#5495,
#5496,#5497,#5498,#5499,#5500,#5501,#5502,#5503,#5504,#5505,#5506,#5507,
#5508,#5509,#5510,#5511,#5512,#5513,#5514,#5515,#5516,#5517,#5518,#5519,
#5520,#5521,#5522,#5523,#5524,#5525,#5526,#5527,#5528,#5529,#5530,#5531,
#5532,#5533,#5534,#5535,#5536,#5537,#5538,#5539,#5540,#5541,#5542,#5543,
#5544));
#820=EDGE_LOOP('',(#5545,#5546,#5547,#5548,#5549));
#821=EDGE_LOOP('',(#5550,#5551,#5552,#5553,#5554));
#822=EDGE_LOOP('',(#5555,#5556,#5557,#5558,#5559,#5560,#5561,#5562,#5563,
#5564,#5565,#5566,#5567));
#823=EDGE_LOOP('',(#5568,#5569,#5570,#5571,#5572));
#824=EDGE_LOOP('',(#5573,#5574,#5575,#5576,#5577,#5578,#5579,#5580));
#825=EDGE_LOOP('',(#5581,#5582,#5583,#5584));
#826=EDGE_LOOP('',(#5585,#5586,#5587,#5588));
#827=EDGE_LOOP('',(#5589,#5590,#5591,#5592));
#828=EDGE_LOOP('',(#5593,#5594,#5595,#5596));
#829=EDGE_LOOP('',(#5597,#5598,#5599,#5600));
#830=EDGE_LOOP('',(#5601,#5602,#5603,#5604));
#831=EDGE_LOOP('',(#5605,#5606,#5607,#5608));
#832=EDGE_LOOP('',(#5609,#5610,#5611,#5612));
#833=EDGE_LOOP('',(#5613,#5614,#5615,#5616));
#834=EDGE_LOOP('',(#5617,#5618,#5619,#5620));
#835=EDGE_LOOP('',(#5621,#5622,#5623,#5624));
#836=EDGE_LOOP('',(#5625,#5626,#5627,#5628));
#837=EDGE_LOOP('',(#5629,#5630,#5631,#5632));
#838=EDGE_LOOP('',(#5633,#5634,#5635,#5636,#5637,#5638,#5639,#5640,#5641,
#5642,#5643,#5644,#5645));
#839=EDGE_LOOP('',(#5646,#5647,#5648,#5649));
#840=EDGE_LOOP('',(#5650,#5651,#5652,#5653));
#841=EDGE_LOOP('',(#5654,#5655,#5656,#5657));
#842=EDGE_LOOP('',(#5658,#5659,#5660,#5661));
#843=EDGE_LOOP('',(#5662,#5663,#5664,#5665));
#844=EDGE_LOOP('',(#5666,#5667,#5668,#5669));
#845=EDGE_LOOP('',(#5670,#5671,#5672,#5673,#5674,#5675));
#846=EDGE_LOOP('',(#5676,#5677,#5678,#5679,#5680));
#847=EDGE_LOOP('',(#5681,#5682,#5683,#5684,#5685));
#848=EDGE_LOOP('',(#5686,#5687,#5688,#5689,#5690,#5691,#5692,#5693,#5694,
#5695,#5696,#5697,#5698));
#849=EDGE_LOOP('',(#5699,#5700,#5701,#5702,#5703));
#850=EDGE_LOOP('',(#5704,#5705,#5706,#5707,#5708,#5709,#5710,#5711));
#851=EDGE_LOOP('',(#5712,#5713,#5714,#5715));
#852=EDGE_LOOP('',(#5716,#5717,#5718,#5719));
#853=EDGE_LOOP('',(#5720,#5721,#5722,#5723));
#854=EDGE_LOOP('',(#5724,#5725,#5726,#5727));
#855=EDGE_LOOP('',(#5728,#5729,#5730,#5731));
#856=EDGE_LOOP('',(#5732));
#857=EDGE_LOOP('',(#5733));
#858=EDGE_LOOP('',(#5734,#5735,#5736,#5737));
#859=EDGE_LOOP('',(#5738));
#860=EDGE_LOOP('',(#5739));
#861=EDGE_LOOP('',(#5740,#5741,#5742,#5743));
#862=EDGE_LOOP('',(#5744));
#863=EDGE_LOOP('',(#5745));
#864=EDGE_LOOP('',(#5746,#5747,#5748,#5749));
#865=EDGE_LOOP('',(#5750));
#866=EDGE_LOOP('',(#5751));
#867=EDGE_LOOP('',(#5752,#5753,#5754,#5755));
#868=EDGE_LOOP('',(#5756,#5757,#5758,#5759));
#869=EDGE_LOOP('',(#5760,#5761,#5762,#5763));
#870=EDGE_LOOP('',(#5764,#5765,#5766,#5767));
#871=EDGE_LOOP('',(#5768,#5769,#5770,#5771));
#872=EDGE_LOOP('',(#5772,#5773,#5774,#5775));
#873=EDGE_LOOP('',(#5776,#5777,#5778,#5779));
#874=EDGE_LOOP('',(#5780,#5781,#5782,#5783));
#875=EDGE_LOOP('',(#5784,#5785,#5786,#5787));
#876=EDGE_LOOP('',(#5788,#5789,#5790,#5791));
#877=EDGE_LOOP('',(#5792,#5793,#5794,#5795));
#878=EDGE_LOOP('',(#5796,#5797,#5798,#5799));
#879=EDGE_LOOP('',(#5800,#5801,#5802,#5803));
#880=EDGE_LOOP('',(#5804,#5805,#5806,#5807));
#881=EDGE_LOOP('',(#5808,#5809,#5810,#5811));
#882=EDGE_LOOP('',(#5812,#5813,#5814,#5815));
#883=EDGE_LOOP('',(#5816,#5817,#5818,#5819));
#884=EDGE_LOOP('',(#5820,#5821,#5822,#5823));
#885=EDGE_LOOP('',(#5824,#5825,#5826,#5827));
#886=EDGE_LOOP('',(#5828,#5829,#5830,#5831));
#887=EDGE_LOOP('',(#5832,#5833,#5834,#5835));
#888=EDGE_LOOP('',(#5836,#5837,#5838,#5839));
#889=EDGE_LOOP('',(#5840,#5841,#5842,#5843));
#890=EDGE_LOOP('',(#5844,#5845,#5846,#5847));
#891=EDGE_LOOP('',(#5848,#5849,#5850,#5851));
#892=EDGE_LOOP('',(#5852,#5853,#5854,#5855));
#893=EDGE_LOOP('',(#5856,#5857,#5858,#5859));
#894=EDGE_LOOP('',(#5860,#5861,#5862,#5863));
#895=EDGE_LOOP('',(#5864,#5865,#5866,#5867));
#896=EDGE_LOOP('',(#5868,#5869,#5870,#5871));
#897=EDGE_LOOP('',(#5872,#5873,#5874,#5875));
#898=EDGE_LOOP('',(#5876,#5877,#5878,#5879));
#899=EDGE_LOOP('',(#5880,#5881,#5882,#5883));
#900=EDGE_LOOP('',(#5884,#5885,#5886,#5887));
#901=EDGE_LOOP('',(#5888,#5889,#5890,#5891));
#902=EDGE_LOOP('',(#5892,#5893,#5894,#5895));
#903=EDGE_LOOP('',(#5896,#5897,#5898,#5899));
#904=EDGE_LOOP('',(#5900,#5901,#5902,#5903));
#905=EDGE_LOOP('',(#5904,#5905,#5906,#5907));
#906=EDGE_LOOP('',(#5908,#5909,#5910,#5911));
#907=EDGE_LOOP('',(#5912,#5913,#5914,#5915));
#908=EDGE_LOOP('',(#5916,#5917,#5918,#5919));
#909=EDGE_LOOP('',(#5920,#5921,#5922,#5923));
#910=EDGE_LOOP('',(#5924,#5925,#5926,#5927));
#911=EDGE_LOOP('',(#5928,#5929,#5930,#5931));
#912=EDGE_LOOP('',(#5932,#5933,#5934,#5935));
#913=EDGE_LOOP('',(#5936,#5937,#5938,#5939));
#914=EDGE_LOOP('',(#5940,#5941,#5942,#5943));
#915=EDGE_LOOP('',(#5944,#5945,#5946,#5947));
#916=EDGE_LOOP('',(#5948,#5949,#5950,#5951));
#917=EDGE_LOOP('',(#5952,#5953,#5954,#5955));
#918=EDGE_LOOP('',(#5956,#5957,#5958,#5959,#5960,#5961));
#919=EDGE_LOOP('',(#5962,#5963,#5964,#5965,#5966,#5967,#5968,#5969,#5970,
#5971,#5972,#5973,#5974));
#920=EDGE_LOOP('',(#5975,#5976,#5977,#5978,#5979,#5980,#5981,#5982,#5983,
#5984,#5985,#5986,#5987,#5988,#5989,#5990,#5991,#5992,#5993,#5994,#5995,
#5996,#5997,#5998,#5999,#6000,#6001,#6002,#6003,#6004,#6005,#6006,#6007,
#6008,#6009,#6010,#6011,#6012,#6013,#6014,#6015,#6016,#6017,#6018,#6019,
#6020,#6021,#6022,#6023,#6024,#6025,#6026,#6027,#6028,#6029,#6030,#6031,
#6032,#6033,#6034,#6035,#6036,#6037,#6038,#6039,#6040,#6041,#6042,#6043,
#6044,#6045,#6046,#6047,#6048,#6049,#6050,#6051,#6052,#6053,#6054,#6055,
#6056,#6057,#6058,#6059,#6060,#6061,#6062,#6063,#6064,#6065,#6066,#6067,
#6068,#6069,#6070,#6071,#6072,#6073,#6074,#6075,#6076,#6077,#6078,#6079,
#6080,#6081,#6082,#6083,#6084,#6085,#6086,#6087,#6088,#6089,#6090,#6091,
#6092,#6093,#6094,#6095,#6096,#6097,#6098,#6099,#6100,#6101,#6102,#6103,
#6104,#6105,#6106,#6107,#6108,#6109,#6110,#6111,#6112,#6113,#6114,#6115,
#6116,#6117,#6118,#6119,#6120,#6121,#6122,#6123,#6124,#6125,#6126,#6127,
#6128,#6129,#6130,#6131,#6132,#6133,#6134,#6135,#6136,#6137,#6138,#6139,
#6140,#6141,#6142,#6143,#6144,#6145,#6146,#6147,#6148,#6149,#6150,#6151,
#6152,#6153,#6154,#6155,#6156,#6157,#6158,#6159,#6160,#6161,#6162,#6163,
#6164,#6165,#6166,#6167,#6168,#6169,#6170,#6171,#6172,#6173,#6174,#6175,
#6176,#6177,#6178,#6179,#6180,#6181,#6182,#6183,#6184,#6185,#6186,#6187,
#6188,#6189,#6190,#6191,#6192,#6193,#6194,#6195,#6196,#6197,#6198,#6199,
#6200,#6201,#6202,#6203,#6204,#6205,#6206,#6207,#6208,#6209,#6210,#6211,
#6212));
#921=EDGE_LOOP('',(#6213,#6214,#6215,#6216));
#922=EDGE_LOOP('',(#6217));
#923=EDGE_LOOP('',(#6218));
#924=EDGE_LOOP('',(#6219,#6220,#6221,#6222));
#925=EDGE_LOOP('',(#6223,#6224,#6225,#6226));
#926=EDGE_LOOP('',(#6227,#6228,#6229,#6230));
#927=EDGE_LOOP('',(#6231,#6232,#6233,#6234));
#928=EDGE_LOOP('',(#6235,#6236,#6237,#6238));
#929=EDGE_LOOP('',(#6239,#6240,#6241,#6242));
#930=EDGE_LOOP('',(#6243,#6244,#6245,#6246));
#931=EDGE_LOOP('',(#6247,#6248,#6249,#6250));
#932=EDGE_LOOP('',(#6251,#6252,#6253,#6254));
#933=EDGE_LOOP('',(#6255));
#934=EDGE_LOOP('',(#6256));
#935=EDGE_LOOP('',(#6257,#6258,#6259,#6260));
#936=EDGE_LOOP('',(#6261,#6262,#6263,#6264));
#937=EDGE_LOOP('',(#6265));
#938=EDGE_LOOP('',(#6266,#6267,#6268,#6269));
#939=EDGE_LOOP('',(#6270));
#940=EDGE_LOOP('',(#6271,#6272,#6273,#6274));
#941=EDGE_LOOP('',(#6275));
#942=EDGE_LOOP('',(#6276,#6277,#6278,#6279));
#943=EDGE_LOOP('',(#6280));
#944=LINE('',#7840,#1467);
#945=LINE('',#7846,#1468);
#946=LINE('',#7861,#1469);
#947=LINE('',#7880,#1470);
#948=LINE('',#7899,#1471);
#949=LINE('',#7906,#1472);
#950=LINE('',#7908,#1473);
#951=LINE('',#7909,#1474);
#952=LINE('',#7912,#1475);
#953=LINE('',#7914,#1476);
#954=LINE('',#7915,#1477);
#955=LINE('',#7930,#1478);
#956=LINE('',#7966,#1479);
#957=LINE('',#7972,#1480);
#958=LINE('',#7987,#1481);
#959=LINE('',#8006,#1482);
#960=LINE('',#8025,#1483);
#961=LINE('',#8061,#1484);
#962=LINE('',#8067,#1485);
#963=LINE('',#8082,#1486);
#964=LINE('',#8101,#1487);
#965=LINE('',#8120,#1488);
#966=LINE('',#8139,#1489);
#967=LINE('',#8146,#1490);
#968=LINE('',#8148,#1491);
#969=LINE('',#8149,#1492);
#970=LINE('',#8152,#1493);
#971=LINE('',#8154,#1494);
#972=LINE('',#8155,#1495);
#973=LINE('',#8170,#1496);
#974=LINE('',#8189,#1497);
#975=LINE('',#8208,#1498);
#976=LINE('',#8227,#1499);
#977=LINE('',#8246,#1500);
#978=LINE('',#8282,#1501);
#979=LINE('',#8288,#1502);
#980=LINE('',#8303,#1503);
#981=LINE('',#8322,#1504);
#982=LINE('',#8341,#1505);
#983=LINE('',#8377,#1506);
#984=LINE('',#8383,#1507);
#985=LINE('',#8398,#1508);
#986=LINE('',#8417,#1509);
#987=LINE('',#8436,#1510);
#988=LINE('',#8472,#1511);
#989=LINE('',#8478,#1512);
#990=LINE('',#8493,#1513);
#991=LINE('',#8512,#1514);
#992=LINE('',#8531,#1515);
#993=LINE('',#8550,#1516);
#994=LINE('',#8569,#1517);
#995=LINE('',#8588,#1518);
#996=LINE('',#8595,#1519);
#997=LINE('',#8597,#1520);
#998=LINE('',#8598,#1521);
#999=LINE('',#8601,#1522);
#1000=LINE('',#8603,#1523);
#1001=LINE('',#8604,#1524);
#1002=LINE('',#8619,#1525);
#1003=LINE('',#8638,#1526);
#1004=LINE('',#8657,#1527);
#1005=LINE('',#8676,#1528);
#1006=LINE('',#8683,#1529);
#1007=LINE('',#8685,#1530);
#1008=LINE('',#8686,#1531);
#1009=LINE('',#8689,#1532);
#1010=LINE('',#8691,#1533);
#1011=LINE('',#8692,#1534);
#1012=LINE('',#8707,#1535);
#1013=LINE('',#8726,#1536);
#1014=LINE('',#8733,#1537);
#1015=LINE('',#8735,#1538);
#1016=LINE('',#8736,#1539);
#1017=LINE('',#8739,#1540);
#1018=LINE('',#8741,#1541);
#1019=LINE('',#8742,#1542);
#1020=LINE('',#8745,#1543);
#1021=LINE('',#8747,#1544);
#1022=LINE('',#8748,#1545);
#1023=LINE('',#8763,#1546);
#1024=LINE('',#8782,#1547);
#1025=LINE('',#8801,#1548);
#1026=LINE('',#8820,#1549);
#1027=LINE('',#8839,#1550);
#1028=LINE('',#8858,#1551);
#1029=LINE('',#8877,#1552);
#1030=LINE('',#8896,#1553);
#1031=LINE('',#8915,#1554);
#1032=LINE('',#8934,#1555);
#1033=LINE('',#8953,#1556);
#1034=LINE('',#8972,#1557);
#1035=LINE('',#8991,#1558);
#1036=LINE('',#9010,#1559);
#1037=LINE('',#9029,#1560);
#1038=LINE('',#9048,#1561);
#1039=LINE('',#9067,#1562);
#1040=LINE('',#9086,#1563);
#1041=LINE('',#9105,#1564);
#1042=LINE('',#9124,#1565);
#1043=LINE('',#9143,#1566);
#1044=LINE('',#9150,#1567);
#1045=LINE('',#9152,#1568);
#1046=LINE('',#9153,#1569);
#1047=LINE('',#9156,#1570);
#1048=LINE('',#9158,#1571);
#1049=LINE('',#9159,#1572);
#1050=LINE('',#9174,#1573);
#1051=LINE('',#9193,#1574);
#1052=LINE('',#9212,#1575);
#1053=LINE('',#9231,#1576);
#1054=LINE('',#9238,#1577);
#1055=LINE('',#9240,#1578);
#1056=LINE('',#9241,#1579);
#1057=LINE('',#9244,#1580);
#1058=LINE('',#9246,#1581);
#1059=LINE('',#9247,#1582);
#1060=LINE('',#9262,#1583);
#1061=LINE('',#9281,#1584);
#1062=LINE('',#9300,#1585);
#1063=LINE('',#9319,#1586);
#1064=LINE('',#9338,#1587);
#1065=LINE('',#9357,#1588);
#1066=LINE('',#9376,#1589);
#1067=LINE('',#9395,#1590);
#1068=LINE('',#9414,#1591);
#1069=LINE('',#9433,#1592);
#1070=LINE('',#9452,#1593);
#1071=LINE('',#9471,#1594);
#1072=LINE('',#9490,#1595);
#1073=LINE('',#9509,#1596);
#1074=LINE('',#9528,#1597);
#1075=LINE('',#9547,#1598);
#1076=LINE('',#9566,#1599);
#1077=LINE('',#9585,#1600);
#1078=LINE('',#9592,#1601);
#1079=LINE('',#9594,#1602);
#1080=LINE('',#9595,#1603);
#1081=LINE('',#9598,#1604);
#1082=LINE('',#9600,#1605);
#1083=LINE('',#9601,#1606);
#1084=LINE('',#9616,#1607);
#1085=LINE('',#9635,#1608);
#1086=LINE('',#9654,#1609);
#1087=LINE('',#9673,#1610);
#1088=LINE('',#9692,#1611);
#1089=LINE('',#9711,#1612);
#1090=LINE('',#9718,#1613);
#1091=LINE('',#9720,#1614);
#1092=LINE('',#9721,#1615);
#1093=LINE('',#9724,#1616);
#1094=LINE('',#9726,#1617);
#1095=LINE('',#9727,#1618);
#1096=LINE('',#9742,#1619);
#1097=LINE('',#9761,#1620);
#1098=LINE('',#9780,#1621);
#1099=LINE('',#9799,#1622);
#1100=LINE('',#9806,#1623);
#1101=LINE('',#9808,#1624);
#1102=LINE('',#9809,#1625);
#1103=LINE('',#9812,#1626);
#1104=LINE('',#9814,#1627);
#1105=LINE('',#9815,#1628);
#1106=LINE('',#9830,#1629);
#1107=LINE('',#9849,#1630);
#1108=LINE('',#9868,#1631);
#1109=LINE('',#9887,#1632);
#1110=LINE('',#9906,#1633);
#1111=LINE('',#9913,#1634);
#1112=LINE('',#9915,#1635);
#1113=LINE('',#9916,#1636);
#1114=LINE('',#9919,#1637);
#1115=LINE('',#9921,#1638);
#1116=LINE('',#9922,#1639);
#1117=LINE('',#9937,#1640);
#1118=LINE('',#9956,#1641);
#1119=LINE('',#9975,#1642);
#1120=LINE('',#9994,#1643);
#1121=LINE('',#10001,#1644);
#1122=LINE('',#10003,#1645);
#1123=LINE('',#10004,#1646);
#1124=LINE('',#10007,#1647);
#1125=LINE('',#10009,#1648);
#1126=LINE('',#10010,#1649);
#1127=LINE('',#10025,#1650);
#1128=LINE('',#10044,#1651);
#1129=LINE('',#10063,#1652);
#1130=LINE('',#10082,#1653);
#1131=LINE('',#10101,#1654);
#1132=LINE('',#10120,#1655);
#1133=LINE('',#10139,#1656);
#1134=LINE('',#10158,#1657);
#1135=LINE('',#10177,#1658);
#1136=LINE('',#10196,#1659);
#1137=LINE('',#10215,#1660);
#1138=LINE('',#10234,#1661);
#1139=LINE('',#10253,#1662);
#1140=LINE('',#10272,#1663);
#1141=LINE('',#10291,#1664);
#1142=LINE('',#10310,#1665);
#1143=LINE('',#10329,#1666);
#1144=LINE('',#10348,#1667);
#1145=LINE('',#10367,#1668);
#1146=LINE('',#10386,#1669);
#1147=LINE('',#10405,#1670);
#1148=LINE('',#10412,#1671);
#1149=LINE('',#10414,#1672);
#1150=LINE('',#10415,#1673);
#1151=LINE('',#10418,#1674);
#1152=LINE('',#10420,#1675);
#1153=LINE('',#10421,#1676);
#1154=LINE('',#10436,#1677);
#1155=LINE('',#10455,#1678);
#1156=LINE('',#10474,#1679);
#1157=LINE('',#10493,#1680);
#1158=LINE('',#10512,#1681);
#1159=LINE('',#10531,#1682);
#1160=LINE('',#10538,#1683);
#1161=LINE('',#10540,#1684);
#1162=LINE('',#10541,#1685);
#1163=LINE('',#10544,#1686);
#1164=LINE('',#10546,#1687);
#1165=LINE('',#10547,#1688);
#1166=LINE('',#10562,#1689);
#1167=LINE('',#10581,#1690);
#1168=LINE('',#10600,#1691);
#1169=LINE('',#10619,#1692);
#1170=LINE('',#10638,#1693);
#1171=LINE('',#10657,#1694);
#1172=LINE('',#10676,#1695);
#1173=LINE('',#10695,#1696);
#1174=LINE('',#10714,#1697);
#1175=LINE('',#10733,#1698);
#1176=LINE('',#10752,#1699);
#1177=LINE('',#10771,#1700);
#1178=LINE('',#10778,#1701);
#1179=LINE('',#10780,#1702);
#1180=LINE('',#10781,#1703);
#1181=LINE('',#10784,#1704);
#1182=LINE('',#10786,#1705);
#1183=LINE('',#10787,#1706);
#1184=LINE('',#10802,#1707);
#1185=LINE('',#10821,#1708);
#1186=LINE('',#10840,#1709);
#1187=LINE('',#10859,#1710);
#1188=LINE('',#10878,#1711);
#1189=LINE('',#10897,#1712);
#1190=LINE('',#10916,#1713);
#1191=LINE('',#10935,#1714);
#1192=LINE('',#10954,#1715);
#1193=LINE('',#10973,#1716);
#1194=LINE('',#10992,#1717);
#1195=LINE('',#10999,#1718);
#1196=LINE('',#11001,#1719);
#1197=LINE('',#11002,#1720);
#1198=LINE('',#11005,#1721);
#1199=LINE('',#11007,#1722);
#1200=LINE('',#11008,#1723);
#1201=LINE('',#11023,#1724);
#1202=LINE('',#11042,#1725);
#1203=LINE('',#11061,#1726);
#1204=LINE('',#11080,#1727);
#1205=LINE('',#11099,#1728);
#1206=LINE('',#11118,#1729);
#1207=LINE('',#11137,#1730);
#1208=LINE('',#11156,#1731);
#1209=LINE('',#11163,#1732);
#1210=LINE('',#11165,#1733);
#1211=LINE('',#11166,#1734);
#1212=LINE('',#11169,#1735);
#1213=LINE('',#11171,#1736);
#1214=LINE('',#11172,#1737);
#1215=LINE('',#11187,#1738);
#1216=LINE('',#11206,#1739);
#1217=LINE('',#11225,#1740);
#1218=LINE('',#11244,#1741);
#1219=LINE('',#11263,#1742);
#1220=LINE('',#11282,#1743);
#1221=LINE('',#11289,#1744);
#1222=LINE('',#11291,#1745);
#1223=LINE('',#11292,#1746);
#1224=LINE('',#11295,#1747);
#1225=LINE('',#11297,#1748);
#1226=LINE('',#11298,#1749);
#1227=LINE('',#11313,#1750);
#1228=LINE('',#11332,#1751);
#1229=LINE('',#11351,#1752);
#1230=LINE('',#11370,#1753);
#1231=LINE('',#11377,#1754);
#1232=LINE('',#11379,#1755);
#1233=LINE('',#11380,#1756);
#1234=LINE('',#11383,#1757);
#1235=LINE('',#11385,#1758);
#1236=LINE('',#11386,#1759);
#1237=LINE('',#11401,#1760);
#1238=LINE('',#11420,#1761);
#1239=LINE('',#11439,#1762);
#1240=LINE('',#11458,#1763);
#1241=LINE('',#11477,#1764);
#1242=LINE('',#11496,#1765);
#1243=LINE('',#11515,#1766);
#1244=LINE('',#11534,#1767);
#1245=LINE('',#11553,#1768);
#1246=LINE('',#11560,#1769);
#1247=LINE('',#11562,#1770);
#1248=LINE('',#11563,#1771);
#1249=LINE('',#11566,#1772);
#1250=LINE('',#11568,#1773);
#1251=LINE('',#11569,#1774);
#1252=LINE('',#11584,#1775);
#1253=LINE('',#11603,#1776);
#1254=LINE('',#11622,#1777);
#1255=LINE('',#11641,#1778);
#1256=LINE('',#11660,#1779);
#1257=LINE('',#11667,#1780);
#1258=LINE('',#11669,#1781);
#1259=LINE('',#11670,#1782);
#1260=LINE('',#11673,#1783);
#1261=LINE('',#11675,#1784);
#1262=LINE('',#11676,#1785);
#1263=LINE('',#11691,#1786);
#1264=LINE('',#11710,#1787);
#1265=LINE('',#11729,#1788);
#1266=LINE('',#11748,#1789);
#1267=LINE('',#11767,#1790);
#1268=LINE('',#11786,#1791);
#1269=LINE('',#11805,#1792);
#1270=LINE('',#11824,#1793);
#1271=LINE('',#11843,#1794);
#1272=LINE('',#11862,#1795);
#1273=LINE('',#11881,#1796);
#1274=LINE('',#11900,#1797);
#1275=LINE('',#11919,#1798);
#1276=LINE('',#11938,#1799);
#1277=LINE('',#11957,#1800);
#1278=LINE('',#11976,#1801);
#1279=LINE('',#11995,#1802);
#1280=LINE('',#12014,#1803);
#1281=LINE('',#12033,#1804);
#1282=LINE('',#12052,#1805);
#1283=LINE('',#12071,#1806);
#1284=LINE('',#12090,#1807);
#1285=LINE('',#12109,#1808);
#1286=LINE('',#12128,#1809);
#1287=LINE('',#12147,#1810);
#1288=LINE('',#12166,#1811);
#1289=LINE('',#12185,#1812);
#1290=LINE('',#12204,#1813);
#1291=LINE('',#12223,#1814);
#1292=LINE('',#12242,#1815);
#1293=LINE('',#12261,#1816);
#1294=LINE('',#12280,#1817);
#1295=LINE('',#12299,#1818);
#1296=LINE('',#12318,#1819);
#1297=LINE('',#12337,#1820);
#1298=LINE('',#12356,#1821);
#1299=LINE('',#12375,#1822);
#1300=LINE('',#12394,#1823);
#1301=LINE('',#12413,#1824);
#1302=LINE('',#12432,#1825);
#1303=LINE('',#12451,#1826);
#1304=LINE('',#12488,#1827);
#1305=LINE('',#12494,#1828);
#1306=LINE('',#12509,#1829);
#1307=LINE('',#12516,#1830);
#1308=LINE('',#12518,#1831);
#1309=LINE('',#12519,#1832);
#1310=LINE('',#12522,#1833);
#1311=LINE('',#12524,#1834);
#1312=LINE('',#12525,#1835);
#1313=LINE('',#12540,#1836);
#1314=LINE('',#12559,#1837);
#1315=LINE('',#12578,#1838);
#1316=LINE('',#12597,#1839);
#1317=LINE('',#12616,#1840);
#1318=LINE('',#12635,#1841);
#1319=LINE('',#12654,#1842);
#1320=LINE('',#12673,#1843);
#1321=LINE('',#12710,#1844);
#1322=LINE('',#12716,#1845);
#1323=LINE('',#12731,#1846);
#1324=LINE('',#12750,#1847);
#1325=LINE('',#12769,#1848);
#1326=LINE('',#12788,#1849);
#1327=LINE('',#12818,#1850);
#1328=LINE('',#12820,#1851);
#1329=LINE('',#12822,#1852);
#1330=LINE('',#12823,#1853);
#1331=LINE('',#12826,#1854);
#1332=LINE('',#12828,#1855);
#1333=LINE('',#12829,#1856);
#1334=LINE('',#12832,#1857);
#1335=LINE('',#12834,#1858);
#1336=LINE('',#12835,#1859);
#1337=LINE('',#12837,#1860);
#1338=LINE('',#12838,#1861);
#1339=LINE('',#12843,#1862);
#1340=LINE('',#12852,#1863);
#1341=LINE('',#12861,#1864);
#1342=LINE('',#12870,#1865);
#1343=LINE('',#12878,#1866);
#1344=LINE('',#12880,#1867);
#1345=LINE('',#12882,#1868);
#1346=LINE('',#12883,#1869);
#1347=LINE('',#12886,#1870);
#1348=LINE('',#12888,#1871);
#1349=LINE('',#12889,#1872);
#1350=LINE('',#12892,#1873);
#1351=LINE('',#12894,#1874);
#1352=LINE('',#12895,#1875);
#1353=LINE('',#12897,#1876);
#1354=LINE('',#12898,#1877);
#1355=LINE('',#12902,#1878);
#1356=LINE('',#12904,#1879);
#1357=LINE('',#12906,#1880);
#1358=LINE('',#12907,#1881);
#1359=LINE('',#12910,#1882);
#1360=LINE('',#12912,#1883);
#1361=LINE('',#12913,#1884);
#1362=LINE('',#12916,#1885);
#1363=LINE('',#12918,#1886);
#1364=LINE('',#12919,#1887);
#1365=LINE('',#12921,#1888);
#1366=LINE('',#12922,#1889);
#1367=LINE('',#12926,#1890);
#1368=LINE('',#12928,#1891);
#1369=LINE('',#12930,#1892);
#1370=LINE('',#12931,#1893);
#1371=LINE('',#12934,#1894);
#1372=LINE('',#12936,#1895);
#1373=LINE('',#12937,#1896);
#1374=LINE('',#12940,#1897);
#1375=LINE('',#12942,#1898);
#1376=LINE('',#12943,#1899);
#1377=LINE('',#12945,#1900);
#1378=LINE('',#12946,#1901);
#1379=LINE('',#12950,#1902);
#1380=LINE('',#12952,#1903);
#1381=LINE('',#12954,#1904);
#1382=LINE('',#12955,#1905);
#1383=LINE('',#12958,#1906);
#1384=LINE('',#12960,#1907);
#1385=LINE('',#12961,#1908);
#1386=LINE('',#12964,#1909);
#1387=LINE('',#12966,#1910);
#1388=LINE('',#12967,#1911);
#1389=LINE('',#12969,#1912);
#1390=LINE('',#12970,#1913);
#1391=LINE('',#12974,#1914);
#1392=LINE('',#12976,#1915);
#1393=LINE('',#12978,#1916);
#1394=LINE('',#12979,#1917);
#1395=LINE('',#12982,#1918);
#1396=LINE('',#12984,#1919);
#1397=LINE('',#12985,#1920);
#1398=LINE('',#12988,#1921);
#1399=LINE('',#12990,#1922);
#1400=LINE('',#12991,#1923);
#1401=LINE('',#12993,#1924);
#1402=LINE('',#12994,#1925);
#1403=LINE('',#12998,#1926);
#1404=LINE('',#13000,#1927);
#1405=LINE('',#13002,#1928);
#1406=LINE('',#13003,#1929);
#1407=LINE('',#13006,#1930);
#1408=LINE('',#13008,#1931);
#1409=LINE('',#13009,#1932);
#1410=LINE('',#13012,#1933);
#1411=LINE('',#13014,#1934);
#1412=LINE('',#13015,#1935);
#1413=LINE('',#13017,#1936);
#1414=LINE('',#13018,#1937);
#1415=LINE('',#13022,#1938);
#1416=LINE('',#13024,#1939);
#1417=LINE('',#13026,#1940);
#1418=LINE('',#13027,#1941);
#1419=LINE('',#13030,#1942);
#1420=LINE('',#13032,#1943);
#1421=LINE('',#13033,#1944);
#1422=LINE('',#13036,#1945);
#1423=LINE('',#13038,#1946);
#1424=LINE('',#13039,#1947);
#1425=LINE('',#13041,#1948);
#1426=LINE('',#13042,#1949);
#1427=LINE('',#13046,#1950);
#1428=LINE('',#13048,#1951);
#1429=LINE('',#13050,#1952);
#1430=LINE('',#13051,#1953);
#1431=LINE('',#13054,#1954);
#1432=LINE('',#13056,#1955);
#1433=LINE('',#13057,#1956);
#1434=LINE('',#13060,#1957);
#1435=LINE('',#13062,#1958);
#1436=LINE('',#13063,#1959);
#1437=LINE('',#13065,#1960);
#1438=LINE('',#13066,#1961);
#1439=LINE('',#13070,#1962);
#1440=LINE('',#13072,#1963);
#1441=LINE('',#13074,#1964);
#1442=LINE('',#13075,#1965);
#1443=LINE('',#13078,#1966);
#1444=LINE('',#13080,#1967);
#1445=LINE('',#13081,#1968);
#1446=LINE('',#13084,#1969);
#1447=LINE('',#13086,#1970);
#1448=LINE('',#13087,#1971);
#1449=LINE('',#13089,#1972);
#1450=LINE('',#13090,#1973);
#1451=LINE('',#13094,#1974);
#1452=LINE('',#13096,#1975);
#1453=LINE('',#13098,#1976);
#1454=LINE('',#13099,#1977);
#1455=LINE('',#13102,#1978);
#1456=LINE('',#13104,#1979);
#1457=LINE('',#13105,#1980);
#1458=LINE('',#13108,#1981);
#1459=LINE('',#13110,#1982);
#1460=LINE('',#13111,#1983);
#1461=LINE('',#13113,#1984);
#1462=LINE('',#13114,#1985);
#1463=LINE('',#13119,#1986);
#1464=LINE('',#13124,#1987);
#1465=LINE('',#13129,#1988);
#1466=LINE('',#13134,#1989);
#1467=VECTOR('',#7039,10.);
#1468=VECTOR('',#7040,10.);
#1469=VECTOR('',#7041,10.);
#1470=VECTOR('',#7042,10.);
#1471=VECTOR('',#7043,10.);
#1472=VECTOR('',#7046,10.);
#1473=VECTOR('',#7047,10.);
#1474=VECTOR('',#7048,10.);
#1475=VECTOR('',#7051,10.);
#1476=VECTOR('',#7052,10.);
#1477=VECTOR('',#7053,10.);
#1478=VECTOR('',#7054,10.);
#1479=VECTOR('',#7055,10.);
#1480=VECTOR('',#7056,10.);
#1481=VECTOR('',#7057,10.);
#1482=VECTOR('',#7058,10.);
#1483=VECTOR('',#7059,10.);
#1484=VECTOR('',#7060,10.);
#1485=VECTOR('',#7061,10.);
#1486=VECTOR('',#7062,10.);
#1487=VECTOR('',#7063,10.);
#1488=VECTOR('',#7064,10.);
#1489=VECTOR('',#7065,10.);
#1490=VECTOR('',#7068,10.);
#1491=VECTOR('',#7069,10.);
#1492=VECTOR('',#7070,10.);
#1493=VECTOR('',#7073,10.);
#1494=VECTOR('',#7074,10.);
#1495=VECTOR('',#7075,10.);
#1496=VECTOR('',#7076,10.);
#1497=VECTOR('',#7077,10.);
#1498=VECTOR('',#7078,10.);
#1499=VECTOR('',#7079,10.);
#1500=VECTOR('',#7080,10.);
#1501=VECTOR('',#7081,10.);
#1502=VECTOR('',#7082,10.);
#1503=VECTOR('',#7083,10.);
#1504=VECTOR('',#7084,10.);
#1505=VECTOR('',#7085,10.);
#1506=VECTOR('',#7086,10.);
#1507=VECTOR('',#7087,10.);
#1508=VECTOR('',#7088,10.);
#1509=VECTOR('',#7089,10.);
#1510=VECTOR('',#7090,10.);
#1511=VECTOR('',#7091,10.);
#1512=VECTOR('',#7092,10.);
#1513=VECTOR('',#7093,10.);
#1514=VECTOR('',#7094,10.);
#1515=VECTOR('',#7095,10.);
#1516=VECTOR('',#7096,10.);
#1517=VECTOR('',#7097,10.);
#1518=VECTOR('',#7098,10.);
#1519=VECTOR('',#7101,10.);
#1520=VECTOR('',#7102,10.);
#1521=VECTOR('',#7103,10.);
#1522=VECTOR('',#7106,10.);
#1523=VECTOR('',#7107,10.);
#1524=VECTOR('',#7108,10.);
#1525=VECTOR('',#7109,10.);
#1526=VECTOR('',#7110,10.);
#1527=VECTOR('',#7111,10.);
#1528=VECTOR('',#7112,10.);
#1529=VECTOR('',#7115,10.);
#1530=VECTOR('',#7116,10.);
#1531=VECTOR('',#7117,10.);
#1532=VECTOR('',#7120,10.);
#1533=VECTOR('',#7121,10.);
#1534=VECTOR('',#7122,10.);
#1535=VECTOR('',#7123,10.);
#1536=VECTOR('',#7124,10.);
#1537=VECTOR('',#7127,10.);
#1538=VECTOR('',#7128,10.);
#1539=VECTOR('',#7129,10.);
#1540=VECTOR('',#7132,10.);
#1541=VECTOR('',#7133,10.);
#1542=VECTOR('',#7134,10.);
#1543=VECTOR('',#7137,10.);
#1544=VECTOR('',#7138,10.);
#1545=VECTOR('',#7139,10.);
#1546=VECTOR('',#7140,10.);
#1547=VECTOR('',#7141,10.);
#1548=VECTOR('',#7142,10.);
#1549=VECTOR('',#7143,10.);
#1550=VECTOR('',#7144,10.);
#1551=VECTOR('',#7145,10.);
#1552=VECTOR('',#7146,10.);
#1553=VECTOR('',#7147,10.);
#1554=VECTOR('',#7148,10.);
#1555=VECTOR('',#7149,10.);
#1556=VECTOR('',#7150,10.);
#1557=VECTOR('',#7151,10.);
#1558=VECTOR('',#7152,10.);
#1559=VECTOR('',#7153,10.);
#1560=VECTOR('',#7154,10.);
#1561=VECTOR('',#7155,10.);
#1562=VECTOR('',#7156,10.);
#1563=VECTOR('',#7157,10.);
#1564=VECTOR('',#7158,10.);
#1565=VECTOR('',#7159,10.);
#1566=VECTOR('',#7160,10.);
#1567=VECTOR('',#7163,10.);
#1568=VECTOR('',#7164,10.);
#1569=VECTOR('',#7165,10.);
#1570=VECTOR('',#7168,10.);
#1571=VECTOR('',#7169,10.);
#1572=VECTOR('',#7170,10.);
#1573=VECTOR('',#7171,10.);
#1574=VECTOR('',#7172,10.);
#1575=VECTOR('',#7173,10.);
#1576=VECTOR('',#7174,10.);
#1577=VECTOR('',#7177,10.);
#1578=VECTOR('',#7178,10.);
#1579=VECTOR('',#7179,10.);
#1580=VECTOR('',#7182,10.);
#1581=VECTOR('',#7183,10.);
#1582=VECTOR('',#7184,10.);
#1583=VECTOR('',#7185,10.);
#1584=VECTOR('',#7186,10.);
#1585=VECTOR('',#7187,10.);
#1586=VECTOR('',#7188,10.);
#1587=VECTOR('',#7189,10.);
#1588=VECTOR('',#7190,10.);
#1589=VECTOR('',#7191,10.);
#1590=VECTOR('',#7192,10.);
#1591=VECTOR('',#7193,10.);
#1592=VECTOR('',#7194,10.);
#1593=VECTOR('',#7195,10.);
#1594=VECTOR('',#7196,10.);
#1595=VECTOR('',#7197,10.);
#1596=VECTOR('',#7198,10.);
#1597=VECTOR('',#7199,10.);
#1598=VECTOR('',#7200,10.);
#1599=VECTOR('',#7201,10.);
#1600=VECTOR('',#7202,10.);
#1601=VECTOR('',#7205,10.);
#1602=VECTOR('',#7206,10.);
#1603=VECTOR('',#7207,10.);
#1604=VECTOR('',#7210,10.);
#1605=VECTOR('',#7211,10.);
#1606=VECTOR('',#7212,10.);
#1607=VECTOR('',#7213,10.);
#1608=VECTOR('',#7214,10.);
#1609=VECTOR('',#7215,10.);
#1610=VECTOR('',#7216,10.);
#1611=VECTOR('',#7217,10.);
#1612=VECTOR('',#7218,10.);
#1613=VECTOR('',#7221,10.);
#1614=VECTOR('',#7222,10.);
#1615=VECTOR('',#7223,10.);
#1616=VECTOR('',#7226,10.);
#1617=VECTOR('',#7227,10.);
#1618=VECTOR('',#7228,10.);
#1619=VECTOR('',#7229,10.);
#1620=VECTOR('',#7230,10.);
#1621=VECTOR('',#7231,10.);
#1622=VECTOR('',#7232,10.);
#1623=VECTOR('',#7235,10.);
#1624=VECTOR('',#7236,10.);
#1625=VECTOR('',#7237,10.);
#1626=VECTOR('',#7240,10.);
#1627=VECTOR('',#7241,10.);
#1628=VECTOR('',#7242,10.);
#1629=VECTOR('',#7243,10.);
#1630=VECTOR('',#7244,10.);
#1631=VECTOR('',#7245,10.);
#1632=VECTOR('',#7246,10.);
#1633=VECTOR('',#7247,10.);
#1634=VECTOR('',#7250,10.);
#1635=VECTOR('',#7251,10.);
#1636=VECTOR('',#7252,10.);
#1637=VECTOR('',#7255,10.);
#1638=VECTOR('',#7256,10.);
#1639=VECTOR('',#7257,10.);
#1640=VECTOR('',#7258,10.);
#1641=VECTOR('',#7259,10.);
#1642=VECTOR('',#7260,10.);
#1643=VECTOR('',#7261,10.);
#1644=VECTOR('',#7264,10.);
#1645=VECTOR('',#7265,10.);
#1646=VECTOR('',#7266,10.);
#1647=VECTOR('',#7269,10.);
#1648=VECTOR('',#7270,10.);
#1649=VECTOR('',#7271,10.);
#1650=VECTOR('',#7272,10.);
#1651=VECTOR('',#7273,10.);
#1652=VECTOR('',#7274,10.);
#1653=VECTOR('',#7275,10.);
#1654=VECTOR('',#7276,10.);
#1655=VECTOR('',#7277,10.);
#1656=VECTOR('',#7278,10.);
#1657=VECTOR('',#7279,10.);
#1658=VECTOR('',#7280,10.);
#1659=VECTOR('',#7281,10.);
#1660=VECTOR('',#7282,10.);
#1661=VECTOR('',#7283,10.);
#1662=VECTOR('',#7284,10.);
#1663=VECTOR('',#7285,10.);
#1664=VECTOR('',#7286,10.);
#1665=VECTOR('',#7287,10.);
#1666=VECTOR('',#7288,10.);
#1667=VECTOR('',#7289,10.);
#1668=VECTOR('',#7290,10.);
#1669=VECTOR('',#7291,10.);
#1670=VECTOR('',#7292,10.);
#1671=VECTOR('',#7295,10.);
#1672=VECTOR('',#7296,10.);
#1673=VECTOR('',#7297,10.);
#1674=VECTOR('',#7300,10.);
#1675=VECTOR('',#7301,10.);
#1676=VECTOR('',#7302,10.);
#1677=VECTOR('',#7303,10.);
#1678=VECTOR('',#7304,10.);
#1679=VECTOR('',#7305,10.);
#1680=VECTOR('',#7306,10.);
#1681=VECTOR('',#7307,10.);
#1682=VECTOR('',#7308,10.);
#1683=VECTOR('',#7311,10.);
#1684=VECTOR('',#7312,10.);
#1685=VECTOR('',#7313,10.);
#1686=VECTOR('',#7316,10.);
#1687=VECTOR('',#7317,10.);
#1688=VECTOR('',#7318,10.);
#1689=VECTOR('',#7319,10.);
#1690=VECTOR('',#7320,10.);
#1691=VECTOR('',#7321,10.);
#1692=VECTOR('',#7322,10.);
#1693=VECTOR('',#7323,10.);
#1694=VECTOR('',#7324,10.);
#1695=VECTOR('',#7325,10.);
#1696=VECTOR('',#7326,10.);
#1697=VECTOR('',#7327,10.);
#1698=VECTOR('',#7328,10.);
#1699=VECTOR('',#7329,10.);
#1700=VECTOR('',#7330,10.);
#1701=VECTOR('',#7333,10.);
#1702=VECTOR('',#7334,10.);
#1703=VECTOR('',#7335,10.);
#1704=VECTOR('',#7338,10.);
#1705=VECTOR('',#7339,10.);
#1706=VECTOR('',#7340,10.);
#1707=VECTOR('',#7341,10.);
#1708=VECTOR('',#7342,10.);
#1709=VECTOR('',#7343,10.);
#1710=VECTOR('',#7344,10.);
#1711=VECTOR('',#7345,10.);
#1712=VECTOR('',#7346,10.);
#1713=VECTOR('',#7347,10.);
#1714=VECTOR('',#7348,10.);
#1715=VECTOR('',#7349,10.);
#1716=VECTOR('',#7350,10.);
#1717=VECTOR('',#7351,10.);
#1718=VECTOR('',#7354,10.);
#1719=VECTOR('',#7355,10.);
#1720=VECTOR('',#7356,10.);
#1721=VECTOR('',#7359,10.);
#1722=VECTOR('',#7360,10.);
#1723=VECTOR('',#7361,10.);
#1724=VECTOR('',#7362,10.);
#1725=VECTOR('',#7363,10.);
#1726=VECTOR('',#7364,10.);
#1727=VECTOR('',#7365,10.);
#1728=VECTOR('',#7366,10.);
#1729=VECTOR('',#7367,10.);
#1730=VECTOR('',#7368,10.);
#1731=VECTOR('',#7369,10.);
#1732=VECTOR('',#7372,10.);
#1733=VECTOR('',#7373,10.);
#1734=VECTOR('',#7374,10.);
#1735=VECTOR('',#7377,10.);
#1736=VECTOR('',#7378,10.);
#1737=VECTOR('',#7379,10.);
#1738=VECTOR('',#7380,10.);
#1739=VECTOR('',#7381,10.);
#1740=VECTOR('',#7382,10.);
#1741=VECTOR('',#7383,10.);
#1742=VECTOR('',#7384,10.);
#1743=VECTOR('',#7385,10.);
#1744=VECTOR('',#7388,10.);
#1745=VECTOR('',#7389,10.);
#1746=VECTOR('',#7390,10.);
#1747=VECTOR('',#7393,10.);
#1748=VECTOR('',#7394,10.);
#1749=VECTOR('',#7395,10.);
#1750=VECTOR('',#7396,10.);
#1751=VECTOR('',#7397,10.);
#1752=VECTOR('',#7398,10.);
#1753=VECTOR('',#7399,10.);
#1754=VECTOR('',#7402,10.);
#1755=VECTOR('',#7403,10.);
#1756=VECTOR('',#7404,10.);
#1757=VECTOR('',#7407,10.);
#1758=VECTOR('',#7408,10.);
#1759=VECTOR('',#7409,10.);
#1760=VECTOR('',#7410,10.);
#1761=VECTOR('',#7411,10.);
#1762=VECTOR('',#7412,10.);
#1763=VECTOR('',#7413,10.);
#1764=VECTOR('',#7414,10.);
#1765=VECTOR('',#7415,10.);
#1766=VECTOR('',#7416,10.);
#1767=VECTOR('',#7417,10.);
#1768=VECTOR('',#7418,10.);
#1769=VECTOR('',#7421,10.);
#1770=VECTOR('',#7422,10.);
#1771=VECTOR('',#7423,10.);
#1772=VECTOR('',#7426,10.);
#1773=VECTOR('',#7427,10.);
#1774=VECTOR('',#7428,10.);
#1775=VECTOR('',#7429,10.);
#1776=VECTOR('',#7430,10.);
#1777=VECTOR('',#7431,10.);
#1778=VECTOR('',#7432,10.);
#1779=VECTOR('',#7433,10.);
#1780=VECTOR('',#7436,10.);
#1781=VECTOR('',#7437,10.);
#1782=VECTOR('',#7438,10.);
#1783=VECTOR('',#7441,10.);
#1784=VECTOR('',#7442,10.);
#1785=VECTOR('',#7443,10.);
#1786=VECTOR('',#7444,10.);
#1787=VECTOR('',#7445,10.);
#1788=VECTOR('',#7446,10.);
#1789=VECTOR('',#7447,10.);
#1790=VECTOR('',#7448,10.);
#1791=VECTOR('',#7449,10.);
#1792=VECTOR('',#7450,10.);
#1793=VECTOR('',#7451,10.);
#1794=VECTOR('',#7452,10.);
#1795=VECTOR('',#7453,10.);
#1796=VECTOR('',#7454,10.);
#1797=VECTOR('',#7455,10.);
#1798=VECTOR('',#7456,10.);
#1799=VECTOR('',#7457,10.);
#1800=VECTOR('',#7458,10.);
#1801=VECTOR('',#7459,10.);
#1802=VECTOR('',#7460,10.);
#1803=VECTOR('',#7461,10.);
#1804=VECTOR('',#7462,10.);
#1805=VECTOR('',#7463,10.);
#1806=VECTOR('',#7464,10.);
#1807=VECTOR('',#7465,10.);
#1808=VECTOR('',#7466,10.);
#1809=VECTOR('',#7467,10.);
#1810=VECTOR('',#7468,10.);
#1811=VECTOR('',#7469,10.);
#1812=VECTOR('',#7470,10.);
#1813=VECTOR('',#7471,10.);
#1814=VECTOR('',#7472,10.);
#1815=VECTOR('',#7473,10.);
#1816=VECTOR('',#7474,10.);
#1817=VECTOR('',#7475,10.);
#1818=VECTOR('',#7476,10.);
#1819=VECTOR('',#7477,10.);
#1820=VECTOR('',#7478,10.);
#1821=VECTOR('',#7479,10.);
#1822=VECTOR('',#7480,10.);
#1823=VECTOR('',#7481,10.);
#1824=VECTOR('',#7482,10.);
#1825=VECTOR('',#7483,10.);
#1826=VECTOR('',#7484,10.);
#1827=VECTOR('',#7487,10.);
#1828=VECTOR('',#7488,10.);
#1829=VECTOR('',#7489,10.);
#1830=VECTOR('',#7492,10.);
#1831=VECTOR('',#7493,10.);
#1832=VECTOR('',#7494,10.);
#1833=VECTOR('',#7497,10.);
#1834=VECTOR('',#7498,10.);
#1835=VECTOR('',#7499,10.);
#1836=VECTOR('',#7500,10.);
#1837=VECTOR('',#7501,10.);
#1838=VECTOR('',#7502,10.);
#1839=VECTOR('',#7503,10.);
#1840=VECTOR('',#7504,10.);
#1841=VECTOR('',#7505,10.);
#1842=VECTOR('',#7506,10.);
#1843=VECTOR('',#7507,10.);
#1844=VECTOR('',#7510,10.);
#1845=VECTOR('',#7511,10.);
#1846=VECTOR('',#7512,10.);
#1847=VECTOR('',#7513,10.);
#1848=VECTOR('',#7514,10.);
#1849=VECTOR('',#7515,10.);
#1850=VECTOR('',#7530,10.);
#1851=VECTOR('',#7531,10.);
#1852=VECTOR('',#7532,10.);
#1853=VECTOR('',#7533,10.);
#1854=VECTOR('',#7536,10.);
#1855=VECTOR('',#7537,10.);
#1856=VECTOR('',#7538,10.);
#1857=VECTOR('',#7541,10.);
#1858=VECTOR('',#7542,10.);
#1859=VECTOR('',#7543,10.);
#1860=VECTOR('',#7546,10.);
#1861=VECTOR('',#7547,10.);
#1862=VECTOR('',#7552,2.74999999999991);
#1863=VECTOR('',#7563,4.50000000000003);
#1864=VECTOR('',#7574,4.35000000000002);
#1865=VECTOR('',#7585,4.50000000000003);
#1866=VECTOR('',#7594,10.);
#1867=VECTOR('',#7595,10.);
#1868=VECTOR('',#7596,10.);
#1869=VECTOR('',#7597,10.);
#1870=VECTOR('',#7600,10.);
#1871=VECTOR('',#7601,10.);
#1872=VECTOR('',#7602,10.);
#1873=VECTOR('',#7605,10.);
#1874=VECTOR('',#7606,10.);
#1875=VECTOR('',#7607,10.);
#1876=VECTOR('',#7610,10.);
#1877=VECTOR('',#7611,10.);
#1878=VECTOR('',#7614,10.);
#1879=VECTOR('',#7615,10.);
#1880=VECTOR('',#7616,10.);
#1881=VECTOR('',#7617,10.);
#1882=VECTOR('',#7620,10.);
#1883=VECTOR('',#7621,10.);
#1884=VECTOR('',#7622,10.);
#1885=VECTOR('',#7625,10.);
#1886=VECTOR('',#7626,10.);
#1887=VECTOR('',#7627,10.);
#1888=VECTOR('',#7630,10.);
#1889=VECTOR('',#7631,10.);
#1890=VECTOR('',#7634,10.);
#1891=VECTOR('',#7635,10.);
#1892=VECTOR('',#7636,10.);
#1893=VECTOR('',#7637,10.);
#1894=VECTOR('',#7640,10.);
#1895=VECTOR('',#7641,10.);
#1896=VECTOR('',#7642,10.);
#1897=VECTOR('',#7645,10.);
#1898=VECTOR('',#7646,10.);
#1899=VECTOR('',#7647,10.);
#1900=VECTOR('',#7650,10.);
#1901=VECTOR('',#7651,10.);
#1902=VECTOR('',#7654,10.);
#1903=VECTOR('',#7655,10.);
#1904=VECTOR('',#7656,10.);
#1905=VECTOR('',#7657,10.);
#1906=VECTOR('',#7660,10.);
#1907=VECTOR('',#7661,10.);
#1908=VECTOR('',#7662,10.);
#1909=VECTOR('',#7665,10.);
#1910=VECTOR('',#7666,10.);
#1911=VECTOR('',#7667,10.);
#1912=VECTOR('',#7670,10.);
#1913=VECTOR('',#7671,10.);
#1914=VECTOR('',#7674,10.);
#1915=VECTOR('',#7675,10.);
#1916=VECTOR('',#7676,10.);
#1917=VECTOR('',#7677,10.);
#1918=VECTOR('',#7680,10.);
#1919=VECTOR('',#7681,10.);
#1920=VECTOR('',#7682,10.);
#1921=VECTOR('',#7685,10.);
#1922=VECTOR('',#7686,10.);
#1923=VECTOR('',#7687,10.);
#1924=VECTOR('',#7690,10.);
#1925=VECTOR('',#7691,10.);
#1926=VECTOR('',#7694,10.);
#1927=VECTOR('',#7695,10.);
#1928=VECTOR('',#7696,10.);
#1929=VECTOR('',#7697,10.);
#1930=VECTOR('',#7700,10.);
#1931=VECTOR('',#7701,10.);
#1932=VECTOR('',#7702,10.);
#1933=VECTOR('',#7705,10.);
#1934=VECTOR('',#7706,10.);
#1935=VECTOR('',#7707,10.);
#1936=VECTOR('',#7710,10.);
#1937=VECTOR('',#7711,10.);
#1938=VECTOR('',#7714,10.);
#1939=VECTOR('',#7715,10.);
#1940=VECTOR('',#7716,10.);
#1941=VECTOR('',#7717,10.);
#1942=VECTOR('',#7720,10.);
#1943=VECTOR('',#7721,10.);
#1944=VECTOR('',#7722,10.);
#1945=VECTOR('',#7725,10.);
#1946=VECTOR('',#7726,10.);
#1947=VECTOR('',#7727,10.);
#1948=VECTOR('',#7730,10.);
#1949=VECTOR('',#7731,10.);
#1950=VECTOR('',#7734,10.);
#1951=VECTOR('',#7735,10.);
#1952=VECTOR('',#7736,10.);
#1953=VECTOR('',#7737,10.);
#1954=VECTOR('',#7740,10.);
#1955=VECTOR('',#7741,10.);
#1956=VECTOR('',#7742,10.);
#1957=VECTOR('',#7745,10.);
#1958=VECTOR('',#7746,10.);
#1959=VECTOR('',#7747,10.);
#1960=VECTOR('',#7750,10.);
#1961=VECTOR('',#7751,10.);
#1962=VECTOR('',#7754,10.);
#1963=VECTOR('',#7755,10.);
#1964=VECTOR('',#7756,10.);
#1965=VECTOR('',#7757,10.);
#1966=VECTOR('',#7760,10.);
#1967=VECTOR('',#7761,10.);
#1968=VECTOR('',#7762,10.);
#1969=VECTOR('',#7765,10.);
#1970=VECTOR('',#7766,10.);
#1971=VECTOR('',#7767,10.);
#1972=VECTOR('',#7770,10.);
#1973=VECTOR('',#7771,10.);
#1974=VECTOR('',#7774,10.);
#1975=VECTOR('',#7775,10.);
#1976=VECTOR('',#7776,10.);
#1977=VECTOR('',#7777,10.);
#1978=VECTOR('',#7780,10.);
#1979=VECTOR('',#7781,10.);
#1980=VECTOR('',#7782,10.);
#1981=VECTOR('',#7785,10.);
#1982=VECTOR('',#7786,10.);
#1983=VECTOR('',#7787,10.);
#1984=VECTOR('',#7790,10.);
#1985=VECTOR('',#7791,10.);
#1986=VECTOR('',#7798,2.35);
#1987=VECTOR('',#7805,2.35);
#1988=VECTOR('',#7812,2.35);
#1989=VECTOR('',#7819,2.35);
#1990=(
BOUNDED_CURVE()
B_SPLINE_CURVE(3,(#7835,#7836,#7837,#7838),.UNSPECIFIED.,.F.,.F.)
B_SPLINE_CURVE_WITH_KNOTS((4,4),(-1.,0.),.UNSPECIFIED.)
CURVE()
GEOMETRIC_REPRESENTATION_ITEM()
RATIONAL_B_SPLINE_CURVE((1.,1.,1.,1.))
REPRESENTATION_ITEM('')
);
#1991=(
BOUNDED_CURVE()
B_SPLINE_CURVE(3,(#7842,#7843,#7844,#7845),.UNSPECIFIED.,.F.,.F.)
B_SPLINE_CURVE_WITH_KNOTS((4,4),(-1.,0.),.UNSPECIFIED.)
CURVE()
GEOMETRIC_REPRESENTATION_ITEM()
RATIONAL_B_SPLINE_CURVE((1.,1.,1.,1.))
REPRESENTATION_ITEM('')
);
#1992=(
BOUNDED_CURVE()
B_SPLINE_CURVE(3,(#7856,#7857,#7858,#7859),.UNSPECIFIED.,.F.,.F.)
B_SPLINE_CURVE_WITH_KNOTS((4,4),(-1.,0.),.UNSPECIFIED.)
CURVE()
GEOMETRIC_REPRESENTATION_ITEM()
RATIONAL_B_SPLINE_CURVE((1.,1.,1.,1.))
REPRESENTATION_ITEM('')
);
#1993=(
BOUNDED_CURVE()
B_SPLINE_CURVE(3,(#7862,#7863,#7864,#7865),.UNSPECIFIED.,.F.,.F.)
B_SPLINE_CURVE_WITH_KNOTS((4,4),(-1.,0.),.UNSPECIFIED.)
CURVE()
GEOMETRIC_REPRESENTATION_ITEM()
RATIONAL_B_SPLINE_CURVE((1.,1.,1.,1.))
REPRESENTATION_ITEM('')
);
#1994=(
BOUNDED_CURVE()
B_SPLINE_CURVE(3,(#7875,#7876,#7877,#7878),.UNSPECIFIED.,.F.,.F.)
B_SPLINE_CURVE_WITH_KNOTS((4,4),(-1.,0.),.UNSPECIFIED.)
CURVE()
GEOMETRIC_REPRESENTATION_ITEM()
RATIONAL_B_SPLINE_CURVE((1.,1.,1.,1.))
REPRESENTATION_ITEM('')
);
#1995=(
BOUNDED_CURVE()
B_SPLINE_CURVE(3,(#7881,#7882,#7883,#7884),.UNSPECIFIED.,.F.,.F.)
B_SPLINE_CURVE_WITH_KNOTS((4,4),(-1.,0.),.UNSPECIFIED.)
CURVE()
GEOMETRIC_REPRESENTATION_ITEM()
RATIONAL_B_SPLINE_CURVE((1.,1.,1.,1.))
REPRESENTATION_ITEM('')
);
#1996=(
BOUNDED_CURVE()
B_SPLINE_CURVE(3,(#7894,#7895,#7896,#7897),.UNSPECIFIED.,.F.,.F.)
B_SPLINE_CURVE_WITH_KNOTS((4,4),(-1.,0.),.UNSPECIFIED.)
CURVE()
GEOMETRIC_REPRESENTATION_ITEM()
RATIONAL_B_SPLINE_CURVE((1.,1.,1.,1.))
REPRESENTATION_ITEM('')
);
#1997=(
BOUNDED_CURVE()
B_SPLINE_CURVE(3,(#7900,#7901,#7902,#7903),.UNSPECIFIED.,.F.,.F.)
B_SPLINE_CURVE_WITH_KNOTS((4,4),(-1.,0.),.UNSPECIFIED.)
CURVE()
GEOMETRIC_REPRESENTATION_ITEM()
RATIONAL_B_SPLINE_CURVE((1.,1.,1.,1.))
REPRESENTATION_ITEM('')
);
#1998=(
BOUNDED_CURVE()
B_SPLINE_CURVE(3,(#7925,#7926,#7927,#7928),.UNSPECIFIED.,.F.,.F.)
B_SPLINE_CURVE_WITH_KNOTS((4,4),(-1.,0.),.UNSPECIFIED.)
CURVE()
GEOMETRIC_REPRESENTATION_ITEM()
RATIONAL_B_SPLINE_CURVE((1.,1.,1.,1.))
REPRESENTATION_ITEM('')
);
#1999=(
BOUNDED_CURVE()
B_SPLINE_CURVE(3,(#7931,#7932,#7933,#7934),.UNSPECIFIED.,.F.,.F.)
B_SPLINE_CURVE_WITH_KNOTS((4,4),(-1.,0.),.UNSPECIFIED.)
CURVE()
GEOMETRIC_REPRESENTATION_ITEM()
RATIONAL_B_SPLINE_CURVE((1.,1.,1.,1.))
REPRESENTATION_ITEM('')
);
#2000=(
BOUNDED_CURVE()
B_SPLINE_CURVE(3,(#7943,#7944,#7945,#7946),.UNSPECIFIED.,.F.,.F.)
B_SPLINE_CURVE_WITH_KNOTS((4,4),(-1.,0.),.UNSPECIFIED.)
CURVE()
GEOMETRIC_REPRESENTATION_ITEM()
RATIONAL_B_SPLINE_CURVE((1.,1.,1.,1.))
REPRESENTATION_ITEM('')
);
#2001=(
BOUNDED_CURVE()
B_SPLINE_CURVE(3,(#7947,#7948,#7949,#7950),.UNSPECIFIED.,.F.,.F.)
B_SPLINE_CURVE_WITH_KNOTS((4,4),(-1.,0.),.UNSPECIFIED.)
CURVE()
GEOMETRIC_REPRESENTATION_ITEM()
RATIONAL_B_SPLINE_CURVE((1.,1.,1.,1.))
REPRESENTATION_ITEM('')
);
#2002=(
BOUNDED_CURVE()
B_SPLINE_CURVE(3,(#7961,#7962,#7963,#7964),.UNSPECIFIED.,.F.,.F.)
B_SPLINE_CURVE_WITH_KNOTS((4,4),(-1.,0.),.UNSPECIFIED.)
CURVE()
GEOMETRIC_REPRESENTATION_ITEM()
RATIONAL_B_SPLINE_CURVE((1.,1.,1.,1.))
REPRESENTATION_ITEM('')
);
#2003=(
BOUNDED_CURVE()
B_SPLINE_CURVE(3,(#7968,#7969,#7970,#7971),.UNSPECIFIED.,.F.,.F.)
B_SPLINE_CURVE_WITH_KNOTS((4,4),(-1.,0.),.UNSPECIFIED.)
CURVE()
GEOMETRIC_REPRESENTATION_ITEM()
RATIONAL_B_SPLINE_CURVE((1.,1.,1.,1.))
REPRESENTATION_ITEM('')
);
#2004=(
BOUNDED_CURVE()
B_SPLINE_CURVE(3,(#7982,#7983,#7984,#7985),.UNSPECIFIED.,.F.,.F.)
B_SPLINE_CURVE_WITH_KNOTS((4,4),(-1.,0.),.UNSPECIFIED.)
CURVE()
GEOMETRIC_REPRESENTATION_ITEM()
RATIONAL_B_SPLINE_CURVE((1.,1.,1.,1.))
REPRESENTATION_ITEM('')
);
#2005=(
BOUNDED_CURVE()
B_SPLINE_CURVE(3,(#7988,#7989,#7990,#7991),.UNSPECIFIED.,.F.,.F.)
B_SPLINE_CURVE_WITH_KNOTS((4,4),(-1.,0.),.UNSPECIFIED.)
CURVE()
GEOMETRIC_REPRESENTATION_ITEM()
RATIONAL_B_SPLINE_CURVE((1.,1.,1.,1.))
REPRESENTATION_ITEM('')
);
#2006=(
BOUNDED_CURVE()
B_SPLINE_CURVE(3,(#8001,#8002,#8003,#8004),.UNSPECIFIED.,.F.,.F.)
B_SPLINE_CURVE_WITH_KNOTS((4,4),(-1.,0.),.UNSPECIFIED.)
CURVE()
GEOMETRIC_REPRESENTATION_ITEM()
RATIONAL_B_SPLINE_CURVE((1.,1.,1.,1.))
REPRESENTATION_ITEM('')
);
#2007=(
BOUNDED_CURVE()
B_SPLINE_CURVE(3,(#8007,#8008,#8009,#8010),.UNSPECIFIED.,.F.,.F.)
B_SPLINE_CURVE_WITH_KNOTS((4,4),(-1.,0.),.UNSPECIFIED.)
CURVE()
GEOMETRIC_REPRESENTATION_ITEM()
RATIONAL_B_SPLINE_CURVE((1.,1.,1.,1.))
REPRESENTATION_ITEM('')
);
#2008=(
BOUNDED_CURVE()
B_SPLINE_CURVE(3,(#8020,#8021,#8022,#8023),.UNSPECIFIED.,.F.,.F.)
B_SPLINE_CURVE_WITH_KNOTS((4,4),(-1.,0.),.UNSPECIFIED.)
CURVE()
GEOMETRIC_REPRESENTATION_ITEM()
RATIONAL_B_SPLINE_CURVE((1.,1.,1.,1.))
REPRESENTATION_ITEM('')
);
#2009=(
BOUNDED_CURVE()
B_SPLINE_CURVE(3,(#8026,#8027,#8028,#8029),.UNSPECIFIED.,.F.,.F.)
B_SPLINE_CURVE_WITH_KNOTS((4,4),(-1.,0.),.UNSPECIFIED.)
CURVE()
GEOMETRIC_REPRESENTATION_ITEM()
RATIONAL_B_SPLINE_CURVE((1.,1.,1.,1.))
REPRESENTATION_ITEM('')
);
#2010=(
BOUNDED_CURVE()
B_SPLINE_CURVE(3,(#8038,#8039,#8040,#8041),.UNSPECIFIED.,.F.,.F.)
B_SPLINE_CURVE_WITH_KNOTS((4,4),(-1.,0.),.UNSPECIFIED.)
CURVE()
GEOMETRIC_REPRESENTATION_ITEM()
RATIONAL_B_SPLINE_CURVE((1.,1.,1.,1.))
REPRESENTATION_ITEM('')
);
#2011=(
BOUNDED_CURVE()
B_SPLINE_CURVE(3,(#8042,#8043,#8044,#8045),.UNSPECIFIED.,.F.,.F.)
B_SPLINE_CURVE_WITH_KNOTS((4,4),(-1.,0.),.UNSPECIFIED.)
CURVE()
GEOMETRIC_REPRESENTATION_ITEM()
RATIONAL_B_SPLINE_CURVE((1.,1.,1.,1.))
REPRESENTATION_ITEM('')
);
#2012=(
BOUNDED_CURVE()
B_SPLINE_CURVE(3,(#8056,#8057,#8058,#8059),.UNSPECIFIED.,.F.,.F.)
B_SPLINE_CURVE_WITH_KNOTS((4,4),(-1.,0.),.UNSPECIFIED.)
CURVE()
GEOMETRIC_REPRESENTATION_ITEM()
RATIONAL_B_SPLINE_CURVE((1.,1.,1.,1.))
REPRESENTATION_ITEM('')
);
#2013=(
BOUNDED_CURVE()
B_SPLINE_CURVE(3,(#8063,#8064,#8065,#8066),.UNSPECIFIED.,.F.,.F.)
B_SPLINE_CURVE_WITH_KNOTS((4,4),(-1.,0.),.UNSPECIFIED.)
CURVE()
GEOMETRIC_REPRESENTATION_ITEM()
RATIONAL_B_SPLINE_CURVE((1.,1.,1.,1.))
REPRESENTATION_ITEM('')
);
#2014=(
BOUNDED_CURVE()
B_SPLINE_CURVE(3,(#8077,#8078,#8079,#8080),.UNSPECIFIED.,.F.,.F.)
B_SPLINE_CURVE_WITH_KNOTS((4,4),(-1.,0.),.UNSPECIFIED.)
CURVE()
GEOMETRIC_REPRESENTATION_ITEM()
RATIONAL_B_SPLINE_CURVE((1.,1.,1.,1.))
REPRESENTATION_ITEM('')
);
#2015=(
BOUNDED_CURVE()
B_SPLINE_CURVE(3,(#8083,#8084,#8085,#8086),.UNSPECIFIED.,.F.,.F.)
B_SPLINE_CURVE_WITH_KNOTS((4,4),(-1.,0.),.UNSPECIFIED.)
CURVE()
GEOMETRIC_REPRESENTATION_ITEM()
RATIONAL_B_SPLINE_CURVE((1.,1.,1.,1.))
REPRESENTATION_ITEM('')
);
#2016=(
BOUNDED_CURVE()
B_SPLINE_CURVE(3,(#8096,#8097,#8098,#8099),.UNSPECIFIED.,.F.,.F.)
B_SPLINE_CURVE_WITH_KNOTS((4,4),(-1.,0.),.UNSPECIFIED.)
CURVE()
GEOMETRIC_REPRESENTATION_ITEM()
RATIONAL_B_SPLINE_CURVE((1.,1.,1.,1.))
REPRESENTATION_ITEM('')
);
#2017=(
BOUNDED_CURVE()
B_SPLINE_CURVE(3,(#8102,#8103,#8104,#8105),.UNSPECIFIED.,.F.,.F.)
B_SPLINE_CURVE_WITH_KNOTS((4,4),(-1.,0.),.UNSPECIFIED.)
CURVE()
GEOMETRIC_REPRESENTATION_ITEM()
RATIONAL_B_SPLINE_CURVE((1.,1.,1.,1.))
REPRESENTATION_ITEM('')
);
#2018=(
BOUNDED_CURVE()
B_SPLINE_CURVE(3,(#8115,#8116,#8117,#8118),.UNSPECIFIED.,.F.,.F.)
B_SPLINE_CURVE_WITH_KNOTS((4,4),(-1.,0.),.UNSPECIFIED.)
CURVE()
GEOMETRIC_REPRESENTATION_ITEM()
RATIONAL_B_SPLINE_CURVE((1.,1.,1.,1.))
REPRESENTATION_ITEM('')
);
#2019=(
BOUNDED_CURVE()
B_SPLINE_CURVE(3,(#8121,#8122,#8123,#8124),.UNSPECIFIED.,.F.,.F.)
B_SPLINE_CURVE_WITH_KNOTS((4,4),(-1.,0.),.UNSPECIFIED.)
CURVE()
GEOMETRIC_REPRESENTATION_ITEM()
RATIONAL_B_SPLINE_CURVE((1.,1.,1.,1.))
REPRESENTATION_ITEM('')
);
#2020=(
BOUNDED_CURVE()
B_SPLINE_CURVE(3,(#8134,#8135,#8136,#8137),.UNSPECIFIED.,.F.,.F.)
B_SPLINE_CURVE_WITH_KNOTS((4,4),(-1.,0.),.UNSPECIFIED.)
CURVE()
GEOMETRIC_REPRESENTATION_ITEM()
RATIONAL_B_SPLINE_CURVE((1.,1.,1.,1.))
REPRESENTATION_ITEM('')
);
#2021=(
BOUNDED_CURVE()
B_SPLINE_CURVE(3,(#8140,#8141,#8142,#8143),.UNSPECIFIED.,.F.,.F.)
B_SPLINE_CURVE_WITH_KNOTS((4,4),(-1.,0.),.UNSPECIFIED.)
CURVE()
GEOMETRIC_REPRESENTATION_ITEM()
RATIONAL_B_SPLINE_CURVE((1.,1.,1.,1.))
REPRESENTATION_ITEM('')
);
#2022=(
BOUNDED_CURVE()
B_SPLINE_CURVE(3,(#8165,#8166,#8167,#8168),.UNSPECIFIED.,.F.,.F.)
B_SPLINE_CURVE_WITH_KNOTS((4,4),(-1.,0.),.UNSPECIFIED.)
CURVE()
GEOMETRIC_REPRESENTATION_ITEM()
RATIONAL_B_SPLINE_CURVE((1.,1.,1.,1.))
REPRESENTATION_ITEM('')
);
#2023=(
BOUNDED_CURVE()
B_SPLINE_CURVE(3,(#8171,#8172,#8173,#8174),.UNSPECIFIED.,.F.,.F.)
B_SPLINE_CURVE_WITH_KNOTS((4,4),(-1.,0.),.UNSPECIFIED.)
CURVE()
GEOMETRIC_REPRESENTATION_ITEM()
RATIONAL_B_SPLINE_CURVE((1.,1.,1.,1.))
REPRESENTATION_ITEM('')
);
#2024=(
BOUNDED_CURVE()
B_SPLINE_CURVE(3,(#8184,#8185,#8186,#8187),.UNSPECIFIED.,.F.,.F.)
B_SPLINE_CURVE_WITH_KNOTS((4,4),(-1.,0.),.UNSPECIFIED.)
CURVE()
GEOMETRIC_REPRESENTATION_ITEM()
RATIONAL_B_SPLINE_CURVE((1.,1.,1.,1.))
REPRESENTATION_ITEM('')
);
#2025=(
BOUNDED_CURVE()
B_SPLINE_CURVE(3,(#8190,#8191,#8192,#8193),.UNSPECIFIED.,.F.,.F.)
B_SPLINE_CURVE_WITH_KNOTS((4,4),(-1.,0.),.UNSPECIFIED.)
CURVE()
GEOMETRIC_REPRESENTATION_ITEM()
RATIONAL_B_SPLINE_CURVE((1.,1.,1.,1.))
REPRESENTATION_ITEM('')
);
#2026=(
BOUNDED_CURVE()
B_SPLINE_CURVE(3,(#8203,#8204,#8205,#8206),.UNSPECIFIED.,.F.,.F.)
B_SPLINE_CURVE_WITH_KNOTS((4,4),(-1.,0.),.UNSPECIFIED.)
CURVE()
GEOMETRIC_REPRESENTATION_ITEM()
RATIONAL_B_SPLINE_CURVE((1.,1.,1.,1.))
REPRESENTATION_ITEM('')
);
#2027=(
BOUNDED_CURVE()
B_SPLINE_CURVE(3,(#8209,#8210,#8211,#8212),.UNSPECIFIED.,.F.,.F.)
B_SPLINE_CURVE_WITH_KNOTS((4,4),(-1.,0.),.UNSPECIFIED.)
CURVE()
GEOMETRIC_REPRESENTATION_ITEM()
RATIONAL_B_SPLINE_CURVE((1.,1.,1.,1.))
REPRESENTATION_ITEM('')
);
#2028=(
BOUNDED_CURVE()
B_SPLINE_CURVE(3,(#8222,#8223,#8224,#8225),.UNSPECIFIED.,.F.,.F.)
B_SPLINE_CURVE_WITH_KNOTS((4,4),(-1.,0.),.UNSPECIFIED.)
CURVE()
GEOMETRIC_REPRESENTATION_ITEM()
RATIONAL_B_SPLINE_CURVE((1.,1.,1.,1.))
REPRESENTATION_ITEM('')
);
#2029=(
BOUNDED_CURVE()
B_SPLINE_CURVE(3,(#8228,#8229,#8230,#8231),.UNSPECIFIED.,.F.,.F.)
B_SPLINE_CURVE_WITH_KNOTS((4,4),(-1.,0.),.UNSPECIFIED.)
CURVE()
GEOMETRIC_REPRESENTATION_ITEM()
RATIONAL_B_SPLINE_CURVE((1.,1.,1.,1.))
REPRESENTATION_ITEM('')
);
#2030=(
BOUNDED_CURVE()
B_SPLINE_CURVE(3,(#8241,#8242,#8243,#8244),.UNSPECIFIED.,.F.,.F.)
B_SPLINE_CURVE_WITH_KNOTS((4,4),(-1.,0.),.UNSPECIFIED.)
CURVE()
GEOMETRIC_REPRESENTATION_ITEM()
RATIONAL_B_SPLINE_CURVE((1.,1.,1.,1.))
REPRESENTATION_ITEM('')
);
#2031=(
BOUNDED_CURVE()
B_SPLINE_CURVE(3,(#8247,#8248,#8249,#8250),.UNSPECIFIED.,.F.,.F.)
B_SPLINE_CURVE_WITH_KNOTS((4,4),(-1.,0.),.UNSPECIFIED.)
CURVE()
GEOMETRIC_REPRESENTATION_ITEM()
RATIONAL_B_SPLINE_CURVE((1.,1.,1.,1.))
REPRESENTATION_ITEM('')
);
#2032=(
BOUNDED_CURVE()
B_SPLINE_CURVE(3,(#8259,#8260,#8261,#8262),.UNSPECIFIED.,.F.,.F.)
B_SPLINE_CURVE_WITH_KNOTS((4,4),(-1.,0.),.UNSPECIFIED.)
CURVE()
GEOMETRIC_REPRESENTATION_ITEM()
RATIONAL_B_SPLINE_CURVE((1.,1.,1.,1.))
REPRESENTATION_ITEM('')
);
#2033=(
BOUNDED_CURVE()
B_SPLINE_CURVE(3,(#8263,#8264,#8265,#8266),.UNSPECIFIED.,.F.,.F.)
B_SPLINE_CURVE_WITH_KNOTS((4,4),(-1.,0.),.UNSPECIFIED.)
CURVE()
GEOMETRIC_REPRESENTATION_ITEM()
RATIONAL_B_SPLINE_CURVE((1.,1.,1.,1.))
REPRESENTATION_ITEM('')
);
#2034=(
BOUNDED_CURVE()
B_SPLINE_CURVE(3,(#8277,#8278,#8279,#8280),.UNSPECIFIED.,.F.,.F.)
B_SPLINE_CURVE_WITH_KNOTS((4,4),(-1.,0.),.UNSPECIFIED.)
CURVE()
GEOMETRIC_REPRESENTATION_ITEM()
RATIONAL_B_SPLINE_CURVE((1.,1.,1.,1.))
REPRESENTATION_ITEM('')
);
#2035=(
BOUNDED_CURVE()
B_SPLINE_CURVE(3,(#8284,#8285,#8286,#8287),.UNSPECIFIED.,.F.,.F.)
B_SPLINE_CURVE_WITH_KNOTS((4,4),(-1.,0.),.UNSPECIFIED.)
CURVE()
GEOMETRIC_REPRESENTATION_ITEM()
RATIONAL_B_SPLINE_CURVE((1.,1.,1.,1.))
REPRESENTATION_ITEM('')
);
#2036=(
BOUNDED_CURVE()
B_SPLINE_CURVE(3,(#8298,#8299,#8300,#8301),.UNSPECIFIED.,.F.,.F.)
B_SPLINE_CURVE_WITH_KNOTS((4,4),(-1.,0.),.UNSPECIFIED.)
CURVE()
GEOMETRIC_REPRESENTATION_ITEM()
RATIONAL_B_SPLINE_CURVE((1.,1.,1.,1.))
REPRESENTATION_ITEM('')
);
#2037=(
BOUNDED_CURVE()
B_SPLINE_CURVE(3,(#8304,#8305,#8306,#8307),.UNSPECIFIED.,.F.,.F.)
B_SPLINE_CURVE_WITH_KNOTS((4,4),(-1.,0.),.UNSPECIFIED.)
CURVE()
GEOMETRIC_REPRESENTATION_ITEM()
RATIONAL_B_SPLINE_CURVE((1.,1.,1.,1.))
REPRESENTATION_ITEM('')
);
#2038=(
BOUNDED_CURVE()
B_SPLINE_CURVE(3,(#8317,#8318,#8319,#8320),.UNSPECIFIED.,.F.,.F.)
B_SPLINE_CURVE_WITH_KNOTS((4,4),(-1.,0.),.UNSPECIFIED.)
CURVE()
GEOMETRIC_REPRESENTATION_ITEM()
RATIONAL_B_SPLINE_CURVE((1.,1.,1.,1.))
REPRESENTATION_ITEM('')
);
#2039=(
BOUNDED_CURVE()
B_SPLINE_CURVE(3,(#8323,#8324,#8325,#8326),.UNSPECIFIED.,.F.,.F.)
B_SPLINE_CURVE_WITH_KNOTS((4,4),(-1.,0.),.UNSPECIFIED.)
CURVE()
GEOMETRIC_REPRESENTATION_ITEM()
RATIONAL_B_SPLINE_CURVE((1.,1.,1.,1.))
REPRESENTATION_ITEM('')
);
#2040=(
BOUNDED_CURVE()
B_SPLINE_CURVE(3,(#8336,#8337,#8338,#8339),.UNSPECIFIED.,.F.,.F.)
B_SPLINE_CURVE_WITH_KNOTS((4,4),(-1.,0.),.UNSPECIFIED.)
CURVE()
GEOMETRIC_REPRESENTATION_ITEM()
RATIONAL_B_SPLINE_CURVE((1.,1.,1.,1.))
REPRESENTATION_ITEM('')
);
#2041=(
BOUNDED_CURVE()
B_SPLINE_CURVE(3,(#8342,#8343,#8344,#8345),.UNSPECIFIED.,.F.,.F.)
B_SPLINE_CURVE_WITH_KNOTS((4,4),(-1.,0.),.UNSPECIFIED.)
CURVE()
GEOMETRIC_REPRESENTATION_ITEM()
RATIONAL_B_SPLINE_CURVE((1.,1.,1.,1.))
REPRESENTATION_ITEM('')
);
#2042=(
BOUNDED_CURVE()
B_SPLINE_CURVE(3,(#8354,#8355,#8356,#8357),.UNSPECIFIED.,.F.,.F.)
B_SPLINE_CURVE_WITH_KNOTS((4,4),(-1.,0.),.UNSPECIFIED.)
CURVE()
GEOMETRIC_REPRESENTATION_ITEM()
RATIONAL_B_SPLINE_CURVE((1.,1.,1.,1.))
REPRESENTATION_ITEM('')
);
#2043=(
BOUNDED_CURVE()
B_SPLINE_CURVE(3,(#8358,#8359,#8360,#8361),.UNSPECIFIED.,.F.,.F.)
B_SPLINE_CURVE_WITH_KNOTS((4,4),(-1.,0.),.UNSPECIFIED.)
CURVE()
GEOMETRIC_REPRESENTATION_ITEM()
RATIONAL_B_SPLINE_CURVE((1.,1.,1.,1.))
REPRESENTATION_ITEM('')
);
#2044=(
BOUNDED_CURVE()
B_SPLINE_CURVE(3,(#8372,#8373,#8374,#8375),.UNSPECIFIED.,.F.,.F.)
B_SPLINE_CURVE_WITH_KNOTS((4,4),(-1.,0.),.UNSPECIFIED.)
CURVE()
GEOMETRIC_REPRESENTATION_ITEM()
RATIONAL_B_SPLINE_CURVE((1.,1.,1.,1.))
REPRESENTATION_ITEM('')
);
#2045=(
BOUNDED_CURVE()
B_SPLINE_CURVE(3,(#8379,#8380,#8381,#8382),.UNSPECIFIED.,.F.,.F.)
B_SPLINE_CURVE_WITH_KNOTS((4,4),(-1.,0.),.UNSPECIFIED.)
CURVE()
GEOMETRIC_REPRESENTATION_ITEM()
RATIONAL_B_SPLINE_CURVE((1.,1.,1.,1.))
REPRESENTATION_ITEM('')
);
#2046=(
BOUNDED_CURVE()
B_SPLINE_CURVE(3,(#8393,#8394,#8395,#8396),.UNSPECIFIED.,.F.,.F.)
B_SPLINE_CURVE_WITH_KNOTS((4,4),(-1.,0.),.UNSPECIFIED.)
CURVE()
GEOMETRIC_REPRESENTATION_ITEM()
RATIONAL_B_SPLINE_CURVE((1.,1.,1.,1.))
REPRESENTATION_ITEM('')
);
#2047=(
BOUNDED_CURVE()
B_SPLINE_CURVE(3,(#8399,#8400,#8401,#8402),.UNSPECIFIED.,.F.,.F.)
B_SPLINE_CURVE_WITH_KNOTS((4,4),(-1.,0.),.UNSPECIFIED.)
CURVE()
GEOMETRIC_REPRESENTATION_ITEM()
RATIONAL_B_SPLINE_CURVE((1.,1.,1.,1.))
REPRESENTATION_ITEM('')
);
#2048=(
BOUNDED_CURVE()
B_SPLINE_CURVE(3,(#8412,#8413,#8414,#8415),.UNSPECIFIED.,.F.,.F.)
B_SPLINE_CURVE_WITH_KNOTS((4,4),(-1.,0.),.UNSPECIFIED.)
CURVE()
GEOMETRIC_REPRESENTATION_ITEM()
RATIONAL_B_SPLINE_CURVE((1.,1.,1.,1.))
REPRESENTATION_ITEM('')
);
#2049=(
BOUNDED_CURVE()
B_SPLINE_CURVE(3,(#8418,#8419,#8420,#8421),.UNSPECIFIED.,.F.,.F.)
B_SPLINE_CURVE_WITH_KNOTS((4,4),(-1.,0.),.UNSPECIFIED.)
CURVE()
GEOMETRIC_REPRESENTATION_ITEM()
RATIONAL_B_SPLINE_CURVE((1.,1.,1.,1.))
REPRESENTATION_ITEM('')
);
#2050=(
BOUNDED_CURVE()
B_SPLINE_CURVE(3,(#8431,#8432,#8433,#8434),.UNSPECIFIED.,.F.,.F.)
B_SPLINE_CURVE_WITH_KNOTS((4,4),(-1.,0.),.UNSPECIFIED.)
CURVE()
GEOMETRIC_REPRESENTATION_ITEM()
RATIONAL_B_SPLINE_CURVE((1.,1.,1.,1.))
REPRESENTATION_ITEM('')
);
#2051=(
BOUNDED_CURVE()
B_SPLINE_CURVE(3,(#8437,#8438,#8439,#8440),.UNSPECIFIED.,.F.,.F.)
B_SPLINE_CURVE_WITH_KNOTS((4,4),(-1.,0.),.UNSPECIFIED.)
CURVE()
GEOMETRIC_REPRESENTATION_ITEM()
RATIONAL_B_SPLINE_CURVE((1.,1.,1.,1.))
REPRESENTATION_ITEM('')
);
#2052=(
BOUNDED_CURVE()
B_SPLINE_CURVE(3,(#8449,#8450,#8451,#8452),.UNSPECIFIED.,.F.,.F.)
B_SPLINE_CURVE_WITH_KNOTS((4,4),(-1.,0.),.UNSPECIFIED.)
CURVE()
GEOMETRIC_REPRESENTATION_ITEM()
RATIONAL_B_SPLINE_CURVE((1.,1.,1.,1.))
REPRESENTATION_ITEM('')
);
#2053=(
BOUNDED_CURVE()
B_SPLINE_CURVE(3,(#8453,#8454,#8455,#8456),.UNSPECIFIED.,.F.,.F.)
B_SPLINE_CURVE_WITH_KNOTS((4,4),(-1.,0.),.UNSPECIFIED.)
CURVE()
GEOMETRIC_REPRESENTATION_ITEM()
RATIONAL_B_SPLINE_CURVE((1.,1.,1.,1.))
REPRESENTATION_ITEM('')
);
#2054=(
BOUNDED_CURVE()
B_SPLINE_CURVE(3,(#8467,#8468,#8469,#8470),.UNSPECIFIED.,.F.,.F.)
B_SPLINE_CURVE_WITH_KNOTS((4,4),(-1.,0.),.UNSPECIFIED.)
CURVE()
GEOMETRIC_REPRESENTATION_ITEM()
RATIONAL_B_SPLINE_CURVE((1.,1.,1.,1.))
REPRESENTATION_ITEM('')
);
#2055=(
BOUNDED_CURVE()
B_SPLINE_CURVE(3,(#8474,#8475,#8476,#8477),.UNSPECIFIED.,.F.,.F.)
B_SPLINE_CURVE_WITH_KNOTS((4,4),(-1.,0.),.UNSPECIFIED.)
CURVE()
GEOMETRIC_REPRESENTATION_ITEM()
RATIONAL_B_SPLINE_CURVE((1.,1.,1.,1.))
REPRESENTATION_ITEM('')
);
#2056=(
BOUNDED_CURVE()
B_SPLINE_CURVE(3,(#8488,#8489,#8490,#8491),.UNSPECIFIED.,.F.,.F.)
B_SPLINE_CURVE_WITH_KNOTS((4,4),(-1.,0.),.UNSPECIFIED.)
CURVE()
GEOMETRIC_REPRESENTATION_ITEM()
RATIONAL_B_SPLINE_CURVE((1.,1.,1.,1.))
REPRESENTATION_ITEM('')
);
#2057=(
BOUNDED_CURVE()
B_SPLINE_CURVE(3,(#8494,#8495,#8496,#8497),.UNSPECIFIED.,.F.,.F.)
B_SPLINE_CURVE_WITH_KNOTS((4,4),(-1.,0.),.UNSPECIFIED.)
CURVE()
GEOMETRIC_REPRESENTATION_ITEM()
RATIONAL_B_SPLINE_CURVE((1.,1.,1.,1.))
REPRESENTATION_ITEM('')
);
#2058=(
BOUNDED_CURVE()
B_SPLINE_CURVE(3,(#8507,#8508,#8509,#8510),.UNSPECIFIED.,.F.,.F.)
B_SPLINE_CURVE_WITH_KNOTS((4,4),(-1.,0.),.UNSPECIFIED.)
CURVE()
GEOMETRIC_REPRESENTATION_ITEM()
RATIONAL_B_SPLINE_CURVE((1.,1.,1.,1.))
REPRESENTATION_ITEM('')
);
#2059=(
BOUNDED_CURVE()
B_SPLINE_CURVE(3,(#8513,#8514,#8515,#8516),.UNSPECIFIED.,.F.,.F.)
B_SPLINE_CURVE_WITH_KNOTS((4,4),(-1.,0.),.UNSPECIFIED.)
CURVE()
GEOMETRIC_REPRESENTATION_ITEM()
RATIONAL_B_SPLINE_CURVE((1.,1.,1.,1.))
REPRESENTATION_ITEM('')
);
#2060=(
BOUNDED_CURVE()
B_SPLINE_CURVE(3,(#8526,#8527,#8528,#8529),.UNSPECIFIED.,.F.,.F.)
B_SPLINE_CURVE_WITH_KNOTS((4,4),(-1.,0.),.UNSPECIFIED.)
CURVE()
GEOMETRIC_REPRESENTATION_ITEM()
RATIONAL_B_SPLINE_CURVE((1.,1.,1.,1.))
REPRESENTATION_ITEM('')
);
#2061=(
BOUNDED_CURVE()
B_SPLINE_CURVE(3,(#8532,#8533,#8534,#8535),.UNSPECIFIED.,.F.,.F.)
B_SPLINE_CURVE_WITH_KNOTS((4,4),(-1.,0.),.UNSPECIFIED.)
CURVE()
GEOMETRIC_REPRESENTATION_ITEM()
RATIONAL_B_SPLINE_CURVE((1.,1.,1.,1.))
REPRESENTATION_ITEM('')
);
#2062=(
BOUNDED_CURVE()
B_SPLINE_CURVE(3,(#8545,#8546,#8547,#8548),.UNSPECIFIED.,.F.,.F.)
B_SPLINE_CURVE_WITH_KNOTS((4,4),(-1.,0.),.UNSPECIFIED.)
CURVE()
GEOMETRIC_REPRESENTATION_ITEM()
RATIONAL_B_SPLINE_CURVE((1.,1.,1.,1.))
REPRESENTATION_ITEM('')
);
#2063=(
BOUNDED_CURVE()
B_SPLINE_CURVE(3,(#8551,#8552,#8553,#8554),.UNSPECIFIED.,.F.,.F.)
B_SPLINE_CURVE_WITH_KNOTS((4,4),(-1.,0.),.UNSPECIFIED.)
CURVE()
GEOMETRIC_REPRESENTATION_ITEM()
RATIONAL_B_SPLINE_CURVE((1.,1.,1.,1.))
REPRESENTATION_ITEM('')
);
#2064=(
BOUNDED_CURVE()
B_SPLINE_CURVE(3,(#8564,#8565,#8566,#8567),.UNSPECIFIED.,.F.,.F.)
B_SPLINE_CURVE_WITH_KNOTS((4,4),(-1.,0.),.UNSPECIFIED.)
CURVE()
GEOMETRIC_REPRESENTATION_ITEM()
RATIONAL_B_SPLINE_CURVE((1.,1.,1.,1.))
REPRESENTATION_ITEM('')
);
#2065=(
BOUNDED_CURVE()
B_SPLINE_CURVE(3,(#8570,#8571,#8572,#8573),.UNSPECIFIED.,.F.,.F.)
B_SPLINE_CURVE_WITH_KNOTS((4,4),(-1.,0.),.UNSPECIFIED.)
CURVE()
GEOMETRIC_REPRESENTATION_ITEM()
RATIONAL_B_SPLINE_CURVE((1.,1.,1.,1.))
REPRESENTATION_ITEM('')
);
#2066=(
BOUNDED_CURVE()
B_SPLINE_CURVE(3,(#8583,#8584,#8585,#8586),.UNSPECIFIED.,.F.,.F.)
B_SPLINE_CURVE_WITH_KNOTS((4,4),(-1.,0.),.UNSPECIFIED.)
CURVE()
GEOMETRIC_REPRESENTATION_ITEM()
RATIONAL_B_SPLINE_CURVE((1.,1.,1.,1.))
REPRESENTATION_ITEM('')
);
#2067=(
BOUNDED_CURVE()
B_SPLINE_CURVE(3,(#8589,#8590,#8591,#8592),.UNSPECIFIED.,.F.,.F.)
B_SPLINE_CURVE_WITH_KNOTS((4,4),(-1.,0.),.UNSPECIFIED.)
CURVE()
GEOMETRIC_REPRESENTATION_ITEM()
RATIONAL_B_SPLINE_CURVE((1.,1.,1.,1.))
REPRESENTATION_ITEM('')
);
#2068=(
BOUNDED_CURVE()
B_SPLINE_CURVE(3,(#8614,#8615,#8616,#8617),.UNSPECIFIED.,.F.,.F.)
B_SPLINE_CURVE_WITH_KNOTS((4,4),(-1.,0.),.UNSPECIFIED.)
CURVE()
GEOMETRIC_REPRESENTATION_ITEM()
RATIONAL_B_SPLINE_CURVE((1.,1.,1.,1.))
REPRESENTATION_ITEM('')
);
#2069=(
BOUNDED_CURVE()
B_SPLINE_CURVE(3,(#8620,#8621,#8622,#8623),.UNSPECIFIED.,.F.,.F.)
B_SPLINE_CURVE_WITH_KNOTS((4,4),(-1.,0.),.UNSPECIFIED.)
CURVE()
GEOMETRIC_REPRESENTATION_ITEM()
RATIONAL_B_SPLINE_CURVE((1.,1.,1.,1.))
REPRESENTATION_ITEM('')
);
#2070=(
BOUNDED_CURVE()
B_SPLINE_CURVE(3,(#8633,#8634,#8635,#8636),.UNSPECIFIED.,.F.,.F.)
B_SPLINE_CURVE_WITH_KNOTS((4,4),(-1.,0.),.UNSPECIFIED.)
CURVE()
GEOMETRIC_REPRESENTATION_ITEM()
RATIONAL_B_SPLINE_CURVE((1.,1.,1.,1.))
REPRESENTATION_ITEM('')
);
#2071=(
BOUNDED_CURVE()
B_SPLINE_CURVE(3,(#8639,#8640,#8641,#8642),.UNSPECIFIED.,.F.,.F.)
B_SPLINE_CURVE_WITH_KNOTS((4,4),(-1.,0.),.UNSPECIFIED.)
CURVE()
GEOMETRIC_REPRESENTATION_ITEM()
RATIONAL_B_SPLINE_CURVE((1.,1.,1.,1.))
REPRESENTATION_ITEM('')
);
#2072=(
BOUNDED_CURVE()
B_SPLINE_CURVE(3,(#8652,#8653,#8654,#8655),.UNSPECIFIED.,.F.,.F.)
B_SPLINE_CURVE_WITH_KNOTS((4,4),(-1.,0.),.UNSPECIFIED.)
CURVE()
GEOMETRIC_REPRESENTATION_ITEM()
RATIONAL_B_SPLINE_CURVE((1.,1.,1.,1.))
REPRESENTATION_ITEM('')
);
#2073=(
BOUNDED_CURVE()
B_SPLINE_CURVE(3,(#8658,#8659,#8660,#8661),.UNSPECIFIED.,.F.,.F.)
B_SPLINE_CURVE_WITH_KNOTS((4,4),(-1.,0.),.UNSPECIFIED.)
CURVE()
GEOMETRIC_REPRESENTATION_ITEM()
RATIONAL_B_SPLINE_CURVE((1.,1.,1.,1.))
REPRESENTATION_ITEM('')
);
#2074=(
BOUNDED_CURVE()
B_SPLINE_CURVE(3,(#8671,#8672,#8673,#8674),.UNSPECIFIED.,.F.,.F.)
B_SPLINE_CURVE_WITH_KNOTS((4,4),(-1.,0.),.UNSPECIFIED.)
CURVE()
GEOMETRIC_REPRESENTATION_ITEM()
RATIONAL_B_SPLINE_CURVE((1.,1.,1.,1.))
REPRESENTATION_ITEM('')
);
#2075=(
BOUNDED_CURVE()
B_SPLINE_CURVE(3,(#8677,#8678,#8679,#8680),.UNSPECIFIED.,.F.,.F.)
B_SPLINE_CURVE_WITH_KNOTS((4,4),(-1.,0.),.UNSPECIFIED.)
CURVE()
GEOMETRIC_REPRESENTATION_ITEM()
RATIONAL_B_SPLINE_CURVE((1.,1.,1.,1.))
REPRESENTATION_ITEM('')
);
#2076=(
BOUNDED_CURVE()
B_SPLINE_CURVE(3,(#8702,#8703,#8704,#8705),.UNSPECIFIED.,.F.,.F.)
B_SPLINE_CURVE_WITH_KNOTS((4,4),(-1.,0.),.UNSPECIFIED.)
CURVE()
GEOMETRIC_REPRESENTATION_ITEM()
RATIONAL_B_SPLINE_CURVE((1.,1.,1.,1.))
REPRESENTATION_ITEM('')
);
#2077=(
BOUNDED_CURVE()
B_SPLINE_CURVE(3,(#8708,#8709,#8710,#8711),.UNSPECIFIED.,.F.,.F.)
B_SPLINE_CURVE_WITH_KNOTS((4,4),(-1.,0.),.UNSPECIFIED.)
CURVE()
GEOMETRIC_REPRESENTATION_ITEM()
RATIONAL_B_SPLINE_CURVE((1.,1.,1.,1.))
REPRESENTATION_ITEM('')
);
#2078=(
BOUNDED_CURVE()
B_SPLINE_CURVE(3,(#8721,#8722,#8723,#8724),.UNSPECIFIED.,.F.,.F.)
B_SPLINE_CURVE_WITH_KNOTS((4,4),(-1.,0.),.UNSPECIFIED.)
CURVE()
GEOMETRIC_REPRESENTATION_ITEM()
RATIONAL_B_SPLINE_CURVE((1.,1.,1.,1.))
REPRESENTATION_ITEM('')
);
#2079=(
BOUNDED_CURVE()
B_SPLINE_CURVE(3,(#8727,#8728,#8729,#8730),.UNSPECIFIED.,.F.,.F.)
B_SPLINE_CURVE_WITH_KNOTS((4,4),(-1.,0.),.UNSPECIFIED.)
CURVE()
GEOMETRIC_REPRESENTATION_ITEM()
RATIONAL_B_SPLINE_CURVE((1.,1.,1.,1.))
REPRESENTATION_ITEM('')
);
#2080=(
BOUNDED_CURVE()
B_SPLINE_CURVE(3,(#8758,#8759,#8760,#8761),.UNSPECIFIED.,.F.,.F.)
B_SPLINE_CURVE_WITH_KNOTS((4,4),(-1.,0.),.UNSPECIFIED.)
CURVE()
GEOMETRIC_REPRESENTATION_ITEM()
RATIONAL_B_SPLINE_CURVE((1.,1.,1.,1.))
REPRESENTATION_ITEM('')
);
#2081=(
BOUNDED_CURVE()
B_SPLINE_CURVE(3,(#8764,#8765,#8766,#8767),.UNSPECIFIED.,.F.,.F.)
B_SPLINE_CURVE_WITH_KNOTS((4,4),(-1.,0.),.UNSPECIFIED.)
CURVE()
GEOMETRIC_REPRESENTATION_ITEM()
RATIONAL_B_SPLINE_CURVE((1.,1.,1.,1.))
REPRESENTATION_ITEM('')
);
#2082=(
BOUNDED_CURVE()
B_SPLINE_CURVE(3,(#8777,#8778,#8779,#8780),.UNSPECIFIED.,.F.,.F.)
B_SPLINE_CURVE_WITH_KNOTS((4,4),(-1.,0.),.UNSPECIFIED.)
CURVE()
GEOMETRIC_REPRESENTATION_ITEM()
RATIONAL_B_SPLINE_CURVE((1.,1.,1.,1.))
REPRESENTATION_ITEM('')
);
#2083=(
BOUNDED_CURVE()
B_SPLINE_CURVE(3,(#8783,#8784,#8785,#8786),.UNSPECIFIED.,.F.,.F.)
B_SPLINE_CURVE_WITH_KNOTS((4,4),(-1.,0.),.UNSPECIFIED.)
CURVE()
GEOMETRIC_REPRESENTATION_ITEM()
RATIONAL_B_SPLINE_CURVE((1.,1.,1.,1.))
REPRESENTATION_ITEM('')
);
#2084=(
BOUNDED_CURVE()
B_SPLINE_CURVE(3,(#8796,#8797,#8798,#8799),.UNSPECIFIED.,.F.,.F.)
B_SPLINE_CURVE_WITH_KNOTS((4,4),(-1.,0.),.UNSPECIFIED.)
CURVE()
GEOMETRIC_REPRESENTATION_ITEM()
RATIONAL_B_SPLINE_CURVE((1.,1.,1.,1.))
REPRESENTATION_ITEM('')
);
#2085=(
BOUNDED_CURVE()
B_SPLINE_CURVE(3,(#8802,#8803,#8804,#8805),.UNSPECIFIED.,.F.,.F.)
B_SPLINE_CURVE_WITH_KNOTS((4,4),(-1.,0.),.UNSPECIFIED.)
CURVE()
GEOMETRIC_REPRESENTATION_ITEM()
RATIONAL_B_SPLINE_CURVE((1.,1.,1.,1.))
REPRESENTATION_ITEM('')
);
#2086=(
BOUNDED_CURVE()
B_SPLINE_CURVE(3,(#8815,#8816,#8817,#8818),.UNSPECIFIED.,.F.,.F.)
B_SPLINE_CURVE_WITH_KNOTS((4,4),(-1.,0.),.UNSPECIFIED.)
CURVE()
GEOMETRIC_REPRESENTATION_ITEM()
RATIONAL_B_SPLINE_CURVE((1.,1.,1.,1.))
REPRESENTATION_ITEM('')
);
#2087=(
BOUNDED_CURVE()
B_SPLINE_CURVE(3,(#8821,#8822,#8823,#8824),.UNSPECIFIED.,.F.,.F.)
B_SPLINE_CURVE_WITH_KNOTS((4,4),(-1.,0.),.UNSPECIFIED.)
CURVE()
GEOMETRIC_REPRESENTATION_ITEM()
RATIONAL_B_SPLINE_CURVE((1.,1.,1.,1.))
REPRESENTATION_ITEM('')
);
#2088=(
BOUNDED_CURVE()
B_SPLINE_CURVE(3,(#8834,#8835,#8836,#8837),.UNSPECIFIED.,.F.,.F.)
B_SPLINE_CURVE_WITH_KNOTS((4,4),(-1.,0.),.UNSPECIFIED.)
CURVE()
GEOMETRIC_REPRESENTATION_ITEM()
RATIONAL_B_SPLINE_CURVE((1.,1.,1.,1.))
REPRESENTATION_ITEM('')
);
#2089=(
BOUNDED_CURVE()
B_SPLINE_CURVE(3,(#8840,#8841,#8842,#8843),.UNSPECIFIED.,.F.,.F.)
B_SPLINE_CURVE_WITH_KNOTS((4,4),(-1.,0.),.UNSPECIFIED.)
CURVE()
GEOMETRIC_REPRESENTATION_ITEM()
RATIONAL_B_SPLINE_CURVE((1.,1.,1.,1.))
REPRESENTATION_ITEM('')
);
#2090=(
BOUNDED_CURVE()
B_SPLINE_CURVE(3,(#8853,#8854,#8855,#8856),.UNSPECIFIED.,.F.,.F.)
B_SPLINE_CURVE_WITH_KNOTS((4,4),(-1.,0.),.UNSPECIFIED.)
CURVE()
GEOMETRIC_REPRESENTATION_ITEM()
RATIONAL_B_SPLINE_CURVE((1.,1.,1.,1.))
REPRESENTATION_ITEM('')
);
#2091=(
BOUNDED_CURVE()
B_SPLINE_CURVE(3,(#8859,#8860,#8861,#8862),.UNSPECIFIED.,.F.,.F.)
B_SPLINE_CURVE_WITH_KNOTS((4,4),(-1.,0.),.UNSPECIFIED.)
CURVE()
GEOMETRIC_REPRESENTATION_ITEM()
RATIONAL_B_SPLINE_CURVE((1.,1.,1.,1.))
REPRESENTATION_ITEM('')
);
#2092=(
BOUNDED_CURVE()
B_SPLINE_CURVE(3,(#8872,#8873,#8874,#8875),.UNSPECIFIED.,.F.,.F.)
B_SPLINE_CURVE_WITH_KNOTS((4,4),(-1.,0.),.UNSPECIFIED.)
CURVE()
GEOMETRIC_REPRESENTATION_ITEM()
RATIONAL_B_SPLINE_CURVE((1.,1.,1.,1.))
REPRESENTATION_ITEM('')
);
#2093=(
BOUNDED_CURVE()
B_SPLINE_CURVE(3,(#8878,#8879,#8880,#8881),.UNSPECIFIED.,.F.,.F.)
B_SPLINE_CURVE_WITH_KNOTS((4,4),(-1.,0.),.UNSPECIFIED.)
CURVE()
GEOMETRIC_REPRESENTATION_ITEM()
RATIONAL_B_SPLINE_CURVE((1.,1.,1.,1.))
REPRESENTATION_ITEM('')
);
#2094=(
BOUNDED_CURVE()
B_SPLINE_CURVE(3,(#8891,#8892,#8893,#8894),.UNSPECIFIED.,.F.,.F.)
B_SPLINE_CURVE_WITH_KNOTS((4,4),(-1.,0.),.UNSPECIFIED.)
CURVE()
GEOMETRIC_REPRESENTATION_ITEM()
RATIONAL_B_SPLINE_CURVE((1.,1.,1.,1.))
REPRESENTATION_ITEM('')
);
#2095=(
BOUNDED_CURVE()
B_SPLINE_CURVE(3,(#8897,#8898,#8899,#8900),.UNSPECIFIED.,.F.,.F.)
B_SPLINE_CURVE_WITH_KNOTS((4,4),(-1.,0.),.UNSPECIFIED.)
CURVE()
GEOMETRIC_REPRESENTATION_ITEM()
RATIONAL_B_SPLINE_CURVE((1.,1.,1.,1.))
REPRESENTATION_ITEM('')
);
#2096=(
BOUNDED_CURVE()
B_SPLINE_CURVE(3,(#8910,#8911,#8912,#8913),.UNSPECIFIED.,.F.,.F.)
B_SPLINE_CURVE_WITH_KNOTS((4,4),(-1.,0.),.UNSPECIFIED.)
CURVE()
GEOMETRIC_REPRESENTATION_ITEM()
RATIONAL_B_SPLINE_CURVE((1.,1.,1.,1.))
REPRESENTATION_ITEM('')
);
#2097=(
BOUNDED_CURVE()
B_SPLINE_CURVE(3,(#8916,#8917,#8918,#8919),.UNSPECIFIED.,.F.,.F.)
B_SPLINE_CURVE_WITH_KNOTS((4,4),(-1.,0.),.UNSPECIFIED.)
CURVE()
GEOMETRIC_REPRESENTATION_ITEM()
RATIONAL_B_SPLINE_CURVE((1.,1.,1.,1.))
REPRESENTATION_ITEM('')
);
#2098=(
BOUNDED_CURVE()
B_SPLINE_CURVE(3,(#8929,#8930,#8931,#8932),.UNSPECIFIED.,.F.,.F.)
B_SPLINE_CURVE_WITH_KNOTS((4,4),(-1.,0.),.UNSPECIFIED.)
CURVE()
GEOMETRIC_REPRESENTATION_ITEM()
RATIONAL_B_SPLINE_CURVE((1.,1.,1.,1.))
REPRESENTATION_ITEM('')
);
#2099=(
BOUNDED_CURVE()
B_SPLINE_CURVE(3,(#8935,#8936,#8937,#8938),.UNSPECIFIED.,.F.,.F.)
B_SPLINE_CURVE_WITH_KNOTS((4,4),(-1.,0.),.UNSPECIFIED.)
CURVE()
GEOMETRIC_REPRESENTATION_ITEM()
RATIONAL_B_SPLINE_CURVE((1.,1.,1.,1.))
REPRESENTATION_ITEM('')
);
#2100=(
BOUNDED_CURVE()
B_SPLINE_CURVE(3,(#8948,#8949,#8950,#8951),.UNSPECIFIED.,.F.,.F.)
B_SPLINE_CURVE_WITH_KNOTS((4,4),(-1.,0.),.UNSPECIFIED.)
CURVE()
GEOMETRIC_REPRESENTATION_ITEM()
RATIONAL_B_SPLINE_CURVE((1.,1.,1.,1.))
REPRESENTATION_ITEM('')
);
#2101=(
BOUNDED_CURVE()
B_SPLINE_CURVE(3,(#8954,#8955,#8956,#8957),.UNSPECIFIED.,.F.,.F.)
B_SPLINE_CURVE_WITH_KNOTS((4,4),(-1.,0.),.UNSPECIFIED.)
CURVE()
GEOMETRIC_REPRESENTATION_ITEM()
RATIONAL_B_SPLINE_CURVE((1.,1.,1.,1.))
REPRESENTATION_ITEM('')
);
#2102=(
BOUNDED_CURVE()
B_SPLINE_CURVE(3,(#8967,#8968,#8969,#8970),.UNSPECIFIED.,.F.,.F.)
B_SPLINE_CURVE_WITH_KNOTS((4,4),(-1.,0.),.UNSPECIFIED.)
CURVE()
GEOMETRIC_REPRESENTATION_ITEM()
RATIONAL_B_SPLINE_CURVE((1.,1.,1.,1.))
REPRESENTATION_ITEM('')
);
#2103=(
BOUNDED_CURVE()
B_SPLINE_CURVE(3,(#8973,#8974,#8975,#8976),.UNSPECIFIED.,.F.,.F.)
B_SPLINE_CURVE_WITH_KNOTS((4,4),(-1.,0.),.UNSPECIFIED.)
CURVE()
GEOMETRIC_REPRESENTATION_ITEM()
RATIONAL_B_SPLINE_CURVE((1.,1.,1.,1.))
REPRESENTATION_ITEM('')
);
#2104=(
BOUNDED_CURVE()
B_SPLINE_CURVE(3,(#8986,#8987,#8988,#8989),.UNSPECIFIED.,.F.,.F.)
B_SPLINE_CURVE_WITH_KNOTS((4,4),(-1.,0.),.UNSPECIFIED.)
CURVE()
GEOMETRIC_REPRESENTATION_ITEM()
RATIONAL_B_SPLINE_CURVE((1.,1.,1.,1.))
REPRESENTATION_ITEM('')
);
#2105=(
BOUNDED_CURVE()
B_SPLINE_CURVE(3,(#8992,#8993,#8994,#8995),.UNSPECIFIED.,.F.,.F.)
B_SPLINE_CURVE_WITH_KNOTS((4,4),(-1.,0.),.UNSPECIFIED.)
CURVE()
GEOMETRIC_REPRESENTATION_ITEM()
RATIONAL_B_SPLINE_CURVE((1.,1.,1.,1.))
REPRESENTATION_ITEM('')
);
#2106=(
BOUNDED_CURVE()
B_SPLINE_CURVE(3,(#9005,#9006,#9007,#9008),.UNSPECIFIED.,.F.,.F.)
B_SPLINE_CURVE_WITH_KNOTS((4,4),(-1.,0.),.UNSPECIFIED.)
CURVE()
GEOMETRIC_REPRESENTATION_ITEM()
RATIONAL_B_SPLINE_CURVE((1.,1.,1.,1.))
REPRESENTATION_ITEM('')
);
#2107=(
BOUNDED_CURVE()
B_SPLINE_CURVE(3,(#9011,#9012,#9013,#9014),.UNSPECIFIED.,.F.,.F.)
B_SPLINE_CURVE_WITH_KNOTS((4,4),(-1.,0.),.UNSPECIFIED.)
CURVE()
GEOMETRIC_REPRESENTATION_ITEM()
RATIONAL_B_SPLINE_CURVE((1.,1.,1.,1.))
REPRESENTATION_ITEM('')
);
#2108=(
BOUNDED_CURVE()
B_SPLINE_CURVE(3,(#9024,#9025,#9026,#9027),.UNSPECIFIED.,.F.,.F.)
B_SPLINE_CURVE_WITH_KNOTS((4,4),(-1.,0.),.UNSPECIFIED.)
CURVE()
GEOMETRIC_REPRESENTATION_ITEM()
RATIONAL_B_SPLINE_CURVE((1.,1.,1.,1.))
REPRESENTATION_ITEM('')
);
#2109=(
BOUNDED_CURVE()
B_SPLINE_CURVE(3,(#9030,#9031,#9032,#9033),.UNSPECIFIED.,.F.,.F.)
B_SPLINE_CURVE_WITH_KNOTS((4,4),(-1.,0.),.UNSPECIFIED.)
CURVE()
GEOMETRIC_REPRESENTATION_ITEM()
RATIONAL_B_SPLINE_CURVE((1.,1.,1.,1.))
REPRESENTATION_ITEM('')
);
#2110=(
BOUNDED_CURVE()
B_SPLINE_CURVE(3,(#9043,#9044,#9045,#9046),.UNSPECIFIED.,.F.,.F.)
B_SPLINE_CURVE_WITH_KNOTS((4,4),(-1.,0.),.UNSPECIFIED.)
CURVE()
GEOMETRIC_REPRESENTATION_ITEM()
RATIONAL_B_SPLINE_CURVE((1.,1.,1.,1.))
REPRESENTATION_ITEM('')
);
#2111=(
BOUNDED_CURVE()
B_SPLINE_CURVE(3,(#9049,#9050,#9051,#9052),.UNSPECIFIED.,.F.,.F.)
B_SPLINE_CURVE_WITH_KNOTS((4,4),(-1.,0.),.UNSPECIFIED.)
CURVE()
GEOMETRIC_REPRESENTATION_ITEM()
RATIONAL_B_SPLINE_CURVE((1.,1.,1.,1.))
REPRESENTATION_ITEM('')
);
#2112=(
BOUNDED_CURVE()
B_SPLINE_CURVE(3,(#9062,#9063,#9064,#9065),.UNSPECIFIED.,.F.,.F.)
B_SPLINE_CURVE_WITH_KNOTS((4,4),(-1.,0.),.UNSPECIFIED.)
CURVE()
GEOMETRIC_REPRESENTATION_ITEM()
RATIONAL_B_SPLINE_CURVE((1.,1.,1.,1.))
REPRESENTATION_ITEM('')
);
#2113=(
BOUNDED_CURVE()
B_SPLINE_CURVE(3,(#9068,#9069,#9070,#9071),.UNSPECIFIED.,.F.,.F.)
B_SPLINE_CURVE_WITH_KNOTS((4,4),(-1.,0.),.UNSPECIFIED.)
CURVE()
GEOMETRIC_REPRESENTATION_ITEM()
RATIONAL_B_SPLINE_CURVE((1.,1.,1.,1.))
REPRESENTATION_ITEM('')
);
#2114=(
BOUNDED_CURVE()
B_SPLINE_CURVE(3,(#9081,#9082,#9083,#9084),.UNSPECIFIED.,.F.,.F.)
B_SPLINE_CURVE_WITH_KNOTS((4,4),(-1.,0.),.UNSPECIFIED.)
CURVE()
GEOMETRIC_REPRESENTATION_ITEM()
RATIONAL_B_SPLINE_CURVE((1.,1.,1.,1.))
REPRESENTATION_ITEM('')
);
#2115=(
BOUNDED_CURVE()
B_SPLINE_CURVE(3,(#9087,#9088,#9089,#9090),.UNSPECIFIED.,.F.,.F.)
B_SPLINE_CURVE_WITH_KNOTS((4,4),(-1.,0.),.UNSPECIFIED.)
CURVE()
GEOMETRIC_REPRESENTATION_ITEM()
RATIONAL_B_SPLINE_CURVE((1.,1.,1.,1.))
REPRESENTATION_ITEM('')
);
#2116=(
BOUNDED_CURVE()
B_SPLINE_CURVE(3,(#9100,#9101,#9102,#9103),.UNSPECIFIED.,.F.,.F.)
B_SPLINE_CURVE_WITH_KNOTS((4,4),(-1.,0.),.UNSPECIFIED.)
CURVE()
GEOMETRIC_REPRESENTATION_ITEM()
RATIONAL_B_SPLINE_CURVE((1.,1.,1.,1.))
REPRESENTATION_ITEM('')
);
#2117=(
BOUNDED_CURVE()
B_SPLINE_CURVE(3,(#9106,#9107,#9108,#9109),.UNSPECIFIED.,.F.,.F.)
B_SPLINE_CURVE_WITH_KNOTS((4,4),(-1.,0.),.UNSPECIFIED.)
CURVE()
GEOMETRIC_REPRESENTATION_ITEM()
RATIONAL_B_SPLINE_CURVE((1.,1.,1.,1.))
REPRESENTATION_ITEM('')
);
#2118=(
BOUNDED_CURVE()
B_SPLINE_CURVE(3,(#9119,#9120,#9121,#9122),.UNSPECIFIED.,.F.,.F.)
B_SPLINE_CURVE_WITH_KNOTS((4,4),(-1.,0.),.UNSPECIFIED.)
CURVE()
GEOMETRIC_REPRESENTATION_ITEM()
RATIONAL_B_SPLINE_CURVE((1.,1.,1.,1.))
REPRESENTATION_ITEM('')
);
#2119=(
BOUNDED_CURVE()
B_SPLINE_CURVE(3,(#9125,#9126,#9127,#9128),.UNSPECIFIED.,.F.,.F.)
B_SPLINE_CURVE_WITH_KNOTS((4,4),(-1.,0.),.UNSPECIFIED.)
CURVE()
GEOMETRIC_REPRESENTATION_ITEM()
RATIONAL_B_SPLINE_CURVE((1.,1.,1.,1.))
REPRESENTATION_ITEM('')
);
#2120=(
BOUNDED_CURVE()
B_SPLINE_CURVE(3,(#9138,#9139,#9140,#9141),.UNSPECIFIED.,.F.,.F.)
B_SPLINE_CURVE_WITH_KNOTS((4,4),(-1.,0.),.UNSPECIFIED.)
CURVE()
GEOMETRIC_REPRESENTATION_ITEM()
RATIONAL_B_SPLINE_CURVE((1.,1.,1.,1.))
REPRESENTATION_ITEM('')
);
#2121=(
BOUNDED_CURVE()
B_SPLINE_CURVE(3,(#9144,#9145,#9146,#9147),.UNSPECIFIED.,.F.,.F.)
B_SPLINE_CURVE_WITH_KNOTS((4,4),(-1.,0.),.UNSPECIFIED.)
CURVE()
GEOMETRIC_REPRESENTATION_ITEM()
RATIONAL_B_SPLINE_CURVE((1.,1.,1.,1.))
REPRESENTATION_ITEM('')
);
#2122=(
BOUNDED_CURVE()
B_SPLINE_CURVE(3,(#9169,#9170,#9171,#9172),.UNSPECIFIED.,.F.,.F.)
B_SPLINE_CURVE_WITH_KNOTS((4,4),(-1.,0.),.UNSPECIFIED.)
CURVE()
GEOMETRIC_REPRESENTATION_ITEM()
RATIONAL_B_SPLINE_CURVE((1.,1.,1.,1.))
REPRESENTATION_ITEM('')
);
#2123=(
BOUNDED_CURVE()
B_SPLINE_CURVE(3,(#9175,#9176,#9177,#9178),.UNSPECIFIED.,.F.,.F.)
B_SPLINE_CURVE_WITH_KNOTS((4,4),(-1.,0.),.UNSPECIFIED.)
CURVE()
GEOMETRIC_REPRESENTATION_ITEM()
RATIONAL_B_SPLINE_CURVE((1.,1.,1.,1.))
REPRESENTATION_ITEM('')
);
#2124=(
BOUNDED_CURVE()
B_SPLINE_CURVE(3,(#9188,#9189,#9190,#9191),.UNSPECIFIED.,.F.,.F.)
B_SPLINE_CURVE_WITH_KNOTS((4,4),(-1.,0.),.UNSPECIFIED.)
CURVE()
GEOMETRIC_REPRESENTATION_ITEM()
RATIONAL_B_SPLINE_CURVE((1.,1.,1.,1.))
REPRESENTATION_ITEM('')
);
#2125=(
BOUNDED_CURVE()
B_SPLINE_CURVE(3,(#9194,#9195,#9196,#9197),.UNSPECIFIED.,.F.,.F.)
B_SPLINE_CURVE_WITH_KNOTS((4,4),(-1.,0.),.UNSPECIFIED.)
CURVE()
GEOMETRIC_REPRESENTATION_ITEM()
RATIONAL_B_SPLINE_CURVE((1.,1.,1.,1.))
REPRESENTATION_ITEM('')
);
#2126=(
BOUNDED_CURVE()
B_SPLINE_CURVE(3,(#9207,#9208,#9209,#9210),.UNSPECIFIED.,.F.,.F.)
B_SPLINE_CURVE_WITH_KNOTS((4,4),(-1.,0.),.UNSPECIFIED.)
CURVE()
GEOMETRIC_REPRESENTATION_ITEM()
RATIONAL_B_SPLINE_CURVE((1.,1.,1.,1.))
REPRESENTATION_ITEM('')
);
#2127=(
BOUNDED_CURVE()
B_SPLINE_CURVE(3,(#9213,#9214,#9215,#9216),.UNSPECIFIED.,.F.,.F.)
B_SPLINE_CURVE_WITH_KNOTS((4,4),(-1.,0.),.UNSPECIFIED.)
CURVE()
GEOMETRIC_REPRESENTATION_ITEM()
RATIONAL_B_SPLINE_CURVE((1.,1.,1.,1.))
REPRESENTATION_ITEM('')
);
#2128=(
BOUNDED_CURVE()
B_SPLINE_CURVE(3,(#9226,#9227,#9228,#9229),.UNSPECIFIED.,.F.,.F.)
B_SPLINE_CURVE_WITH_KNOTS((4,4),(-1.,0.),.UNSPECIFIED.)
CURVE()
GEOMETRIC_REPRESENTATION_ITEM()
RATIONAL_B_SPLINE_CURVE((1.,1.,1.,1.))
REPRESENTATION_ITEM('')
);
#2129=(
BOUNDED_CURVE()
B_SPLINE_CURVE(3,(#9232,#9233,#9234,#9235),.UNSPECIFIED.,.F.,.F.)
B_SPLINE_CURVE_WITH_KNOTS((4,4),(-1.,0.),.UNSPECIFIED.)
CURVE()
GEOMETRIC_REPRESENTATION_ITEM()
RATIONAL_B_SPLINE_CURVE((1.,1.,1.,1.))
REPRESENTATION_ITEM('')
);
#2130=(
BOUNDED_CURVE()
B_SPLINE_CURVE(3,(#9257,#9258,#9259,#9260),.UNSPECIFIED.,.F.,.F.)
B_SPLINE_CURVE_WITH_KNOTS((4,4),(-1.,0.),.UNSPECIFIED.)
CURVE()
GEOMETRIC_REPRESENTATION_ITEM()
RATIONAL_B_SPLINE_CURVE((1.,1.,1.,1.))
REPRESENTATION_ITEM('')
);
#2131=(
BOUNDED_CURVE()
B_SPLINE_CURVE(3,(#9263,#9264,#9265,#9266),.UNSPECIFIED.,.F.,.F.)
B_SPLINE_CURVE_WITH_KNOTS((4,4),(-1.,0.),.UNSPECIFIED.)
CURVE()
GEOMETRIC_REPRESENTATION_ITEM()
RATIONAL_B_SPLINE_CURVE((1.,1.,1.,1.))
REPRESENTATION_ITEM('')
);
#2132=(
BOUNDED_CURVE()
B_SPLINE_CURVE(3,(#9276,#9277,#9278,#9279),.UNSPECIFIED.,.F.,.F.)
B_SPLINE_CURVE_WITH_KNOTS((4,4),(-1.,0.),.UNSPECIFIED.)
CURVE()
GEOMETRIC_REPRESENTATION_ITEM()
RATIONAL_B_SPLINE_CURVE((1.,1.,1.,1.))
REPRESENTATION_ITEM('')
);
#2133=(
BOUNDED_CURVE()
B_SPLINE_CURVE(3,(#9282,#9283,#9284,#9285),.UNSPECIFIED.,.F.,.F.)
B_SPLINE_CURVE_WITH_KNOTS((4,4),(-1.,0.),.UNSPECIFIED.)
CURVE()
GEOMETRIC_REPRESENTATION_ITEM()
RATIONAL_B_SPLINE_CURVE((1.,1.,1.,1.))
REPRESENTATION_ITEM('')
);
#2134=(
BOUNDED_CURVE()
B_SPLINE_CURVE(3,(#9295,#9296,#9297,#9298),.UNSPECIFIED.,.F.,.F.)
B_SPLINE_CURVE_WITH_KNOTS((4,4),(-1.,0.),.UNSPECIFIED.)
CURVE()
GEOMETRIC_REPRESENTATION_ITEM()
RATIONAL_B_SPLINE_CURVE((1.,1.,1.,1.))
REPRESENTATION_ITEM('')
);
#2135=(
BOUNDED_CURVE()
B_SPLINE_CURVE(3,(#9301,#9302,#9303,#9304),.UNSPECIFIED.,.F.,.F.)
B_SPLINE_CURVE_WITH_KNOTS((4,4),(-1.,0.),.UNSPECIFIED.)
CURVE()
GEOMETRIC_REPRESENTATION_ITEM()
RATIONAL_B_SPLINE_CURVE((1.,1.,1.,1.))
REPRESENTATION_ITEM('')
);
#2136=(
BOUNDED_CURVE()
B_SPLINE_CURVE(3,(#9314,#9315,#9316,#9317),.UNSPECIFIED.,.F.,.F.)
B_SPLINE_CURVE_WITH_KNOTS((4,4),(-1.,0.),.UNSPECIFIED.)
CURVE()
GEOMETRIC_REPRESENTATION_ITEM()
RATIONAL_B_SPLINE_CURVE((1.,1.,1.,1.))
REPRESENTATION_ITEM('')
);
#2137=(
BOUNDED_CURVE()
B_SPLINE_CURVE(3,(#9320,#9321,#9322,#9323),.UNSPECIFIED.,.F.,.F.)
B_SPLINE_CURVE_WITH_KNOTS((4,4),(-1.,0.),.UNSPECIFIED.)
CURVE()
GEOMETRIC_REPRESENTATION_ITEM()
RATIONAL_B_SPLINE_CURVE((1.,1.,1.,1.))
REPRESENTATION_ITEM('')
);
#2138=(
BOUNDED_CURVE()
B_SPLINE_CURVE(3,(#9333,#9334,#9335,#9336),.UNSPECIFIED.,.F.,.F.)
B_SPLINE_CURVE_WITH_KNOTS((4,4),(-1.,0.),.UNSPECIFIED.)
CURVE()
GEOMETRIC_REPRESENTATION_ITEM()
RATIONAL_B_SPLINE_CURVE((1.,1.,1.,1.))
REPRESENTATION_ITEM('')
);
#2139=(
BOUNDED_CURVE()
B_SPLINE_CURVE(3,(#9339,#9340,#9341,#9342),.UNSPECIFIED.,.F.,.F.)
B_SPLINE_CURVE_WITH_KNOTS((4,4),(-1.,0.),.UNSPECIFIED.)
CURVE()
GEOMETRIC_REPRESENTATION_ITEM()
RATIONAL_B_SPLINE_CURVE((1.,1.,1.,1.))
REPRESENTATION_ITEM('')
);
#2140=(
BOUNDED_CURVE()
B_SPLINE_CURVE(3,(#9352,#9353,#9354,#9355),.UNSPECIFIED.,.F.,.F.)
B_SPLINE_CURVE_WITH_KNOTS((4,4),(-1.,0.),.UNSPECIFIED.)
CURVE()
GEOMETRIC_REPRESENTATION_ITEM()
RATIONAL_B_SPLINE_CURVE((1.,1.,1.,1.))
REPRESENTATION_ITEM('')
);
#2141=(
BOUNDED_CURVE()
B_SPLINE_CURVE(3,(#9358,#9359,#9360,#9361),.UNSPECIFIED.,.F.,.F.)
B_SPLINE_CURVE_WITH_KNOTS((4,4),(-1.,0.),.UNSPECIFIED.)
CURVE()
GEOMETRIC_REPRESENTATION_ITEM()
RATIONAL_B_SPLINE_CURVE((1.,1.,1.,1.))
REPRESENTATION_ITEM('')
);
#2142=(
BOUNDED_CURVE()
B_SPLINE_CURVE(3,(#9371,#9372,#9373,#9374),.UNSPECIFIED.,.F.,.F.)
B_SPLINE_CURVE_WITH_KNOTS((4,4),(-1.,0.),.UNSPECIFIED.)
CURVE()
GEOMETRIC_REPRESENTATION_ITEM()
RATIONAL_B_SPLINE_CURVE((1.,1.,1.,1.))
REPRESENTATION_ITEM('')
);
#2143=(
BOUNDED_CURVE()
B_SPLINE_CURVE(3,(#9377,#9378,#9379,#9380),.UNSPECIFIED.,.F.,.F.)
B_SPLINE_CURVE_WITH_KNOTS((4,4),(-1.,0.),.UNSPECIFIED.)
CURVE()
GEOMETRIC_REPRESENTATION_ITEM()
RATIONAL_B_SPLINE_CURVE((1.,1.,1.,1.))
REPRESENTATION_ITEM('')
);
#2144=(
BOUNDED_CURVE()
B_SPLINE_CURVE(3,(#9390,#9391,#9392,#9393),.UNSPECIFIED.,.F.,.F.)
B_SPLINE_CURVE_WITH_KNOTS((4,4),(-1.,0.),.UNSPECIFIED.)
CURVE()
GEOMETRIC_REPRESENTATION_ITEM()
RATIONAL_B_SPLINE_CURVE((1.,1.,1.,1.))
REPRESENTATION_ITEM('')
);
#2145=(
BOUNDED_CURVE()
B_SPLINE_CURVE(3,(#9396,#9397,#9398,#9399),.UNSPECIFIED.,.F.,.F.)
B_SPLINE_CURVE_WITH_KNOTS((4,4),(-1.,0.),.UNSPECIFIED.)
CURVE()
GEOMETRIC_REPRESENTATION_ITEM()
RATIONAL_B_SPLINE_CURVE((1.,1.,1.,1.))
REPRESENTATION_ITEM('')
);
#2146=(
BOUNDED_CURVE()
B_SPLINE_CURVE(3,(#9409,#9410,#9411,#9412),.UNSPECIFIED.,.F.,.F.)
B_SPLINE_CURVE_WITH_KNOTS((4,4),(-1.,0.),.UNSPECIFIED.)
CURVE()
GEOMETRIC_REPRESENTATION_ITEM()
RATIONAL_B_SPLINE_CURVE((1.,1.,1.,1.))
REPRESENTATION_ITEM('')
);
#2147=(
BOUNDED_CURVE()
B_SPLINE_CURVE(3,(#9415,#9416,#9417,#9418),.UNSPECIFIED.,.F.,.F.)
B_SPLINE_CURVE_WITH_KNOTS((4,4),(-1.,0.),.UNSPECIFIED.)
CURVE()
GEOMETRIC_REPRESENTATION_ITEM()
RATIONAL_B_SPLINE_CURVE((1.,1.,1.,1.))
REPRESENTATION_ITEM('')
);
#2148=(
BOUNDED_CURVE()
B_SPLINE_CURVE(3,(#9428,#9429,#9430,#9431),.UNSPECIFIED.,.F.,.F.)
B_SPLINE_CURVE_WITH_KNOTS((4,4),(-1.,0.),.UNSPECIFIED.)
CURVE()
GEOMETRIC_REPRESENTATION_ITEM()
RATIONAL_B_SPLINE_CURVE((1.,1.,1.,1.))
REPRESENTATION_ITEM('')
);
#2149=(
BOUNDED_CURVE()
B_SPLINE_CURVE(3,(#9434,#9435,#9436,#9437),.UNSPECIFIED.,.F.,.F.)
B_SPLINE_CURVE_WITH_KNOTS((4,4),(-1.,0.),.UNSPECIFIED.)
CURVE()
GEOMETRIC_REPRESENTATION_ITEM()
RATIONAL_B_SPLINE_CURVE((1.,1.,1.,1.))
REPRESENTATION_ITEM('')
);
#2150=(
BOUNDED_CURVE()
B_SPLINE_CURVE(3,(#9447,#9448,#9449,#9450),.UNSPECIFIED.,.F.,.F.)
B_SPLINE_CURVE_WITH_KNOTS((4,4),(-1.,0.),.UNSPECIFIED.)
CURVE()
GEOMETRIC_REPRESENTATION_ITEM()
RATIONAL_B_SPLINE_CURVE((1.,1.,1.,1.))
REPRESENTATION_ITEM('')
);
#2151=(
BOUNDED_CURVE()
B_SPLINE_CURVE(3,(#9453,#9454,#9455,#9456),.UNSPECIFIED.,.F.,.F.)
B_SPLINE_CURVE_WITH_KNOTS((4,4),(-1.,0.),.UNSPECIFIED.)
CURVE()
GEOMETRIC_REPRESENTATION_ITEM()
RATIONAL_B_SPLINE_CURVE((1.,1.,1.,1.))
REPRESENTATION_ITEM('')
);
#2152=(
BOUNDED_CURVE()
B_SPLINE_CURVE(3,(#9466,#9467,#9468,#9469),.UNSPECIFIED.,.F.,.F.)
B_SPLINE_CURVE_WITH_KNOTS((4,4),(-1.,0.),.UNSPECIFIED.)
CURVE()
GEOMETRIC_REPRESENTATION_ITEM()
RATIONAL_B_SPLINE_CURVE((1.,1.,1.,1.))
REPRESENTATION_ITEM('')
);
#2153=(
BOUNDED_CURVE()
B_SPLINE_CURVE(3,(#9472,#9473,#9474,#9475),.UNSPECIFIED.,.F.,.F.)
B_SPLINE_CURVE_WITH_KNOTS((4,4),(-1.,0.),.UNSPECIFIED.)
CURVE()
GEOMETRIC_REPRESENTATION_ITEM()
RATIONAL_B_SPLINE_CURVE((1.,1.,1.,1.))
REPRESENTATION_ITEM('')
);
#2154=(
BOUNDED_CURVE()
B_SPLINE_CURVE(3,(#9485,#9486,#9487,#9488),.UNSPECIFIED.,.F.,.F.)
B_SPLINE_CURVE_WITH_KNOTS((4,4),(-1.,0.),.UNSPECIFIED.)
CURVE()
GEOMETRIC_REPRESENTATION_ITEM()
RATIONAL_B_SPLINE_CURVE((1.,1.,1.,1.))
REPRESENTATION_ITEM('')
);
#2155=(
BOUNDED_CURVE()
B_SPLINE_CURVE(3,(#9491,#9492,#9493,#9494),.UNSPECIFIED.,.F.,.F.)
B_SPLINE_CURVE_WITH_KNOTS((4,4),(-1.,0.),.UNSPECIFIED.)
CURVE()
GEOMETRIC_REPRESENTATION_ITEM()
RATIONAL_B_SPLINE_CURVE((1.,1.,1.,1.))
REPRESENTATION_ITEM('')
);
#2156=(
BOUNDED_CURVE()
B_SPLINE_CURVE(3,(#9504,#9505,#9506,#9507),.UNSPECIFIED.,.F.,.F.)
B_SPLINE_CURVE_WITH_KNOTS((4,4),(-1.,0.),.UNSPECIFIED.)
CURVE()
GEOMETRIC_REPRESENTATION_ITEM()
RATIONAL_B_SPLINE_CURVE((1.,1.,1.,1.))
REPRESENTATION_ITEM('')
);
#2157=(
BOUNDED_CURVE()
B_SPLINE_CURVE(3,(#9510,#9511,#9512,#9513),.UNSPECIFIED.,.F.,.F.)
B_SPLINE_CURVE_WITH_KNOTS((4,4),(-1.,0.),.UNSPECIFIED.)
CURVE()
GEOMETRIC_REPRESENTATION_ITEM()
RATIONAL_B_SPLINE_CURVE((1.,1.,1.,1.))
REPRESENTATION_ITEM('')
);
#2158=(
BOUNDED_CURVE()
B_SPLINE_CURVE(3,(#9523,#9524,#9525,#9526),.UNSPECIFIED.,.F.,.F.)
B_SPLINE_CURVE_WITH_KNOTS((4,4),(-1.,0.),.UNSPECIFIED.)
CURVE()
GEOMETRIC_REPRESENTATION_ITEM()
RATIONAL_B_SPLINE_CURVE((1.,1.,1.,1.))
REPRESENTATION_ITEM('')
);
#2159=(
BOUNDED_CURVE()
B_SPLINE_CURVE(3,(#9529,#9530,#9531,#9532),.UNSPECIFIED.,.F.,.F.)
B_SPLINE_CURVE_WITH_KNOTS((4,4),(-1.,0.),.UNSPECIFIED.)
CURVE()
GEOMETRIC_REPRESENTATION_ITEM()
RATIONAL_B_SPLINE_CURVE((1.,1.,1.,1.))
REPRESENTATION_ITEM('')
);
#2160=(
BOUNDED_CURVE()
B_SPLINE_CURVE(3,(#9542,#9543,#9544,#9545),.UNSPECIFIED.,.F.,.F.)
B_SPLINE_CURVE_WITH_KNOTS((4,4),(-1.,0.),.UNSPECIFIED.)
CURVE()
GEOMETRIC_REPRESENTATION_ITEM()
RATIONAL_B_SPLINE_CURVE((1.,1.,1.,1.))
REPRESENTATION_ITEM('')
);
#2161=(
BOUNDED_CURVE()
B_SPLINE_CURVE(3,(#9548,#9549,#9550,#9551),.UNSPECIFIED.,.F.,.F.)
B_SPLINE_CURVE_WITH_KNOTS((4,4),(-1.,0.),.UNSPECIFIED.)
CURVE()
GEOMETRIC_REPRESENTATION_ITEM()
RATIONAL_B_SPLINE_CURVE((1.,1.,1.,1.))
REPRESENTATION_ITEM('')
);
#2162=(
BOUNDED_CURVE()
B_SPLINE_CURVE(3,(#9561,#9562,#9563,#9564),.UNSPECIFIED.,.F.,.F.)
B_SPLINE_CURVE_WITH_KNOTS((4,4),(-1.,0.),.UNSPECIFIED.)
CURVE()
GEOMETRIC_REPRESENTATION_ITEM()
RATIONAL_B_SPLINE_CURVE((1.,1.,1.,1.))
REPRESENTATION_ITEM('')
);
#2163=(
BOUNDED_CURVE()
B_SPLINE_CURVE(3,(#9567,#9568,#9569,#9570),.UNSPECIFIED.,.F.,.F.)
B_SPLINE_CURVE_WITH_KNOTS((4,4),(-1.,0.),.UNSPECIFIED.)
CURVE()
GEOMETRIC_REPRESENTATION_ITEM()
RATIONAL_B_SPLINE_CURVE((1.,1.,1.,1.))
REPRESENTATION_ITEM('')
);
#2164=(
BOUNDED_CURVE()
B_SPLINE_CURVE(3,(#9580,#9581,#9582,#9583),.UNSPECIFIED.,.F.,.F.)
B_SPLINE_CURVE_WITH_KNOTS((4,4),(-1.,0.),.UNSPECIFIED.)
CURVE()
GEOMETRIC_REPRESENTATION_ITEM()
RATIONAL_B_SPLINE_CURVE((1.,1.,1.,1.))
REPRESENTATION_ITEM('')
);
#2165=(
BOUNDED_CURVE()
B_SPLINE_CURVE(3,(#9586,#9587,#9588,#9589),.UNSPECIFIED.,.F.,.F.)
B_SPLINE_CURVE_WITH_KNOTS((4,4),(-1.,0.),.UNSPECIFIED.)
CURVE()
GEOMETRIC_REPRESENTATION_ITEM()
RATIONAL_B_SPLINE_CURVE((1.,1.,1.,1.))
REPRESENTATION_ITEM('')
);
#2166=(
BOUNDED_CURVE()
B_SPLINE_CURVE(3,(#9611,#9612,#9613,#9614),.UNSPECIFIED.,.F.,.F.)
B_SPLINE_CURVE_WITH_KNOTS((4,4),(-1.,0.),.UNSPECIFIED.)
CURVE()
GEOMETRIC_REPRESENTATION_ITEM()
RATIONAL_B_SPLINE_CURVE((1.,1.,1.,1.))
REPRESENTATION_ITEM('')
);
#2167=(
BOUNDED_CURVE()
B_SPLINE_CURVE(3,(#9617,#9618,#9619,#9620),.UNSPECIFIED.,.F.,.F.)
B_SPLINE_CURVE_WITH_KNOTS((4,4),(-1.,0.),.UNSPECIFIED.)
CURVE()
GEOMETRIC_REPRESENTATION_ITEM()
RATIONAL_B_SPLINE_CURVE((1.,1.,1.,1.))
REPRESENTATION_ITEM('')
);
#2168=(
BOUNDED_CURVE()
B_SPLINE_CURVE(3,(#9630,#9631,#9632,#9633),.UNSPECIFIED.,.F.,.F.)
B_SPLINE_CURVE_WITH_KNOTS((4,4),(-1.,0.),.UNSPECIFIED.)
CURVE()
GEOMETRIC_REPRESENTATION_ITEM()
RATIONAL_B_SPLINE_CURVE((1.,1.,1.,1.))
REPRESENTATION_ITEM('')
);
#2169=(
BOUNDED_CURVE()
B_SPLINE_CURVE(3,(#9636,#9637,#9638,#9639),.UNSPECIFIED.,.F.,.F.)
B_SPLINE_CURVE_WITH_KNOTS((4,4),(-1.,0.),.UNSPECIFIED.)
CURVE()
GEOMETRIC_REPRESENTATION_ITEM()
RATIONAL_B_SPLINE_CURVE((1.,1.,1.,1.))
REPRESENTATION_ITEM('')
);
#2170=(
BOUNDED_CURVE()
B_SPLINE_CURVE(3,(#9649,#9650,#9651,#9652),.UNSPECIFIED.,.F.,.F.)
B_SPLINE_CURVE_WITH_KNOTS((4,4),(-1.,0.),.UNSPECIFIED.)
CURVE()
GEOMETRIC_REPRESENTATION_ITEM()
RATIONAL_B_SPLINE_CURVE((1.,1.,1.,1.))
REPRESENTATION_ITEM('')
);
#2171=(
BOUNDED_CURVE()
B_SPLINE_CURVE(3,(#9655,#9656,#9657,#9658),.UNSPECIFIED.,.F.,.F.)
B_SPLINE_CURVE_WITH_KNOTS((4,4),(-1.,0.),.UNSPECIFIED.)
CURVE()
GEOMETRIC_REPRESENTATION_ITEM()
RATIONAL_B_SPLINE_CURVE((1.,1.,1.,1.))
REPRESENTATION_ITEM('')
);
#2172=(
BOUNDED_CURVE()
B_SPLINE_CURVE(3,(#9668,#9669,#9670,#9671),.UNSPECIFIED.,.F.,.F.)
B_SPLINE_CURVE_WITH_KNOTS((4,4),(-1.,0.),.UNSPECIFIED.)
CURVE()
GEOMETRIC_REPRESENTATION_ITEM()
RATIONAL_B_SPLINE_CURVE((1.,1.,1.,1.))
REPRESENTATION_ITEM('')
);
#2173=(
BOUNDED_CURVE()
B_SPLINE_CURVE(3,(#9674,#9675,#9676,#9677),.UNSPECIFIED.,.F.,.F.)
B_SPLINE_CURVE_WITH_KNOTS((4,4),(-1.,0.),.UNSPECIFIED.)
CURVE()
GEOMETRIC_REPRESENTATION_ITEM()
RATIONAL_B_SPLINE_CURVE((1.,1.,1.,1.))
REPRESENTATION_ITEM('')
);
#2174=(
BOUNDED_CURVE()
B_SPLINE_CURVE(3,(#9687,#9688,#9689,#9690),.UNSPECIFIED.,.F.,.F.)
B_SPLINE_CURVE_WITH_KNOTS((4,4),(-1.,0.),.UNSPECIFIED.)
CURVE()
GEOMETRIC_REPRESENTATION_ITEM()
RATIONAL_B_SPLINE_CURVE((1.,1.,1.,1.))
REPRESENTATION_ITEM('')
);
#2175=(
BOUNDED_CURVE()
B_SPLINE_CURVE(3,(#9693,#9694,#9695,#9696),.UNSPECIFIED.,.F.,.F.)
B_SPLINE_CURVE_WITH_KNOTS((4,4),(-1.,0.),.UNSPECIFIED.)
CURVE()
GEOMETRIC_REPRESENTATION_ITEM()
RATIONAL_B_SPLINE_CURVE((1.,1.,1.,1.))
REPRESENTATION_ITEM('')
);
#2176=(
BOUNDED_CURVE()
B_SPLINE_CURVE(3,(#9706,#9707,#9708,#9709),.UNSPECIFIED.,.F.,.F.)
B_SPLINE_CURVE_WITH_KNOTS((4,4),(-1.,0.),.UNSPECIFIED.)
CURVE()
GEOMETRIC_REPRESENTATION_ITEM()
RATIONAL_B_SPLINE_CURVE((1.,1.,1.,1.))
REPRESENTATION_ITEM('')
);
#2177=(
BOUNDED_CURVE()
B_SPLINE_CURVE(3,(#9712,#9713,#9714,#9715),.UNSPECIFIED.,.F.,.F.)
B_SPLINE_CURVE_WITH_KNOTS((4,4),(-1.,0.),.UNSPECIFIED.)
CURVE()
GEOMETRIC_REPRESENTATION_ITEM()
RATIONAL_B_SPLINE_CURVE((1.,1.,1.,1.))
REPRESENTATION_ITEM('')
);
#2178=(
BOUNDED_CURVE()
B_SPLINE_CURVE(3,(#9737,#9738,#9739,#9740),.UNSPECIFIED.,.F.,.F.)
B_SPLINE_CURVE_WITH_KNOTS((4,4),(-1.,0.),.UNSPECIFIED.)
CURVE()
GEOMETRIC_REPRESENTATION_ITEM()
RATIONAL_B_SPLINE_CURVE((1.,1.,1.,1.))
REPRESENTATION_ITEM('')
);
#2179=(
BOUNDED_CURVE()
B_SPLINE_CURVE(3,(#9743,#9744,#9745,#9746),.UNSPECIFIED.,.F.,.F.)
B_SPLINE_CURVE_WITH_KNOTS((4,4),(-1.,0.),.UNSPECIFIED.)
CURVE()
GEOMETRIC_REPRESENTATION_ITEM()
RATIONAL_B_SPLINE_CURVE((1.,1.,1.,1.))
REPRESENTATION_ITEM('')
);
#2180=(
BOUNDED_CURVE()
B_SPLINE_CURVE(3,(#9756,#9757,#9758,#9759),.UNSPECIFIED.,.F.,.F.)
B_SPLINE_CURVE_WITH_KNOTS((4,4),(-1.,0.),.UNSPECIFIED.)
CURVE()
GEOMETRIC_REPRESENTATION_ITEM()
RATIONAL_B_SPLINE_CURVE((1.,1.,1.,1.))
REPRESENTATION_ITEM('')
);
#2181=(
BOUNDED_CURVE()
B_SPLINE_CURVE(3,(#9762,#9763,#9764,#9765),.UNSPECIFIED.,.F.,.F.)
B_SPLINE_CURVE_WITH_KNOTS((4,4),(-1.,0.),.UNSPECIFIED.)
CURVE()
GEOMETRIC_REPRESENTATION_ITEM()
RATIONAL_B_SPLINE_CURVE((1.,1.,1.,1.))
REPRESENTATION_ITEM('')
);
#2182=(
BOUNDED_CURVE()
B_SPLINE_CURVE(3,(#9775,#9776,#9777,#9778),.UNSPECIFIED.,.F.,.F.)
B_SPLINE_CURVE_WITH_KNOTS((4,4),(-1.,0.),.UNSPECIFIED.)
CURVE()
GEOMETRIC_REPRESENTATION_ITEM()
RATIONAL_B_SPLINE_CURVE((1.,1.,1.,1.))
REPRESENTATION_ITEM('')
);
#2183=(
BOUNDED_CURVE()
B_SPLINE_CURVE(3,(#9781,#9782,#9783,#9784),.UNSPECIFIED.,.F.,.F.)
B_SPLINE_CURVE_WITH_KNOTS((4,4),(-1.,0.),.UNSPECIFIED.)
CURVE()
GEOMETRIC_REPRESENTATION_ITEM()
RATIONAL_B_SPLINE_CURVE((1.,1.,1.,1.))
REPRESENTATION_ITEM('')
);
#2184=(
BOUNDED_CURVE()
B_SPLINE_CURVE(3,(#9794,#9795,#9796,#9797),.UNSPECIFIED.,.F.,.F.)
B_SPLINE_CURVE_WITH_KNOTS((4,4),(-1.,0.),.UNSPECIFIED.)
CURVE()
GEOMETRIC_REPRESENTATION_ITEM()
RATIONAL_B_SPLINE_CURVE((1.,1.,1.,1.))
REPRESENTATION_ITEM('')
);
#2185=(
BOUNDED_CURVE()
B_SPLINE_CURVE(3,(#9800,#9801,#9802,#9803),.UNSPECIFIED.,.F.,.F.)
B_SPLINE_CURVE_WITH_KNOTS((4,4),(-1.,0.),.UNSPECIFIED.)
CURVE()
GEOMETRIC_REPRESENTATION_ITEM()
RATIONAL_B_SPLINE_CURVE((1.,1.,1.,1.))
REPRESENTATION_ITEM('')
);
#2186=(
BOUNDED_CURVE()
B_SPLINE_CURVE(3,(#9825,#9826,#9827,#9828),.UNSPECIFIED.,.F.,.F.)
B_SPLINE_CURVE_WITH_KNOTS((4,4),(-1.,0.),.UNSPECIFIED.)
CURVE()
GEOMETRIC_REPRESENTATION_ITEM()
RATIONAL_B_SPLINE_CURVE((1.,1.,1.,1.))
REPRESENTATION_ITEM('')
);
#2187=(
BOUNDED_CURVE()
B_SPLINE_CURVE(3,(#9831,#9832,#9833,#9834),.UNSPECIFIED.,.F.,.F.)
B_SPLINE_CURVE_WITH_KNOTS((4,4),(-1.,0.),.UNSPECIFIED.)
CURVE()
GEOMETRIC_REPRESENTATION_ITEM()
RATIONAL_B_SPLINE_CURVE((1.,1.,1.,1.))
REPRESENTATION_ITEM('')
);
#2188=(
BOUNDED_CURVE()
B_SPLINE_CURVE(3,(#9844,#9845,#9846,#9847),.UNSPECIFIED.,.F.,.F.)
B_SPLINE_CURVE_WITH_KNOTS((4,4),(-1.,0.),.UNSPECIFIED.)
CURVE()
GEOMETRIC_REPRESENTATION_ITEM()
RATIONAL_B_SPLINE_CURVE((1.,1.,1.,1.))
REPRESENTATION_ITEM('')
);
#2189=(
BOUNDED_CURVE()
B_SPLINE_CURVE(3,(#9850,#9851,#9852,#9853),.UNSPECIFIED.,.F.,.F.)
B_SPLINE_CURVE_WITH_KNOTS((4,4),(-1.,0.),.UNSPECIFIED.)
CURVE()
GEOMETRIC_REPRESENTATION_ITEM()
RATIONAL_B_SPLINE_CURVE((1.,1.,1.,1.))
REPRESENTATION_ITEM('')
);
#2190=(
BOUNDED_CURVE()
B_SPLINE_CURVE(3,(#9863,#9864,#9865,#9866),.UNSPECIFIED.,.F.,.F.)
B_SPLINE_CURVE_WITH_KNOTS((4,4),(-1.,0.),.UNSPECIFIED.)
CURVE()
GEOMETRIC_REPRESENTATION_ITEM()
RATIONAL_B_SPLINE_CURVE((1.,1.,1.,1.))
REPRESENTATION_ITEM('')
);
#2191=(
BOUNDED_CURVE()
B_SPLINE_CURVE(3,(#9869,#9870,#9871,#9872),.UNSPECIFIED.,.F.,.F.)
B_SPLINE_CURVE_WITH_KNOTS((4,4),(-1.,0.),.UNSPECIFIED.)
CURVE()
GEOMETRIC_REPRESENTATION_ITEM()
RATIONAL_B_SPLINE_CURVE((1.,1.,1.,1.))
REPRESENTATION_ITEM('')
);
#2192=(
BOUNDED_CURVE()
B_SPLINE_CURVE(3,(#9882,#9883,#9884,#9885),.UNSPECIFIED.,.F.,.F.)
B_SPLINE_CURVE_WITH_KNOTS((4,4),(-1.,0.),.UNSPECIFIED.)
CURVE()
GEOMETRIC_REPRESENTATION_ITEM()
RATIONAL_B_SPLINE_CURVE((1.,1.,1.,1.))
REPRESENTATION_ITEM('')
);
#2193=(
BOUNDED_CURVE()
B_SPLINE_CURVE(3,(#9888,#9889,#9890,#9891),.UNSPECIFIED.,.F.,.F.)
B_SPLINE_CURVE_WITH_KNOTS((4,4),(-1.,0.),.UNSPECIFIED.)
CURVE()
GEOMETRIC_REPRESENTATION_ITEM()
RATIONAL_B_SPLINE_CURVE((1.,1.,1.,1.))
REPRESENTATION_ITEM('')
);
#2194=(
BOUNDED_CURVE()
B_SPLINE_CURVE(3,(#9901,#9902,#9903,#9904),.UNSPECIFIED.,.F.,.F.)
B_SPLINE_CURVE_WITH_KNOTS((4,4),(-1.,0.),.UNSPECIFIED.)
CURVE()
GEOMETRIC_REPRESENTATION_ITEM()
RATIONAL_B_SPLINE_CURVE((1.,1.,1.,1.))
REPRESENTATION_ITEM('')
);
#2195=(
BOUNDED_CURVE()
B_SPLINE_CURVE(3,(#9907,#9908,#9909,#9910),.UNSPECIFIED.,.F.,.F.)
B_SPLINE_CURVE_WITH_KNOTS((4,4),(-1.,0.),.UNSPECIFIED.)
CURVE()
GEOMETRIC_REPRESENTATION_ITEM()
RATIONAL_B_SPLINE_CURVE((1.,1.,1.,1.))
REPRESENTATION_ITEM('')
);
#2196=(
BOUNDED_CURVE()
B_SPLINE_CURVE(3,(#9932,#9933,#9934,#9935),.UNSPECIFIED.,.F.,.F.)
B_SPLINE_CURVE_WITH_KNOTS((4,4),(-1.,0.),.UNSPECIFIED.)
CURVE()
GEOMETRIC_REPRESENTATION_ITEM()
RATIONAL_B_SPLINE_CURVE((1.,1.,1.,1.))
REPRESENTATION_ITEM('')
);
#2197=(
BOUNDED_CURVE()
B_SPLINE_CURVE(3,(#9938,#9939,#9940,#9941),.UNSPECIFIED.,.F.,.F.)
B_SPLINE_CURVE_WITH_KNOTS((4,4),(-1.,0.),.UNSPECIFIED.)
CURVE()
GEOMETRIC_REPRESENTATION_ITEM()
RATIONAL_B_SPLINE_CURVE((1.,1.,1.,1.))
REPRESENTATION_ITEM('')
);
#2198=(
BOUNDED_CURVE()
B_SPLINE_CURVE(3,(#9951,#9952,#9953,#9954),.UNSPECIFIED.,.F.,.F.)
B_SPLINE_CURVE_WITH_KNOTS((4,4),(-1.,0.),.UNSPECIFIED.)
CURVE()
GEOMETRIC_REPRESENTATION_ITEM()
RATIONAL_B_SPLINE_CURVE((1.,1.,1.,1.))
REPRESENTATION_ITEM('')
);
#2199=(
BOUNDED_CURVE()
B_SPLINE_CURVE(3,(#9957,#9958,#9959,#9960),.UNSPECIFIED.,.F.,.F.)
B_SPLINE_CURVE_WITH_KNOTS((4,4),(-1.,0.),.UNSPECIFIED.)
CURVE()
GEOMETRIC_REPRESENTATION_ITEM()
RATIONAL_B_SPLINE_CURVE((1.,1.,1.,1.))
REPRESENTATION_ITEM('')
);
#2200=(
BOUNDED_CURVE()
B_SPLINE_CURVE(3,(#9970,#9971,#9972,#9973),.UNSPECIFIED.,.F.,.F.)
B_SPLINE_CURVE_WITH_KNOTS((4,4),(-1.,0.),.UNSPECIFIED.)
CURVE()
GEOMETRIC_REPRESENTATION_ITEM()
RATIONAL_B_SPLINE_CURVE((1.,1.,1.,1.))
REPRESENTATION_ITEM('')
);
#2201=(
BOUNDED_CURVE()
B_SPLINE_CURVE(3,(#9976,#9977,#9978,#9979),.UNSPECIFIED.,.F.,.F.)
B_SPLINE_CURVE_WITH_KNOTS((4,4),(-1.,0.),.UNSPECIFIED.)
CURVE()
GEOMETRIC_REPRESENTATION_ITEM()
RATIONAL_B_SPLINE_CURVE((1.,1.,1.,1.))
REPRESENTATION_ITEM('')
);
#2202=(
BOUNDED_CURVE()
B_SPLINE_CURVE(3,(#9989,#9990,#9991,#9992),.UNSPECIFIED.,.F.,.F.)
B_SPLINE_CURVE_WITH_KNOTS((4,4),(-1.,0.),.UNSPECIFIED.)
CURVE()
GEOMETRIC_REPRESENTATION_ITEM()
RATIONAL_B_SPLINE_CURVE((1.,1.,1.,1.))
REPRESENTATION_ITEM('')
);
#2203=(
BOUNDED_CURVE()
B_SPLINE_CURVE(3,(#9995,#9996,#9997,#9998),.UNSPECIFIED.,.F.,.F.)
B_SPLINE_CURVE_WITH_KNOTS((4,4),(-1.,0.),.UNSPECIFIED.)
CURVE()
GEOMETRIC_REPRESENTATION_ITEM()
RATIONAL_B_SPLINE_CURVE((1.,1.,1.,1.))
REPRESENTATION_ITEM('')
);
#2204=(
BOUNDED_CURVE()
B_SPLINE_CURVE(3,(#10020,#10021,#10022,#10023),.UNSPECIFIED.,.F.,.F.)
B_SPLINE_CURVE_WITH_KNOTS((4,4),(-1.,0.),.UNSPECIFIED.)
CURVE()
GEOMETRIC_REPRESENTATION_ITEM()
RATIONAL_B_SPLINE_CURVE((1.,1.,1.,1.))
REPRESENTATION_ITEM('')
);
#2205=(
BOUNDED_CURVE()
B_SPLINE_CURVE(3,(#10026,#10027,#10028,#10029),.UNSPECIFIED.,.F.,.F.)
B_SPLINE_CURVE_WITH_KNOTS((4,4),(-1.,0.),.UNSPECIFIED.)
CURVE()
GEOMETRIC_REPRESENTATION_ITEM()
RATIONAL_B_SPLINE_CURVE((1.,1.,1.,1.))
REPRESENTATION_ITEM('')
);
#2206=(
BOUNDED_CURVE()
B_SPLINE_CURVE(3,(#10039,#10040,#10041,#10042),.UNSPECIFIED.,.F.,.F.)
B_SPLINE_CURVE_WITH_KNOTS((4,4),(-1.,0.),.UNSPECIFIED.)
CURVE()
GEOMETRIC_REPRESENTATION_ITEM()
RATIONAL_B_SPLINE_CURVE((1.,1.,1.,1.))
REPRESENTATION_ITEM('')
);
#2207=(
BOUNDED_CURVE()
B_SPLINE_CURVE(3,(#10045,#10046,#10047,#10048),.UNSPECIFIED.,.F.,.F.)
B_SPLINE_CURVE_WITH_KNOTS((4,4),(-1.,0.),.UNSPECIFIED.)
CURVE()
GEOMETRIC_REPRESENTATION_ITEM()
RATIONAL_B_SPLINE_CURVE((1.,1.,1.,1.))
REPRESENTATION_ITEM('')
);
#2208=(
BOUNDED_CURVE()
B_SPLINE_CURVE(3,(#10058,#10059,#10060,#10061),.UNSPECIFIED.,.F.,.F.)
B_SPLINE_CURVE_WITH_KNOTS((4,4),(-1.,0.),.UNSPECIFIED.)
CURVE()
GEOMETRIC_REPRESENTATION_ITEM()
RATIONAL_B_SPLINE_CURVE((1.,1.,1.,1.))
REPRESENTATION_ITEM('')
);
#2209=(
BOUNDED_CURVE()
B_SPLINE_CURVE(3,(#10064,#10065,#10066,#10067),.UNSPECIFIED.,.F.,.F.)
B_SPLINE_CURVE_WITH_KNOTS((4,4),(-1.,0.),.UNSPECIFIED.)
CURVE()
GEOMETRIC_REPRESENTATION_ITEM()
RATIONAL_B_SPLINE_CURVE((1.,1.,1.,1.))
REPRESENTATION_ITEM('')
);
#2210=(
BOUNDED_CURVE()
B_SPLINE_CURVE(3,(#10077,#10078,#10079,#10080),.UNSPECIFIED.,.F.,.F.)
B_SPLINE_CURVE_WITH_KNOTS((4,4),(-1.,0.),.UNSPECIFIED.)
CURVE()
GEOMETRIC_REPRESENTATION_ITEM()
RATIONAL_B_SPLINE_CURVE((1.,1.,1.,1.))
REPRESENTATION_ITEM('')
);
#2211=(
BOUNDED_CURVE()
B_SPLINE_CURVE(3,(#10083,#10084,#10085,#10086),.UNSPECIFIED.,.F.,.F.)
B_SPLINE_CURVE_WITH_KNOTS((4,4),(-1.,0.),.UNSPECIFIED.)
CURVE()
GEOMETRIC_REPRESENTATION_ITEM()
RATIONAL_B_SPLINE_CURVE((1.,1.,1.,1.))
REPRESENTATION_ITEM('')
);
#2212=(
BOUNDED_CURVE()
B_SPLINE_CURVE(3,(#10096,#10097,#10098,#10099),.UNSPECIFIED.,.F.,.F.)
B_SPLINE_CURVE_WITH_KNOTS((4,4),(-1.,0.),.UNSPECIFIED.)
CURVE()
GEOMETRIC_REPRESENTATION_ITEM()
RATIONAL_B_SPLINE_CURVE((1.,1.,1.,1.))
REPRESENTATION_ITEM('')
);
#2213=(
BOUNDED_CURVE()
B_SPLINE_CURVE(3,(#10102,#10103,#10104,#10105),.UNSPECIFIED.,.F.,.F.)
B_SPLINE_CURVE_WITH_KNOTS((4,4),(-1.,0.),.UNSPECIFIED.)
CURVE()
GEOMETRIC_REPRESENTATION_ITEM()
RATIONAL_B_SPLINE_CURVE((1.,1.,1.,1.))
REPRESENTATION_ITEM('')
);
#2214=(
BOUNDED_CURVE()
B_SPLINE_CURVE(3,(#10115,#10116,#10117,#10118),.UNSPECIFIED.,.F.,.F.)
B_SPLINE_CURVE_WITH_KNOTS((4,4),(-1.,0.),.UNSPECIFIED.)
CURVE()
GEOMETRIC_REPRESENTATION_ITEM()
RATIONAL_B_SPLINE_CURVE((1.,1.,1.,1.))
REPRESENTATION_ITEM('')
);
#2215=(
BOUNDED_CURVE()
B_SPLINE_CURVE(3,(#10121,#10122,#10123,#10124),.UNSPECIFIED.,.F.,.F.)
B_SPLINE_CURVE_WITH_KNOTS((4,4),(-1.,0.),.UNSPECIFIED.)
CURVE()
GEOMETRIC_REPRESENTATION_ITEM()
RATIONAL_B_SPLINE_CURVE((1.,1.,1.,1.))
REPRESENTATION_ITEM('')
);
#2216=(
BOUNDED_CURVE()
B_SPLINE_CURVE(3,(#10134,#10135,#10136,#10137),.UNSPECIFIED.,.F.,.F.)
B_SPLINE_CURVE_WITH_KNOTS((4,4),(-1.,0.),.UNSPECIFIED.)
CURVE()
GEOMETRIC_REPRESENTATION_ITEM()
RATIONAL_B_SPLINE_CURVE((1.,1.,1.,1.))
REPRESENTATION_ITEM('')
);
#2217=(
BOUNDED_CURVE()
B_SPLINE_CURVE(3,(#10140,#10141,#10142,#10143),.UNSPECIFIED.,.F.,.F.)
B_SPLINE_CURVE_WITH_KNOTS((4,4),(-1.,0.),.UNSPECIFIED.)
CURVE()
GEOMETRIC_REPRESENTATION_ITEM()
RATIONAL_B_SPLINE_CURVE((1.,1.,1.,1.))
REPRESENTATION_ITEM('')
);
#2218=(
BOUNDED_CURVE()
B_SPLINE_CURVE(3,(#10153,#10154,#10155,#10156),.UNSPECIFIED.,.F.,.F.)
B_SPLINE_CURVE_WITH_KNOTS((4,4),(-1.,0.),.UNSPECIFIED.)
CURVE()
GEOMETRIC_REPRESENTATION_ITEM()
RATIONAL_B_SPLINE_CURVE((1.,1.,1.,1.))
REPRESENTATION_ITEM('')
);
#2219=(
BOUNDED_CURVE()
B_SPLINE_CURVE(3,(#10159,#10160,#10161,#10162),.UNSPECIFIED.,.F.,.F.)
B_SPLINE_CURVE_WITH_KNOTS((4,4),(-1.,0.),.UNSPECIFIED.)
CURVE()
GEOMETRIC_REPRESENTATION_ITEM()
RATIONAL_B_SPLINE_CURVE((1.,1.,1.,1.))
REPRESENTATION_ITEM('')
);
#2220=(
BOUNDED_CURVE()
B_SPLINE_CURVE(3,(#10172,#10173,#10174,#10175),.UNSPECIFIED.,.F.,.F.)
B_SPLINE_CURVE_WITH_KNOTS((4,4),(-1.,0.),.UNSPECIFIED.)
CURVE()
GEOMETRIC_REPRESENTATION_ITEM()
RATIONAL_B_SPLINE_CURVE((1.,1.,1.,1.))
REPRESENTATION_ITEM('')
);
#2221=(
BOUNDED_CURVE()
B_SPLINE_CURVE(3,(#10178,#10179,#10180,#10181),.UNSPECIFIED.,.F.,.F.)
B_SPLINE_CURVE_WITH_KNOTS((4,4),(-1.,0.),.UNSPECIFIED.)
CURVE()
GEOMETRIC_REPRESENTATION_ITEM()
RATIONAL_B_SPLINE_CURVE((1.,1.,1.,1.))
REPRESENTATION_ITEM('')
);
#2222=(
BOUNDED_CURVE()
B_SPLINE_CURVE(3,(#10191,#10192,#10193,#10194),.UNSPECIFIED.,.F.,.F.)
B_SPLINE_CURVE_WITH_KNOTS((4,4),(-1.,0.),.UNSPECIFIED.)
CURVE()
GEOMETRIC_REPRESENTATION_ITEM()
RATIONAL_B_SPLINE_CURVE((1.,1.,1.,1.))
REPRESENTATION_ITEM('')
);
#2223=(
BOUNDED_CURVE()
B_SPLINE_CURVE(3,(#10197,#10198,#10199,#10200),.UNSPECIFIED.,.F.,.F.)
B_SPLINE_CURVE_WITH_KNOTS((4,4),(-1.,0.),.UNSPECIFIED.)
CURVE()
GEOMETRIC_REPRESENTATION_ITEM()
RATIONAL_B_SPLINE_CURVE((1.,1.,1.,1.))
REPRESENTATION_ITEM('')
);
#2224=(
BOUNDED_CURVE()
B_SPLINE_CURVE(3,(#10210,#10211,#10212,#10213),.UNSPECIFIED.,.F.,.F.)
B_SPLINE_CURVE_WITH_KNOTS((4,4),(-1.,0.),.UNSPECIFIED.)
CURVE()
GEOMETRIC_REPRESENTATION_ITEM()
RATIONAL_B_SPLINE_CURVE((1.,1.,1.,1.))
REPRESENTATION_ITEM('')
);
#2225=(
BOUNDED_CURVE()
B_SPLINE_CURVE(3,(#10216,#10217,#10218,#10219),.UNSPECIFIED.,.F.,.F.)
B_SPLINE_CURVE_WITH_KNOTS((4,4),(-1.,0.),.UNSPECIFIED.)
CURVE()
GEOMETRIC_REPRESENTATION_ITEM()
RATIONAL_B_SPLINE_CURVE((1.,1.,1.,1.))
REPRESENTATION_ITEM('')
);
#2226=(
BOUNDED_CURVE()
B_SPLINE_CURVE(3,(#10229,#10230,#10231,#10232),.UNSPECIFIED.,.F.,.F.)
B_SPLINE_CURVE_WITH_KNOTS((4,4),(-1.,0.),.UNSPECIFIED.)
CURVE()
GEOMETRIC_REPRESENTATION_ITEM()
RATIONAL_B_SPLINE_CURVE((1.,1.,1.,1.))
REPRESENTATION_ITEM('')
);
#2227=(
BOUNDED_CURVE()
B_SPLINE_CURVE(3,(#10235,#10236,#10237,#10238),.UNSPECIFIED.,.F.,.F.)
B_SPLINE_CURVE_WITH_KNOTS((4,4),(-1.,0.),.UNSPECIFIED.)
CURVE()
GEOMETRIC_REPRESENTATION_ITEM()
RATIONAL_B_SPLINE_CURVE((1.,1.,1.,1.))
REPRESENTATION_ITEM('')
);
#2228=(
BOUNDED_CURVE()
B_SPLINE_CURVE(3,(#10248,#10249,#10250,#10251),.UNSPECIFIED.,.F.,.F.)
B_SPLINE_CURVE_WITH_KNOTS((4,4),(-1.,0.),.UNSPECIFIED.)
CURVE()
GEOMETRIC_REPRESENTATION_ITEM()
RATIONAL_B_SPLINE_CURVE((1.,1.,1.,1.))
REPRESENTATION_ITEM('')
);
#2229=(
BOUNDED_CURVE()
B_SPLINE_CURVE(3,(#10254,#10255,#10256,#10257),.UNSPECIFIED.,.F.,.F.)
B_SPLINE_CURVE_WITH_KNOTS((4,4),(-1.,0.),.UNSPECIFIED.)
CURVE()
GEOMETRIC_REPRESENTATION_ITEM()
RATIONAL_B_SPLINE_CURVE((1.,1.,1.,1.))
REPRESENTATION_ITEM('')
);
#2230=(
BOUNDED_CURVE()
B_SPLINE_CURVE(3,(#10267,#10268,#10269,#10270),.UNSPECIFIED.,.F.,.F.)
B_SPLINE_CURVE_WITH_KNOTS((4,4),(-1.,0.),.UNSPECIFIED.)
CURVE()
GEOMETRIC_REPRESENTATION_ITEM()
RATIONAL_B_SPLINE_CURVE((1.,1.,1.,1.))
REPRESENTATION_ITEM('')
);
#2231=(
BOUNDED_CURVE()
B_SPLINE_CURVE(3,(#10273,#10274,#10275,#10276),.UNSPECIFIED.,.F.,.F.)
B_SPLINE_CURVE_WITH_KNOTS((4,4),(-1.,0.),.UNSPECIFIED.)
CURVE()
GEOMETRIC_REPRESENTATION_ITEM()
RATIONAL_B_SPLINE_CURVE((1.,1.,1.,1.))
REPRESENTATION_ITEM('')
);
#2232=(
BOUNDED_CURVE()
B_SPLINE_CURVE(3,(#10286,#10287,#10288,#10289),.UNSPECIFIED.,.F.,.F.)
B_SPLINE_CURVE_WITH_KNOTS((4,4),(-1.,0.),.UNSPECIFIED.)
CURVE()
GEOMETRIC_REPRESENTATION_ITEM()
RATIONAL_B_SPLINE_CURVE((1.,1.,1.,1.))
REPRESENTATION_ITEM('')
);
#2233=(
BOUNDED_CURVE()
B_SPLINE_CURVE(3,(#10292,#10293,#10294,#10295),.UNSPECIFIED.,.F.,.F.)
B_SPLINE_CURVE_WITH_KNOTS((4,4),(-1.,0.),.UNSPECIFIED.)
CURVE()
GEOMETRIC_REPRESENTATION_ITEM()
RATIONAL_B_SPLINE_CURVE((1.,1.,1.,1.))
REPRESENTATION_ITEM('')
);
#2234=(
BOUNDED_CURVE()
B_SPLINE_CURVE(3,(#10305,#10306,#10307,#10308),.UNSPECIFIED.,.F.,.F.)
B_SPLINE_CURVE_WITH_KNOTS((4,4),(-1.,0.),.UNSPECIFIED.)
CURVE()
GEOMETRIC_REPRESENTATION_ITEM()
RATIONAL_B_SPLINE_CURVE((1.,1.,1.,1.))
REPRESENTATION_ITEM('')
);
#2235=(
BOUNDED_CURVE()
B_SPLINE_CURVE(3,(#10311,#10312,#10313,#10314),.UNSPECIFIED.,.F.,.F.)
B_SPLINE_CURVE_WITH_KNOTS((4,4),(-1.,0.),.UNSPECIFIED.)
CURVE()
GEOMETRIC_REPRESENTATION_ITEM()
RATIONAL_B_SPLINE_CURVE((1.,1.,1.,1.))
REPRESENTATION_ITEM('')
);
#2236=(
BOUNDED_CURVE()
B_SPLINE_CURVE(3,(#10324,#10325,#10326,#10327),.UNSPECIFIED.,.F.,.F.)
B_SPLINE_CURVE_WITH_KNOTS((4,4),(-1.,0.),.UNSPECIFIED.)
CURVE()
GEOMETRIC_REPRESENTATION_ITEM()
RATIONAL_B_SPLINE_CURVE((1.,1.,1.,1.))
REPRESENTATION_ITEM('')
);
#2237=(
BOUNDED_CURVE()
B_SPLINE_CURVE(3,(#10330,#10331,#10332,#10333),.UNSPECIFIED.,.F.,.F.)
B_SPLINE_CURVE_WITH_KNOTS((4,4),(-1.,0.),.UNSPECIFIED.)
CURVE()
GEOMETRIC_REPRESENTATION_ITEM()
RATIONAL_B_SPLINE_CURVE((1.,1.,1.,1.))
REPRESENTATION_ITEM('')
);
#2238=(
BOUNDED_CURVE()
B_SPLINE_CURVE(3,(#10343,#10344,#10345,#10346),.UNSPECIFIED.,.F.,.F.)
B_SPLINE_CURVE_WITH_KNOTS((4,4),(-1.,0.),.UNSPECIFIED.)
CURVE()
GEOMETRIC_REPRESENTATION_ITEM()
RATIONAL_B_SPLINE_CURVE((1.,1.,1.,1.))
REPRESENTATION_ITEM('')
);
#2239=(
BOUNDED_CURVE()
B_SPLINE_CURVE(3,(#10349,#10350,#10351,#10352),.UNSPECIFIED.,.F.,.F.)
B_SPLINE_CURVE_WITH_KNOTS((4,4),(-1.,0.),.UNSPECIFIED.)
CURVE()
GEOMETRIC_REPRESENTATION_ITEM()
RATIONAL_B_SPLINE_CURVE((1.,1.,1.,1.))
REPRESENTATION_ITEM('')
);
#2240=(
BOUNDED_CURVE()
B_SPLINE_CURVE(3,(#10362,#10363,#10364,#10365),.UNSPECIFIED.,.F.,.F.)
B_SPLINE_CURVE_WITH_KNOTS((4,4),(-1.,0.),.UNSPECIFIED.)
CURVE()
GEOMETRIC_REPRESENTATION_ITEM()
RATIONAL_B_SPLINE_CURVE((1.,1.,1.,1.))
REPRESENTATION_ITEM('')
);
#2241=(
BOUNDED_CURVE()
B_SPLINE_CURVE(3,(#10368,#10369,#10370,#10371),.UNSPECIFIED.,.F.,.F.)
B_SPLINE_CURVE_WITH_KNOTS((4,4),(-1.,0.),.UNSPECIFIED.)
CURVE()
GEOMETRIC_REPRESENTATION_ITEM()
RATIONAL_B_SPLINE_CURVE((1.,1.,1.,1.))
REPRESENTATION_ITEM('')
);
#2242=(
BOUNDED_CURVE()
B_SPLINE_CURVE(3,(#10381,#10382,#10383,#10384),.UNSPECIFIED.,.F.,.F.)
B_SPLINE_CURVE_WITH_KNOTS((4,4),(-1.,0.),.UNSPECIFIED.)
CURVE()
GEOMETRIC_REPRESENTATION_ITEM()
RATIONAL_B_SPLINE_CURVE((1.,1.,1.,1.))
REPRESENTATION_ITEM('')
);
#2243=(
BOUNDED_CURVE()
B_SPLINE_CURVE(3,(#10387,#10388,#10389,#10390),.UNSPECIFIED.,.F.,.F.)
B_SPLINE_CURVE_WITH_KNOTS((4,4),(-1.,0.),.UNSPECIFIED.)
CURVE()
GEOMETRIC_REPRESENTATION_ITEM()
RATIONAL_B_SPLINE_CURVE((1.,1.,1.,1.))
REPRESENTATION_ITEM('')
);
#2244=(
BOUNDED_CURVE()
B_SPLINE_CURVE(3,(#10400,#10401,#10402,#10403),.UNSPECIFIED.,.F.,.F.)
B_SPLINE_CURVE_WITH_KNOTS((4,4),(-1.,0.),.UNSPECIFIED.)
CURVE()
GEOMETRIC_REPRESENTATION_ITEM()
RATIONAL_B_SPLINE_CURVE((1.,1.,1.,1.))
REPRESENTATION_ITEM('')
);
#2245=(
BOUNDED_CURVE()
B_SPLINE_CURVE(3,(#10406,#10407,#10408,#10409),.UNSPECIFIED.,.F.,.F.)
B_SPLINE_CURVE_WITH_KNOTS((4,4),(-1.,0.),.UNSPECIFIED.)
CURVE()
GEOMETRIC_REPRESENTATION_ITEM()
RATIONAL_B_SPLINE_CURVE((1.,1.,1.,1.))
REPRESENTATION_ITEM('')
);
#2246=(
BOUNDED_CURVE()
B_SPLINE_CURVE(3,(#10431,#10432,#10433,#10434),.UNSPECIFIED.,.F.,.F.)
B_SPLINE_CURVE_WITH_KNOTS((4,4),(-1.,0.),.UNSPECIFIED.)
CURVE()
GEOMETRIC_REPRESENTATION_ITEM()
RATIONAL_B_SPLINE_CURVE((1.,1.,1.,1.))
REPRESENTATION_ITEM('')
);
#2247=(
BOUNDED_CURVE()
B_SPLINE_CURVE(3,(#10437,#10438,#10439,#10440),.UNSPECIFIED.,.F.,.F.)
B_SPLINE_CURVE_WITH_KNOTS((4,4),(-1.,0.),.UNSPECIFIED.)
CURVE()
GEOMETRIC_REPRESENTATION_ITEM()
RATIONAL_B_SPLINE_CURVE((1.,1.,1.,1.))
REPRESENTATION_ITEM('')
);
#2248=(
BOUNDED_CURVE()
B_SPLINE_CURVE(3,(#10450,#10451,#10452,#10453),.UNSPECIFIED.,.F.,.F.)
B_SPLINE_CURVE_WITH_KNOTS((4,4),(-1.,0.),.UNSPECIFIED.)
CURVE()
GEOMETRIC_REPRESENTATION_ITEM()
RATIONAL_B_SPLINE_CURVE((1.,1.,1.,1.))
REPRESENTATION_ITEM('')
);
#2249=(
BOUNDED_CURVE()
B_SPLINE_CURVE(3,(#10456,#10457,#10458,#10459),.UNSPECIFIED.,.F.,.F.)
B_SPLINE_CURVE_WITH_KNOTS((4,4),(-1.,0.),.UNSPECIFIED.)
CURVE()
GEOMETRIC_REPRESENTATION_ITEM()
RATIONAL_B_SPLINE_CURVE((1.,1.,1.,1.))
REPRESENTATION_ITEM('')
);
#2250=(
BOUNDED_CURVE()
B_SPLINE_CURVE(3,(#10469,#10470,#10471,#10472),.UNSPECIFIED.,.F.,.F.)
B_SPLINE_CURVE_WITH_KNOTS((4,4),(-1.,0.),.UNSPECIFIED.)
CURVE()
GEOMETRIC_REPRESENTATION_ITEM()
RATIONAL_B_SPLINE_CURVE((1.,1.,1.,1.))
REPRESENTATION_ITEM('')
);
#2251=(
BOUNDED_CURVE()
B_SPLINE_CURVE(3,(#10475,#10476,#10477,#10478),.UNSPECIFIED.,.F.,.F.)
B_SPLINE_CURVE_WITH_KNOTS((4,4),(-1.,0.),.UNSPECIFIED.)
CURVE()
GEOMETRIC_REPRESENTATION_ITEM()
RATIONAL_B_SPLINE_CURVE((1.,1.,1.,1.))
REPRESENTATION_ITEM('')
);
#2252=(
BOUNDED_CURVE()
B_SPLINE_CURVE(3,(#10488,#10489,#10490,#10491),.UNSPECIFIED.,.F.,.F.)
B_SPLINE_CURVE_WITH_KNOTS((4,4),(-1.,0.),.UNSPECIFIED.)
CURVE()
GEOMETRIC_REPRESENTATION_ITEM()
RATIONAL_B_SPLINE_CURVE((1.,1.,1.,1.))
REPRESENTATION_ITEM('')
);
#2253=(
BOUNDED_CURVE()
B_SPLINE_CURVE(3,(#10494,#10495,#10496,#10497),.UNSPECIFIED.,.F.,.F.)
B_SPLINE_CURVE_WITH_KNOTS((4,4),(-1.,0.),.UNSPECIFIED.)
CURVE()
GEOMETRIC_REPRESENTATION_ITEM()
RATIONAL_B_SPLINE_CURVE((1.,1.,1.,1.))
REPRESENTATION_ITEM('')
);
#2254=(
BOUNDED_CURVE()
B_SPLINE_CURVE(3,(#10507,#10508,#10509,#10510),.UNSPECIFIED.,.F.,.F.)
B_SPLINE_CURVE_WITH_KNOTS((4,4),(-1.,0.),.UNSPECIFIED.)
CURVE()
GEOMETRIC_REPRESENTATION_ITEM()
RATIONAL_B_SPLINE_CURVE((1.,1.,1.,1.))
REPRESENTATION_ITEM('')
);
#2255=(
BOUNDED_CURVE()
B_SPLINE_CURVE(3,(#10513,#10514,#10515,#10516),.UNSPECIFIED.,.F.,.F.)
B_SPLINE_CURVE_WITH_KNOTS((4,4),(-1.,0.),.UNSPECIFIED.)
CURVE()
GEOMETRIC_REPRESENTATION_ITEM()
RATIONAL_B_SPLINE_CURVE((1.,1.,1.,1.))
REPRESENTATION_ITEM('')
);
#2256=(
BOUNDED_CURVE()
B_SPLINE_CURVE(3,(#10526,#10527,#10528,#10529),.UNSPECIFIED.,.F.,.F.)
B_SPLINE_CURVE_WITH_KNOTS((4,4),(-1.,0.),.UNSPECIFIED.)
CURVE()
GEOMETRIC_REPRESENTATION_ITEM()
RATIONAL_B_SPLINE_CURVE((1.,1.,1.,1.))
REPRESENTATION_ITEM('')
);
#2257=(
BOUNDED_CURVE()
B_SPLINE_CURVE(3,(#10532,#10533,#10534,#10535),.UNSPECIFIED.,.F.,.F.)
B_SPLINE_CURVE_WITH_KNOTS((4,4),(-1.,0.),.UNSPECIFIED.)
CURVE()
GEOMETRIC_REPRESENTATION_ITEM()
RATIONAL_B_SPLINE_CURVE((1.,1.,1.,1.))
REPRESENTATION_ITEM('')
);
#2258=(
BOUNDED_CURVE()
B_SPLINE_CURVE(3,(#10557,#10558,#10559,#10560),.UNSPECIFIED.,.F.,.F.)
B_SPLINE_CURVE_WITH_KNOTS((4,4),(-1.,0.),.UNSPECIFIED.)
CURVE()
GEOMETRIC_REPRESENTATION_ITEM()
RATIONAL_B_SPLINE_CURVE((1.,1.,1.,1.))
REPRESENTATION_ITEM('')
);
#2259=(
BOUNDED_CURVE()
B_SPLINE_CURVE(3,(#10563,#10564,#10565,#10566),.UNSPECIFIED.,.F.,.F.)
B_SPLINE_CURVE_WITH_KNOTS((4,4),(-1.,0.),.UNSPECIFIED.)
CURVE()
GEOMETRIC_REPRESENTATION_ITEM()
RATIONAL_B_SPLINE_CURVE((1.,1.,1.,1.))
REPRESENTATION_ITEM('')
);
#2260=(
BOUNDED_CURVE()
B_SPLINE_CURVE(3,(#10576,#10577,#10578,#10579),.UNSPECIFIED.,.F.,.F.)
B_SPLINE_CURVE_WITH_KNOTS((4,4),(-1.,0.),.UNSPECIFIED.)
CURVE()
GEOMETRIC_REPRESENTATION_ITEM()
RATIONAL_B_SPLINE_CURVE((1.,1.,1.,1.))
REPRESENTATION_ITEM('')
);
#2261=(
BOUNDED_CURVE()
B_SPLINE_CURVE(3,(#10582,#10583,#10584,#10585),.UNSPECIFIED.,.F.,.F.)
B_SPLINE_CURVE_WITH_KNOTS((4,4),(-1.,0.),.UNSPECIFIED.)
CURVE()
GEOMETRIC_REPRESENTATION_ITEM()
RATIONAL_B_SPLINE_CURVE((1.,1.,1.,1.))
REPRESENTATION_ITEM('')
);
#2262=(
BOUNDED_CURVE()
B_SPLINE_CURVE(3,(#10595,#10596,#10597,#10598),.UNSPECIFIED.,.F.,.F.)
B_SPLINE_CURVE_WITH_KNOTS((4,4),(-1.,0.),.UNSPECIFIED.)
CURVE()
GEOMETRIC_REPRESENTATION_ITEM()
RATIONAL_B_SPLINE_CURVE((1.,1.,1.,1.))
REPRESENTATION_ITEM('')
);
#2263=(
BOUNDED_CURVE()
B_SPLINE_CURVE(3,(#10601,#10602,#10603,#10604),.UNSPECIFIED.,.F.,.F.)
B_SPLINE_CURVE_WITH_KNOTS((4,4),(-1.,0.),.UNSPECIFIED.)
CURVE()
GEOMETRIC_REPRESENTATION_ITEM()
RATIONAL_B_SPLINE_CURVE((1.,1.,1.,1.))
REPRESENTATION_ITEM('')
);
#2264=(
BOUNDED_CURVE()
B_SPLINE_CURVE(3,(#10614,#10615,#10616,#10617),.UNSPECIFIED.,.F.,.F.)
B_SPLINE_CURVE_WITH_KNOTS((4,4),(-1.,0.),.UNSPECIFIED.)
CURVE()
GEOMETRIC_REPRESENTATION_ITEM()
RATIONAL_B_SPLINE_CURVE((1.,1.,1.,1.))
REPRESENTATION_ITEM('')
);
#2265=(
BOUNDED_CURVE()
B_SPLINE_CURVE(3,(#10620,#10621,#10622,#10623),.UNSPECIFIED.,.F.,.F.)
B_SPLINE_CURVE_WITH_KNOTS((4,4),(-1.,0.),.UNSPECIFIED.)
CURVE()
GEOMETRIC_REPRESENTATION_ITEM()
RATIONAL_B_SPLINE_CURVE((1.,1.,1.,1.))
REPRESENTATION_ITEM('')
);
#2266=(
BOUNDED_CURVE()
B_SPLINE_CURVE(3,(#10633,#10634,#10635,#10636),.UNSPECIFIED.,.F.,.F.)
B_SPLINE_CURVE_WITH_KNOTS((4,4),(-1.,0.),.UNSPECIFIED.)
CURVE()
GEOMETRIC_REPRESENTATION_ITEM()
RATIONAL_B_SPLINE_CURVE((1.,1.,1.,1.))
REPRESENTATION_ITEM('')
);
#2267=(
BOUNDED_CURVE()
B_SPLINE_CURVE(3,(#10639,#10640,#10641,#10642),.UNSPECIFIED.,.F.,.F.)
B_SPLINE_CURVE_WITH_KNOTS((4,4),(-1.,0.),.UNSPECIFIED.)
CURVE()
GEOMETRIC_REPRESENTATION_ITEM()
RATIONAL_B_SPLINE_CURVE((1.,1.,1.,1.))
REPRESENTATION_ITEM('')
);
#2268=(
BOUNDED_CURVE()
B_SPLINE_CURVE(3,(#10652,#10653,#10654,#10655),.UNSPECIFIED.,.F.,.F.)
B_SPLINE_CURVE_WITH_KNOTS((4,4),(-1.,0.),.UNSPECIFIED.)
CURVE()
GEOMETRIC_REPRESENTATION_ITEM()
RATIONAL_B_SPLINE_CURVE((1.,1.,1.,1.))
REPRESENTATION_ITEM('')
);
#2269=(
BOUNDED_CURVE()
B_SPLINE_CURVE(3,(#10658,#10659,#10660,#10661),.UNSPECIFIED.,.F.,.F.)
B_SPLINE_CURVE_WITH_KNOTS((4,4),(-1.,0.),.UNSPECIFIED.)
CURVE()
GEOMETRIC_REPRESENTATION_ITEM()
RATIONAL_B_SPLINE_CURVE((1.,1.,1.,1.))
REPRESENTATION_ITEM('')
);
#2270=(
BOUNDED_CURVE()
B_SPLINE_CURVE(3,(#10671,#10672,#10673,#10674),.UNSPECIFIED.,.F.,.F.)
B_SPLINE_CURVE_WITH_KNOTS((4,4),(-1.,0.),.UNSPECIFIED.)
CURVE()
GEOMETRIC_REPRESENTATION_ITEM()
RATIONAL_B_SPLINE_CURVE((1.,1.,1.,1.))
REPRESENTATION_ITEM('')
);
#2271=(
BOUNDED_CURVE()
B_SPLINE_CURVE(3,(#10677,#10678,#10679,#10680),.UNSPECIFIED.,.F.,.F.)
B_SPLINE_CURVE_WITH_KNOTS((4,4),(-1.,0.),.UNSPECIFIED.)
CURVE()
GEOMETRIC_REPRESENTATION_ITEM()
RATIONAL_B_SPLINE_CURVE((1.,1.,1.,1.))
REPRESENTATION_ITEM('')
);
#2272=(
BOUNDED_CURVE()
B_SPLINE_CURVE(3,(#10690,#10691,#10692,#10693),.UNSPECIFIED.,.F.,.F.)
B_SPLINE_CURVE_WITH_KNOTS((4,4),(-1.,0.),.UNSPECIFIED.)
CURVE()
GEOMETRIC_REPRESENTATION_ITEM()
RATIONAL_B_SPLINE_CURVE((1.,1.,1.,1.))
REPRESENTATION_ITEM('')
);
#2273=(
BOUNDED_CURVE()
B_SPLINE_CURVE(3,(#10696,#10697,#10698,#10699),.UNSPECIFIED.,.F.,.F.)
B_SPLINE_CURVE_WITH_KNOTS((4,4),(-1.,0.),.UNSPECIFIED.)
CURVE()
GEOMETRIC_REPRESENTATION_ITEM()
RATIONAL_B_SPLINE_CURVE((1.,1.,1.,1.))
REPRESENTATION_ITEM('')
);
#2274=(
BOUNDED_CURVE()
B_SPLINE_CURVE(3,(#10709,#10710,#10711,#10712),.UNSPECIFIED.,.F.,.F.)
B_SPLINE_CURVE_WITH_KNOTS((4,4),(-1.,0.),.UNSPECIFIED.)
CURVE()
GEOMETRIC_REPRESENTATION_ITEM()
RATIONAL_B_SPLINE_CURVE((1.,1.,1.,1.))
REPRESENTATION_ITEM('')
);
#2275=(
BOUNDED_CURVE()
B_SPLINE_CURVE(3,(#10715,#10716,#10717,#10718),.UNSPECIFIED.,.F.,.F.)
B_SPLINE_CURVE_WITH_KNOTS((4,4),(-1.,0.),.UNSPECIFIED.)
CURVE()
GEOMETRIC_REPRESENTATION_ITEM()
RATIONAL_B_SPLINE_CURVE((1.,1.,1.,1.))
REPRESENTATION_ITEM('')
);
#2276=(
BOUNDED_CURVE()
B_SPLINE_CURVE(3,(#10728,#10729,#10730,#10731),.UNSPECIFIED.,.F.,.F.)
B_SPLINE_CURVE_WITH_KNOTS((4,4),(-1.,0.),.UNSPECIFIED.)
CURVE()
GEOMETRIC_REPRESENTATION_ITEM()
RATIONAL_B_SPLINE_CURVE((1.,1.,1.,1.))
REPRESENTATION_ITEM('')
);
#2277=(
BOUNDED_CURVE()
B_SPLINE_CURVE(3,(#10734,#10735,#10736,#10737),.UNSPECIFIED.,.F.,.F.)
B_SPLINE_CURVE_WITH_KNOTS((4,4),(-1.,0.),.UNSPECIFIED.)
CURVE()
GEOMETRIC_REPRESENTATION_ITEM()
RATIONAL_B_SPLINE_CURVE((1.,1.,1.,1.))
REPRESENTATION_ITEM('')
);
#2278=(
BOUNDED_CURVE()
B_SPLINE_CURVE(3,(#10747,#10748,#10749,#10750),.UNSPECIFIED.,.F.,.F.)
B_SPLINE_CURVE_WITH_KNOTS((4,4),(-1.,0.),.UNSPECIFIED.)
CURVE()
GEOMETRIC_REPRESENTATION_ITEM()
RATIONAL_B_SPLINE_CURVE((1.,1.,1.,1.))
REPRESENTATION_ITEM('')
);
#2279=(
BOUNDED_CURVE()
B_SPLINE_CURVE(3,(#10753,#10754,#10755,#10756),.UNSPECIFIED.,.F.,.F.)
B_SPLINE_CURVE_WITH_KNOTS((4,4),(-1.,0.),.UNSPECIFIED.)
CURVE()
GEOMETRIC_REPRESENTATION_ITEM()
RATIONAL_B_SPLINE_CURVE((1.,1.,1.,1.))
REPRESENTATION_ITEM('')
);
#2280=(
BOUNDED_CURVE()
B_SPLINE_CURVE(3,(#10766,#10767,#10768,#10769),.UNSPECIFIED.,.F.,.F.)
B_SPLINE_CURVE_WITH_KNOTS((4,4),(-1.,0.),.UNSPECIFIED.)
CURVE()
GEOMETRIC_REPRESENTATION_ITEM()
RATIONAL_B_SPLINE_CURVE((1.,1.,1.,1.))
REPRESENTATION_ITEM('')
);
#2281=(
BOUNDED_CURVE()
B_SPLINE_CURVE(3,(#10772,#10773,#10774,#10775),.UNSPECIFIED.,.F.,.F.)
B_SPLINE_CURVE_WITH_KNOTS((4,4),(-1.,0.),.UNSPECIFIED.)
CURVE()
GEOMETRIC_REPRESENTATION_ITEM()
RATIONAL_B_SPLINE_CURVE((1.,1.,1.,1.))
REPRESENTATION_ITEM('')
);
#2282=(
BOUNDED_CURVE()
B_SPLINE_CURVE(3,(#10797,#10798,#10799,#10800),.UNSPECIFIED.,.F.,.F.)
B_SPLINE_CURVE_WITH_KNOTS((4,4),(-1.,0.),.UNSPECIFIED.)
CURVE()
GEOMETRIC_REPRESENTATION_ITEM()
RATIONAL_B_SPLINE_CURVE((1.,1.,1.,1.))
REPRESENTATION_ITEM('')
);
#2283=(
BOUNDED_CURVE()
B_SPLINE_CURVE(3,(#10803,#10804,#10805,#10806),.UNSPECIFIED.,.F.,.F.)
B_SPLINE_CURVE_WITH_KNOTS((4,4),(-1.,0.),.UNSPECIFIED.)
CURVE()
GEOMETRIC_REPRESENTATION_ITEM()
RATIONAL_B_SPLINE_CURVE((1.,1.,1.,1.))
REPRESENTATION_ITEM('')
);
#2284=(
BOUNDED_CURVE()
B_SPLINE_CURVE(3,(#10816,#10817,#10818,#10819),.UNSPECIFIED.,.F.,.F.)
B_SPLINE_CURVE_WITH_KNOTS((4,4),(-1.,0.),.UNSPECIFIED.)
CURVE()
GEOMETRIC_REPRESENTATION_ITEM()
RATIONAL_B_SPLINE_CURVE((1.,1.,1.,1.))
REPRESENTATION_ITEM('')
);
#2285=(
BOUNDED_CURVE()
B_SPLINE_CURVE(3,(#10822,#10823,#10824,#10825),.UNSPECIFIED.,.F.,.F.)
B_SPLINE_CURVE_WITH_KNOTS((4,4),(-1.,0.),.UNSPECIFIED.)
CURVE()
GEOMETRIC_REPRESENTATION_ITEM()
RATIONAL_B_SPLINE_CURVE((1.,1.,1.,1.))
REPRESENTATION_ITEM('')
);
#2286=(
BOUNDED_CURVE()
B_SPLINE_CURVE(3,(#10835,#10836,#10837,#10838),.UNSPECIFIED.,.F.,.F.)
B_SPLINE_CURVE_WITH_KNOTS((4,4),(-1.,0.),.UNSPECIFIED.)
CURVE()
GEOMETRIC_REPRESENTATION_ITEM()
RATIONAL_B_SPLINE_CURVE((1.,1.,1.,1.))
REPRESENTATION_ITEM('')
);
#2287=(
BOUNDED_CURVE()
B_SPLINE_CURVE(3,(#10841,#10842,#10843,#10844),.UNSPECIFIED.,.F.,.F.)
B_SPLINE_CURVE_WITH_KNOTS((4,4),(-1.,0.),.UNSPECIFIED.)
CURVE()
GEOMETRIC_REPRESENTATION_ITEM()
RATIONAL_B_SPLINE_CURVE((1.,1.,1.,1.))
REPRESENTATION_ITEM('')
);
#2288=(
BOUNDED_CURVE()
B_SPLINE_CURVE(3,(#10854,#10855,#10856,#10857),.UNSPECIFIED.,.F.,.F.)
B_SPLINE_CURVE_WITH_KNOTS((4,4),(-1.,0.),.UNSPECIFIED.)
CURVE()
GEOMETRIC_REPRESENTATION_ITEM()
RATIONAL_B_SPLINE_CURVE((1.,1.,1.,1.))
REPRESENTATION_ITEM('')
);
#2289=(
BOUNDED_CURVE()
B_SPLINE_CURVE(3,(#10860,#10861,#10862,#10863),.UNSPECIFIED.,.F.,.F.)
B_SPLINE_CURVE_WITH_KNOTS((4,4),(-1.,0.),.UNSPECIFIED.)
CURVE()
GEOMETRIC_REPRESENTATION_ITEM()
RATIONAL_B_SPLINE_CURVE((1.,1.,1.,1.))
REPRESENTATION_ITEM('')
);
#2290=(
BOUNDED_CURVE()
B_SPLINE_CURVE(3,(#10873,#10874,#10875,#10876),.UNSPECIFIED.,.F.,.F.)
B_SPLINE_CURVE_WITH_KNOTS((4,4),(-1.,0.),.UNSPECIFIED.)
CURVE()
GEOMETRIC_REPRESENTATION_ITEM()
RATIONAL_B_SPLINE_CURVE((1.,1.,1.,1.))
REPRESENTATION_ITEM('')
);
#2291=(
BOUNDED_CURVE()
B_SPLINE_CURVE(3,(#10879,#10880,#10881,#10882),.UNSPECIFIED.,.F.,.F.)
B_SPLINE_CURVE_WITH_KNOTS((4,4),(-1.,0.),.UNSPECIFIED.)
CURVE()
GEOMETRIC_REPRESENTATION_ITEM()
RATIONAL_B_SPLINE_CURVE((1.,1.,1.,1.))
REPRESENTATION_ITEM('')
);
#2292=(
BOUNDED_CURVE()
B_SPLINE_CURVE(3,(#10892,#10893,#10894,#10895),.UNSPECIFIED.,.F.,.F.)
B_SPLINE_CURVE_WITH_KNOTS((4,4),(-1.,0.),.UNSPECIFIED.)
CURVE()
GEOMETRIC_REPRESENTATION_ITEM()
RATIONAL_B_SPLINE_CURVE((1.,1.,1.,1.))
REPRESENTATION_ITEM('')
);
#2293=(
BOUNDED_CURVE()
B_SPLINE_CURVE(3,(#10898,#10899,#10900,#10901),.UNSPECIFIED.,.F.,.F.)
B_SPLINE_CURVE_WITH_KNOTS((4,4),(-1.,0.),.UNSPECIFIED.)
CURVE()
GEOMETRIC_REPRESENTATION_ITEM()
RATIONAL_B_SPLINE_CURVE((1.,1.,1.,1.))
REPRESENTATION_ITEM('')
);
#2294=(
BOUNDED_CURVE()
B_SPLINE_CURVE(3,(#10911,#10912,#10913,#10914),.UNSPECIFIED.,.F.,.F.)
B_SPLINE_CURVE_WITH_KNOTS((4,4),(-1.,0.),.UNSPECIFIED.)
CURVE()
GEOMETRIC_REPRESENTATION_ITEM()
RATIONAL_B_SPLINE_CURVE((1.,1.,1.,1.))
REPRESENTATION_ITEM('')
);
#2295=(
BOUNDED_CURVE()
B_SPLINE_CURVE(3,(#10917,#10918,#10919,#10920),.UNSPECIFIED.,.F.,.F.)
B_SPLINE_CURVE_WITH_KNOTS((4,4),(-1.,0.),.UNSPECIFIED.)
CURVE()
GEOMETRIC_REPRESENTATION_ITEM()
RATIONAL_B_SPLINE_CURVE((1.,1.,1.,1.))
REPRESENTATION_ITEM('')
);
#2296=(
BOUNDED_CURVE()
B_SPLINE_CURVE(3,(#10930,#10931,#10932,#10933),.UNSPECIFIED.,.F.,.F.)
B_SPLINE_CURVE_WITH_KNOTS((4,4),(-1.,0.),.UNSPECIFIED.)
CURVE()
GEOMETRIC_REPRESENTATION_ITEM()
RATIONAL_B_SPLINE_CURVE((1.,1.,1.,1.))
REPRESENTATION_ITEM('')
);
#2297=(
BOUNDED_CURVE()
B_SPLINE_CURVE(3,(#10936,#10937,#10938,#10939),.UNSPECIFIED.,.F.,.F.)
B_SPLINE_CURVE_WITH_KNOTS((4,4),(-1.,0.),.UNSPECIFIED.)
CURVE()
GEOMETRIC_REPRESENTATION_ITEM()
RATIONAL_B_SPLINE_CURVE((1.,1.,1.,1.))
REPRESENTATION_ITEM('')
);
#2298=(
BOUNDED_CURVE()
B_SPLINE_CURVE(3,(#10949,#10950,#10951,#10952),.UNSPECIFIED.,.F.,.F.)
B_SPLINE_CURVE_WITH_KNOTS((4,4),(-1.,0.),.UNSPECIFIED.)
CURVE()
GEOMETRIC_REPRESENTATION_ITEM()
RATIONAL_B_SPLINE_CURVE((1.,1.,1.,1.))
REPRESENTATION_ITEM('')
);
#2299=(
BOUNDED_CURVE()
B_SPLINE_CURVE(3,(#10955,#10956,#10957,#10958),.UNSPECIFIED.,.F.,.F.)
B_SPLINE_CURVE_WITH_KNOTS((4,4),(-1.,0.),.UNSPECIFIED.)
CURVE()
GEOMETRIC_REPRESENTATION_ITEM()
RATIONAL_B_SPLINE_CURVE((1.,1.,1.,1.))
REPRESENTATION_ITEM('')
);
#2300=(
BOUNDED_CURVE()
B_SPLINE_CURVE(3,(#10968,#10969,#10970,#10971),.UNSPECIFIED.,.F.,.F.)
B_SPLINE_CURVE_WITH_KNOTS((4,4),(-1.,0.),.UNSPECIFIED.)
CURVE()
GEOMETRIC_REPRESENTATION_ITEM()
RATIONAL_B_SPLINE_CURVE((1.,1.,1.,1.))
REPRESENTATION_ITEM('')
);
#2301=(
BOUNDED_CURVE()
B_SPLINE_CURVE(3,(#10974,#10975,#10976,#10977),.UNSPECIFIED.,.F.,.F.)
B_SPLINE_CURVE_WITH_KNOTS((4,4),(-1.,0.),.UNSPECIFIED.)
CURVE()
GEOMETRIC_REPRESENTATION_ITEM()
RATIONAL_B_SPLINE_CURVE((1.,1.,1.,1.))
REPRESENTATION_ITEM('')
);
#2302=(
BOUNDED_CURVE()
B_SPLINE_CURVE(3,(#10987,#10988,#10989,#10990),.UNSPECIFIED.,.F.,.F.)
B_SPLINE_CURVE_WITH_KNOTS((4,4),(-1.,0.),.UNSPECIFIED.)
CURVE()
GEOMETRIC_REPRESENTATION_ITEM()
RATIONAL_B_SPLINE_CURVE((1.,1.,1.,1.))
REPRESENTATION_ITEM('')
);
#2303=(
BOUNDED_CURVE()
B_SPLINE_CURVE(3,(#10993,#10994,#10995,#10996),.UNSPECIFIED.,.F.,.F.)
B_SPLINE_CURVE_WITH_KNOTS((4,4),(-1.,0.),.UNSPECIFIED.)
CURVE()
GEOMETRIC_REPRESENTATION_ITEM()
RATIONAL_B_SPLINE_CURVE((1.,1.,1.,1.))
REPRESENTATION_ITEM('')
);
#2304=(
BOUNDED_CURVE()
B_SPLINE_CURVE(3,(#11018,#11019,#11020,#11021),.UNSPECIFIED.,.F.,.F.)
B_SPLINE_CURVE_WITH_KNOTS((4,4),(-1.,0.),.UNSPECIFIED.)
CURVE()
GEOMETRIC_REPRESENTATION_ITEM()
RATIONAL_B_SPLINE_CURVE((1.,1.,1.,1.))
REPRESENTATION_ITEM('')
);
#2305=(
BOUNDED_CURVE()
B_SPLINE_CURVE(3,(#11024,#11025,#11026,#11027),.UNSPECIFIED.,.F.,.F.)
B_SPLINE_CURVE_WITH_KNOTS((4,4),(-1.,0.),.UNSPECIFIED.)
CURVE()
GEOMETRIC_REPRESENTATION_ITEM()
RATIONAL_B_SPLINE_CURVE((1.,1.,1.,1.))
REPRESENTATION_ITEM('')
);
#2306=(
BOUNDED_CURVE()
B_SPLINE_CURVE(3,(#11037,#11038,#11039,#11040),.UNSPECIFIED.,.F.,.F.)
B_SPLINE_CURVE_WITH_KNOTS((4,4),(-1.,0.),.UNSPECIFIED.)
CURVE()
GEOMETRIC_REPRESENTATION_ITEM()
RATIONAL_B_SPLINE_CURVE((1.,1.,1.,1.))
REPRESENTATION_ITEM('')
);
#2307=(
BOUNDED_CURVE()
B_SPLINE_CURVE(3,(#11043,#11044,#11045,#11046),.UNSPECIFIED.,.F.,.F.)
B_SPLINE_CURVE_WITH_KNOTS((4,4),(-1.,0.),.UNSPECIFIED.)
CURVE()
GEOMETRIC_REPRESENTATION_ITEM()
RATIONAL_B_SPLINE_CURVE((1.,1.,1.,1.))
REPRESENTATION_ITEM('')
);
#2308=(
BOUNDED_CURVE()
B_SPLINE_CURVE(3,(#11056,#11057,#11058,#11059),.UNSPECIFIED.,.F.,.F.)
B_SPLINE_CURVE_WITH_KNOTS((4,4),(-1.,0.),.UNSPECIFIED.)
CURVE()
GEOMETRIC_REPRESENTATION_ITEM()
RATIONAL_B_SPLINE_CURVE((1.,1.,1.,1.))
REPRESENTATION_ITEM('')
);
#2309=(
BOUNDED_CURVE()
B_SPLINE_CURVE(3,(#11062,#11063,#11064,#11065),.UNSPECIFIED.,.F.,.F.)
B_SPLINE_CURVE_WITH_KNOTS((4,4),(-1.,0.),.UNSPECIFIED.)
CURVE()
GEOMETRIC_REPRESENTATION_ITEM()
RATIONAL_B_SPLINE_CURVE((1.,1.,1.,1.))
REPRESENTATION_ITEM('')
);
#2310=(
BOUNDED_CURVE()
B_SPLINE_CURVE(3,(#11075,#11076,#11077,#11078),.UNSPECIFIED.,.F.,.F.)
B_SPLINE_CURVE_WITH_KNOTS((4,4),(-1.,0.),.UNSPECIFIED.)
CURVE()
GEOMETRIC_REPRESENTATION_ITEM()
RATIONAL_B_SPLINE_CURVE((1.,1.,1.,1.))
REPRESENTATION_ITEM('')
);
#2311=(
BOUNDED_CURVE()
B_SPLINE_CURVE(3,(#11081,#11082,#11083,#11084),.UNSPECIFIED.,.F.,.F.)
B_SPLINE_CURVE_WITH_KNOTS((4,4),(-1.,0.),.UNSPECIFIED.)
CURVE()
GEOMETRIC_REPRESENTATION_ITEM()
RATIONAL_B_SPLINE_CURVE((1.,1.,1.,1.))
REPRESENTATION_ITEM('')
);
#2312=(
BOUNDED_CURVE()
B_SPLINE_CURVE(3,(#11094,#11095,#11096,#11097),.UNSPECIFIED.,.F.,.F.)
B_SPLINE_CURVE_WITH_KNOTS((4,4),(-1.,0.),.UNSPECIFIED.)
CURVE()
GEOMETRIC_REPRESENTATION_ITEM()
RATIONAL_B_SPLINE_CURVE((1.,1.,1.,1.))
REPRESENTATION_ITEM('')
);
#2313=(
BOUNDED_CURVE()
B_SPLINE_CURVE(3,(#11100,#11101,#11102,#11103),.UNSPECIFIED.,.F.,.F.)
B_SPLINE_CURVE_WITH_KNOTS((4,4),(-1.,0.),.UNSPECIFIED.)
CURVE()
GEOMETRIC_REPRESENTATION_ITEM()
RATIONAL_B_SPLINE_CURVE((1.,1.,1.,1.))
REPRESENTATION_ITEM('')
);
#2314=(
BOUNDED_CURVE()
B_SPLINE_CURVE(3,(#11113,#11114,#11115,#11116),.UNSPECIFIED.,.F.,.F.)
B_SPLINE_CURVE_WITH_KNOTS((4,4),(-1.,0.),.UNSPECIFIED.)
CURVE()
GEOMETRIC_REPRESENTATION_ITEM()
RATIONAL_B_SPLINE_CURVE((1.,1.,1.,1.))
REPRESENTATION_ITEM('')
);
#2315=(
BOUNDED_CURVE()
B_SPLINE_CURVE(3,(#11119,#11120,#11121,#11122),.UNSPECIFIED.,.F.,.F.)
B_SPLINE_CURVE_WITH_KNOTS((4,4),(-1.,0.),.UNSPECIFIED.)
CURVE()
GEOMETRIC_REPRESENTATION_ITEM()
RATIONAL_B_SPLINE_CURVE((1.,1.,1.,1.))
REPRESENTATION_ITEM('')
);
#2316=(
BOUNDED_CURVE()
B_SPLINE_CURVE(3,(#11132,#11133,#11134,#11135),.UNSPECIFIED.,.F.,.F.)
B_SPLINE_CURVE_WITH_KNOTS((4,4),(-1.,0.),.UNSPECIFIED.)
CURVE()
GEOMETRIC_REPRESENTATION_ITEM()
RATIONAL_B_SPLINE_CURVE((1.,1.,1.,1.))
REPRESENTATION_ITEM('')
);
#2317=(
BOUNDED_CURVE()
B_SPLINE_CURVE(3,(#11138,#11139,#11140,#11141),.UNSPECIFIED.,.F.,.F.)
B_SPLINE_CURVE_WITH_KNOTS((4,4),(-1.,0.),.UNSPECIFIED.)
CURVE()
GEOMETRIC_REPRESENTATION_ITEM()
RATIONAL_B_SPLINE_CURVE((1.,1.,1.,1.))
REPRESENTATION_ITEM('')
);
#2318=(
BOUNDED_CURVE()
B_SPLINE_CURVE(3,(#11151,#11152,#11153,#11154),.UNSPECIFIED.,.F.,.F.)
B_SPLINE_CURVE_WITH_KNOTS((4,4),(-1.,0.),.UNSPECIFIED.)
CURVE()
GEOMETRIC_REPRESENTATION_ITEM()
RATIONAL_B_SPLINE_CURVE((1.,1.,1.,1.))
REPRESENTATION_ITEM('')
);
#2319=(
BOUNDED_CURVE()
B_SPLINE_CURVE(3,(#11157,#11158,#11159,#11160),.UNSPECIFIED.,.F.,.F.)
B_SPLINE_CURVE_WITH_KNOTS((4,4),(-1.,0.),.UNSPECIFIED.)
CURVE()
GEOMETRIC_REPRESENTATION_ITEM()
RATIONAL_B_SPLINE_CURVE((1.,1.,1.,1.))
REPRESENTATION_ITEM('')
);
#2320=(
BOUNDED_CURVE()
B_SPLINE_CURVE(3,(#11182,#11183,#11184,#11185),.UNSPECIFIED.,.F.,.F.)
B_SPLINE_CURVE_WITH_KNOTS((4,4),(-1.,0.),.UNSPECIFIED.)
CURVE()
GEOMETRIC_REPRESENTATION_ITEM()
RATIONAL_B_SPLINE_CURVE((1.,1.,1.,1.))
REPRESENTATION_ITEM('')
);
#2321=(
BOUNDED_CURVE()
B_SPLINE_CURVE(3,(#11188,#11189,#11190,#11191),.UNSPECIFIED.,.F.,.F.)
B_SPLINE_CURVE_WITH_KNOTS((4,4),(-1.,0.),.UNSPECIFIED.)
CURVE()
GEOMETRIC_REPRESENTATION_ITEM()
RATIONAL_B_SPLINE_CURVE((1.,1.,1.,1.))
REPRESENTATION_ITEM('')
);
#2322=(
BOUNDED_CURVE()
B_SPLINE_CURVE(3,(#11201,#11202,#11203,#11204),.UNSPECIFIED.,.F.,.F.)
B_SPLINE_CURVE_WITH_KNOTS((4,4),(-1.,0.),.UNSPECIFIED.)
CURVE()
GEOMETRIC_REPRESENTATION_ITEM()
RATIONAL_B_SPLINE_CURVE((1.,1.,1.,1.))
REPRESENTATION_ITEM('')
);
#2323=(
BOUNDED_CURVE()
B_SPLINE_CURVE(3,(#11207,#11208,#11209,#11210),.UNSPECIFIED.,.F.,.F.)
B_SPLINE_CURVE_WITH_KNOTS((4,4),(-1.,0.),.UNSPECIFIED.)
CURVE()
GEOMETRIC_REPRESENTATION_ITEM()
RATIONAL_B_SPLINE_CURVE((1.,1.,1.,1.))
REPRESENTATION_ITEM('')
);
#2324=(
BOUNDED_CURVE()
B_SPLINE_CURVE(3,(#11220,#11221,#11222,#11223),.UNSPECIFIED.,.F.,.F.)
B_SPLINE_CURVE_WITH_KNOTS((4,4),(-1.,0.),.UNSPECIFIED.)
CURVE()
GEOMETRIC_REPRESENTATION_ITEM()
RATIONAL_B_SPLINE_CURVE((1.,1.,1.,1.))
REPRESENTATION_ITEM('')
);
#2325=(
BOUNDED_CURVE()
B_SPLINE_CURVE(3,(#11226,#11227,#11228,#11229),.UNSPECIFIED.,.F.,.F.)
B_SPLINE_CURVE_WITH_KNOTS((4,4),(-1.,0.),.UNSPECIFIED.)
CURVE()
GEOMETRIC_REPRESENTATION_ITEM()
RATIONAL_B_SPLINE_CURVE((1.,1.,1.,1.))
REPRESENTATION_ITEM('')
);
#2326=(
BOUNDED_CURVE()
B_SPLINE_CURVE(3,(#11239,#11240,#11241,#11242),.UNSPECIFIED.,.F.,.F.)
B_SPLINE_CURVE_WITH_KNOTS((4,4),(-1.,0.),.UNSPECIFIED.)
CURVE()
GEOMETRIC_REPRESENTATION_ITEM()
RATIONAL_B_SPLINE_CURVE((1.,1.,1.,1.))
REPRESENTATION_ITEM('')
);
#2327=(
BOUNDED_CURVE()
B_SPLINE_CURVE(3,(#11245,#11246,#11247,#11248),.UNSPECIFIED.,.F.,.F.)
B_SPLINE_CURVE_WITH_KNOTS((4,4),(-1.,0.),.UNSPECIFIED.)
CURVE()
GEOMETRIC_REPRESENTATION_ITEM()
RATIONAL_B_SPLINE_CURVE((1.,1.,1.,1.))
REPRESENTATION_ITEM('')
);
#2328=(
BOUNDED_CURVE()
B_SPLINE_CURVE(3,(#11258,#11259,#11260,#11261),.UNSPECIFIED.,.F.,.F.)
B_SPLINE_CURVE_WITH_KNOTS((4,4),(-1.,0.),.UNSPECIFIED.)
CURVE()
GEOMETRIC_REPRESENTATION_ITEM()
RATIONAL_B_SPLINE_CURVE((1.,1.,1.,1.))
REPRESENTATION_ITEM('')
);
#2329=(
BOUNDED_CURVE()
B_SPLINE_CURVE(3,(#11264,#11265,#11266,#11267),.UNSPECIFIED.,.F.,.F.)
B_SPLINE_CURVE_WITH_KNOTS((4,4),(-1.,0.),.UNSPECIFIED.)
CURVE()
GEOMETRIC_REPRESENTATION_ITEM()
RATIONAL_B_SPLINE_CURVE((1.,1.,1.,1.))
REPRESENTATION_ITEM('')
);
#2330=(
BOUNDED_CURVE()
B_SPLINE_CURVE(3,(#11277,#11278,#11279,#11280),.UNSPECIFIED.,.F.,.F.)
B_SPLINE_CURVE_WITH_KNOTS((4,4),(-1.,0.),.UNSPECIFIED.)
CURVE()
GEOMETRIC_REPRESENTATION_ITEM()
RATIONAL_B_SPLINE_CURVE((1.,1.,1.,1.))
REPRESENTATION_ITEM('')
);
#2331=(
BOUNDED_CURVE()
B_SPLINE_CURVE(3,(#11283,#11284,#11285,#11286),.UNSPECIFIED.,.F.,.F.)
B_SPLINE_CURVE_WITH_KNOTS((4,4),(-1.,0.),.UNSPECIFIED.)
CURVE()
GEOMETRIC_REPRESENTATION_ITEM()
RATIONAL_B_SPLINE_CURVE((1.,1.,1.,1.))
REPRESENTATION_ITEM('')
);
#2332=(
BOUNDED_CURVE()
B_SPLINE_CURVE(3,(#11308,#11309,#11310,#11311),.UNSPECIFIED.,.F.,.F.)
B_SPLINE_CURVE_WITH_KNOTS((4,4),(-1.,0.),.UNSPECIFIED.)
CURVE()
GEOMETRIC_REPRESENTATION_ITEM()
RATIONAL_B_SPLINE_CURVE((1.,1.,1.,1.))
REPRESENTATION_ITEM('')
);
#2333=(
BOUNDED_CURVE()
B_SPLINE_CURVE(3,(#11314,#11315,#11316,#11317),.UNSPECIFIED.,.F.,.F.)
B_SPLINE_CURVE_WITH_KNOTS((4,4),(-1.,0.),.UNSPECIFIED.)
CURVE()
GEOMETRIC_REPRESENTATION_ITEM()
RATIONAL_B_SPLINE_CURVE((1.,1.,1.,1.))
REPRESENTATION_ITEM('')
);
#2334=(
BOUNDED_CURVE()
B_SPLINE_CURVE(3,(#11327,#11328,#11329,#11330),.UNSPECIFIED.,.F.,.F.)
B_SPLINE_CURVE_WITH_KNOTS((4,4),(-1.,0.),.UNSPECIFIED.)
CURVE()
GEOMETRIC_REPRESENTATION_ITEM()
RATIONAL_B_SPLINE_CURVE((1.,1.,1.,1.))
REPRESENTATION_ITEM('')
);
#2335=(
BOUNDED_CURVE()
B_SPLINE_CURVE(3,(#11333,#11334,#11335,#11336),.UNSPECIFIED.,.F.,.F.)
B_SPLINE_CURVE_WITH_KNOTS((4,4),(-1.,0.),.UNSPECIFIED.)
CURVE()
GEOMETRIC_REPRESENTATION_ITEM()
RATIONAL_B_SPLINE_CURVE((1.,1.,1.,1.))
REPRESENTATION_ITEM('')
);
#2336=(
BOUNDED_CURVE()
B_SPLINE_CURVE(3,(#11346,#11347,#11348,#11349),.UNSPECIFIED.,.F.,.F.)
B_SPLINE_CURVE_WITH_KNOTS((4,4),(-1.,0.),.UNSPECIFIED.)
CURVE()
GEOMETRIC_REPRESENTATION_ITEM()
RATIONAL_B_SPLINE_CURVE((1.,1.,1.,1.))
REPRESENTATION_ITEM('')
);
#2337=(
BOUNDED_CURVE()
B_SPLINE_CURVE(3,(#11352,#11353,#11354,#11355),.UNSPECIFIED.,.F.,.F.)
B_SPLINE_CURVE_WITH_KNOTS((4,4),(-1.,0.),.UNSPECIFIED.)
CURVE()
GEOMETRIC_REPRESENTATION_ITEM()
RATIONAL_B_SPLINE_CURVE((1.,1.,1.,1.))
REPRESENTATION_ITEM('')
);
#2338=(
BOUNDED_CURVE()
B_SPLINE_CURVE(3,(#11365,#11366,#11367,#11368),.UNSPECIFIED.,.F.,.F.)
B_SPLINE_CURVE_WITH_KNOTS((4,4),(-1.,0.),.UNSPECIFIED.)
CURVE()
GEOMETRIC_REPRESENTATION_ITEM()
RATIONAL_B_SPLINE_CURVE((1.,1.,1.,1.))
REPRESENTATION_ITEM('')
);
#2339=(
BOUNDED_CURVE()
B_SPLINE_CURVE(3,(#11371,#11372,#11373,#11374),.UNSPECIFIED.,.F.,.F.)
B_SPLINE_CURVE_WITH_KNOTS((4,4),(-1.,0.),.UNSPECIFIED.)
CURVE()
GEOMETRIC_REPRESENTATION_ITEM()
RATIONAL_B_SPLINE_CURVE((1.,1.,1.,1.))
REPRESENTATION_ITEM('')
);
#2340=(
BOUNDED_CURVE()
B_SPLINE_CURVE(3,(#11396,#11397,#11398,#11399),.UNSPECIFIED.,.F.,.F.)
B_SPLINE_CURVE_WITH_KNOTS((4,4),(-1.,0.),.UNSPECIFIED.)
CURVE()
GEOMETRIC_REPRESENTATION_ITEM()
RATIONAL_B_SPLINE_CURVE((1.,1.,1.,1.))
REPRESENTATION_ITEM('')
);
#2341=(
BOUNDED_CURVE()
B_SPLINE_CURVE(3,(#11402,#11403,#11404,#11405),.UNSPECIFIED.,.F.,.F.)
B_SPLINE_CURVE_WITH_KNOTS((4,4),(-1.,0.),.UNSPECIFIED.)
CURVE()
GEOMETRIC_REPRESENTATION_ITEM()
RATIONAL_B_SPLINE_CURVE((1.,1.,1.,1.))
REPRESENTATION_ITEM('')
);
#2342=(
BOUNDED_CURVE()
B_SPLINE_CURVE(3,(#11415,#11416,#11417,#11418),.UNSPECIFIED.,.F.,.F.)
B_SPLINE_CURVE_WITH_KNOTS((4,4),(-1.,0.),.UNSPECIFIED.)
CURVE()
GEOMETRIC_REPRESENTATION_ITEM()
RATIONAL_B_SPLINE_CURVE((1.,1.,1.,1.))
REPRESENTATION_ITEM('')
);
#2343=(
BOUNDED_CURVE()
B_SPLINE_CURVE(3,(#11421,#11422,#11423,#11424),.UNSPECIFIED.,.F.,.F.)
B_SPLINE_CURVE_WITH_KNOTS((4,4),(-1.,0.),.UNSPECIFIED.)
CURVE()
GEOMETRIC_REPRESENTATION_ITEM()
RATIONAL_B_SPLINE_CURVE((1.,1.,1.,1.))
REPRESENTATION_ITEM('')
);
#2344=(
BOUNDED_CURVE()
B_SPLINE_CURVE(3,(#11434,#11435,#11436,#11437),.UNSPECIFIED.,.F.,.F.)
B_SPLINE_CURVE_WITH_KNOTS((4,4),(-1.,0.),.UNSPECIFIED.)
CURVE()
GEOMETRIC_REPRESENTATION_ITEM()
RATIONAL_B_SPLINE_CURVE((1.,1.,1.,1.))
REPRESENTATION_ITEM('')
);
#2345=(
BOUNDED_CURVE()
B_SPLINE_CURVE(3,(#11440,#11441,#11442,#11443),.UNSPECIFIED.,.F.,.F.)
B_SPLINE_CURVE_WITH_KNOTS((4,4),(-1.,0.),.UNSPECIFIED.)
CURVE()
GEOMETRIC_REPRESENTATION_ITEM()
RATIONAL_B_SPLINE_CURVE((1.,1.,1.,1.))
REPRESENTATION_ITEM('')
);
#2346=(
BOUNDED_CURVE()
B_SPLINE_CURVE(3,(#11453,#11454,#11455,#11456),.UNSPECIFIED.,.F.,.F.)
B_SPLINE_CURVE_WITH_KNOTS((4,4),(-1.,0.),.UNSPECIFIED.)
CURVE()
GEOMETRIC_REPRESENTATION_ITEM()
RATIONAL_B_SPLINE_CURVE((1.,1.,1.,1.))
REPRESENTATION_ITEM('')
);
#2347=(
BOUNDED_CURVE()
B_SPLINE_CURVE(3,(#11459,#11460,#11461,#11462),.UNSPECIFIED.,.F.,.F.)
B_SPLINE_CURVE_WITH_KNOTS((4,4),(-1.,0.),.UNSPECIFIED.)
CURVE()
GEOMETRIC_REPRESENTATION_ITEM()
RATIONAL_B_SPLINE_CURVE((1.,1.,1.,1.))
REPRESENTATION_ITEM('')
);
#2348=(
BOUNDED_CURVE()
B_SPLINE_CURVE(3,(#11472,#11473,#11474,#11475),.UNSPECIFIED.,.F.,.F.)
B_SPLINE_CURVE_WITH_KNOTS((4,4),(-1.,0.),.UNSPECIFIED.)
CURVE()
GEOMETRIC_REPRESENTATION_ITEM()
RATIONAL_B_SPLINE_CURVE((1.,1.,1.,1.))
REPRESENTATION_ITEM('')
);
#2349=(
BOUNDED_CURVE()
B_SPLINE_CURVE(3,(#11478,#11479,#11480,#11481),.UNSPECIFIED.,.F.,.F.)
B_SPLINE_CURVE_WITH_KNOTS((4,4),(-1.,0.),.UNSPECIFIED.)
CURVE()
GEOMETRIC_REPRESENTATION_ITEM()
RATIONAL_B_SPLINE_CURVE((1.,1.,1.,1.))
REPRESENTATION_ITEM('')
);
#2350=(
BOUNDED_CURVE()
B_SPLINE_CURVE(3,(#11491,#11492,#11493,#11494),.UNSPECIFIED.,.F.,.F.)
B_SPLINE_CURVE_WITH_KNOTS((4,4),(-1.,0.),.UNSPECIFIED.)
CURVE()
GEOMETRIC_REPRESENTATION_ITEM()
RATIONAL_B_SPLINE_CURVE((1.,1.,1.,1.))
REPRESENTATION_ITEM('')
);
#2351=(
BOUNDED_CURVE()
B_SPLINE_CURVE(3,(#11497,#11498,#11499,#11500),.UNSPECIFIED.,.F.,.F.)
B_SPLINE_CURVE_WITH_KNOTS((4,4),(-1.,0.),.UNSPECIFIED.)
CURVE()
GEOMETRIC_REPRESENTATION_ITEM()
RATIONAL_B_SPLINE_CURVE((1.,1.,1.,1.))
REPRESENTATION_ITEM('')
);
#2352=(
BOUNDED_CURVE()
B_SPLINE_CURVE(3,(#11510,#11511,#11512,#11513),.UNSPECIFIED.,.F.,.F.)
B_SPLINE_CURVE_WITH_KNOTS((4,4),(-1.,0.),.UNSPECIFIED.)
CURVE()
GEOMETRIC_REPRESENTATION_ITEM()
RATIONAL_B_SPLINE_CURVE((1.,1.,1.,1.))
REPRESENTATION_ITEM('')
);
#2353=(
BOUNDED_CURVE()
B_SPLINE_CURVE(3,(#11516,#11517,#11518,#11519),.UNSPECIFIED.,.F.,.F.)
B_SPLINE_CURVE_WITH_KNOTS((4,4),(-1.,0.),.UNSPECIFIED.)
CURVE()
GEOMETRIC_REPRESENTATION_ITEM()
RATIONAL_B_SPLINE_CURVE((1.,1.,1.,1.))
REPRESENTATION_ITEM('')
);
#2354=(
BOUNDED_CURVE()
B_SPLINE_CURVE(3,(#11529,#11530,#11531,#11532),.UNSPECIFIED.,.F.,.F.)
B_SPLINE_CURVE_WITH_KNOTS((4,4),(-1.,0.),.UNSPECIFIED.)
CURVE()
GEOMETRIC_REPRESENTATION_ITEM()
RATIONAL_B_SPLINE_CURVE((1.,1.,1.,1.))
REPRESENTATION_ITEM('')
);
#2355=(
BOUNDED_CURVE()
B_SPLINE_CURVE(3,(#11535,#11536,#11537,#11538),.UNSPECIFIED.,.F.,.F.)
B_SPLINE_CURVE_WITH_KNOTS((4,4),(-1.,0.),.UNSPECIFIED.)
CURVE()
GEOMETRIC_REPRESENTATION_ITEM()
RATIONAL_B_SPLINE_CURVE((1.,1.,1.,1.))
REPRESENTATION_ITEM('')
);
#2356=(
BOUNDED_CURVE()
B_SPLINE_CURVE(3,(#11548,#11549,#11550,#11551),.UNSPECIFIED.,.F.,.F.)
B_SPLINE_CURVE_WITH_KNOTS((4,4),(-1.,0.),.UNSPECIFIED.)
CURVE()
GEOMETRIC_REPRESENTATION_ITEM()
RATIONAL_B_SPLINE_CURVE((1.,1.,1.,1.))
REPRESENTATION_ITEM('')
);
#2357=(
BOUNDED_CURVE()
B_SPLINE_CURVE(3,(#11554,#11555,#11556,#11557),.UNSPECIFIED.,.F.,.F.)
B_SPLINE_CURVE_WITH_KNOTS((4,4),(-1.,0.),.UNSPECIFIED.)
CURVE()
GEOMETRIC_REPRESENTATION_ITEM()
RATIONAL_B_SPLINE_CURVE((1.,1.,1.,1.))
REPRESENTATION_ITEM('')
);
#2358=(
BOUNDED_CURVE()
B_SPLINE_CURVE(3,(#11579,#11580,#11581,#11582),.UNSPECIFIED.,.F.,.F.)
B_SPLINE_CURVE_WITH_KNOTS((4,4),(-1.,0.),.UNSPECIFIED.)
CURVE()
GEOMETRIC_REPRESENTATION_ITEM()
RATIONAL_B_SPLINE_CURVE((1.,1.,1.,1.))
REPRESENTATION_ITEM('')
);
#2359=(
BOUNDED_CURVE()
B_SPLINE_CURVE(3,(#11585,#11586,#11587,#11588),.UNSPECIFIED.,.F.,.F.)
B_SPLINE_CURVE_WITH_KNOTS((4,4),(-1.,0.),.UNSPECIFIED.)
CURVE()
GEOMETRIC_REPRESENTATION_ITEM()
RATIONAL_B_SPLINE_CURVE((1.,1.,1.,1.))
REPRESENTATION_ITEM('')
);
#2360=(
BOUNDED_CURVE()
B_SPLINE_CURVE(3,(#11598,#11599,#11600,#11601),.UNSPECIFIED.,.F.,.F.)
B_SPLINE_CURVE_WITH_KNOTS((4,4),(-1.,0.),.UNSPECIFIED.)
CURVE()
GEOMETRIC_REPRESENTATION_ITEM()
RATIONAL_B_SPLINE_CURVE((1.,1.,1.,1.))
REPRESENTATION_ITEM('')
);
#2361=(
BOUNDED_CURVE()
B_SPLINE_CURVE(3,(#11604,#11605,#11606,#11607),.UNSPECIFIED.,.F.,.F.)
B_SPLINE_CURVE_WITH_KNOTS((4,4),(-1.,0.),.UNSPECIFIED.)
CURVE()
GEOMETRIC_REPRESENTATION_ITEM()
RATIONAL_B_SPLINE_CURVE((1.,1.,1.,1.))
REPRESENTATION_ITEM('')
);
#2362=(
BOUNDED_CURVE()
B_SPLINE_CURVE(3,(#11617,#11618,#11619,#11620),.UNSPECIFIED.,.F.,.F.)
B_SPLINE_CURVE_WITH_KNOTS((4,4),(-1.,0.),.UNSPECIFIED.)
CURVE()
GEOMETRIC_REPRESENTATION_ITEM()
RATIONAL_B_SPLINE_CURVE((1.,1.,1.,1.))
REPRESENTATION_ITEM('')
);
#2363=(
BOUNDED_CURVE()
B_SPLINE_CURVE(3,(#11623,#11624,#11625,#11626),.UNSPECIFIED.,.F.,.F.)
B_SPLINE_CURVE_WITH_KNOTS((4,4),(-1.,0.),.UNSPECIFIED.)
CURVE()
GEOMETRIC_REPRESENTATION_ITEM()
RATIONAL_B_SPLINE_CURVE((1.,1.,1.,1.))
REPRESENTATION_ITEM('')
);
#2364=(
BOUNDED_CURVE()
B_SPLINE_CURVE(3,(#11636,#11637,#11638,#11639),.UNSPECIFIED.,.F.,.F.)
B_SPLINE_CURVE_WITH_KNOTS((4,4),(-1.,0.),.UNSPECIFIED.)
CURVE()
GEOMETRIC_REPRESENTATION_ITEM()
RATIONAL_B_SPLINE_CURVE((1.,1.,1.,1.))
REPRESENTATION_ITEM('')
);
#2365=(
BOUNDED_CURVE()
B_SPLINE_CURVE(3,(#11642,#11643,#11644,#11645),.UNSPECIFIED.,.F.,.F.)
B_SPLINE_CURVE_WITH_KNOTS((4,4),(-1.,0.),.UNSPECIFIED.)
CURVE()
GEOMETRIC_REPRESENTATION_ITEM()
RATIONAL_B_SPLINE_CURVE((1.,1.,1.,1.))
REPRESENTATION_ITEM('')
);
#2366=(
BOUNDED_CURVE()
B_SPLINE_CURVE(3,(#11655,#11656,#11657,#11658),.UNSPECIFIED.,.F.,.F.)
B_SPLINE_CURVE_WITH_KNOTS((4,4),(-1.,0.),.UNSPECIFIED.)
CURVE()
GEOMETRIC_REPRESENTATION_ITEM()
RATIONAL_B_SPLINE_CURVE((1.,1.,1.,1.))
REPRESENTATION_ITEM('')
);
#2367=(
BOUNDED_CURVE()
B_SPLINE_CURVE(3,(#11661,#11662,#11663,#11664),.UNSPECIFIED.,.F.,.F.)
B_SPLINE_CURVE_WITH_KNOTS((4,4),(-1.,0.),.UNSPECIFIED.)
CURVE()
GEOMETRIC_REPRESENTATION_ITEM()
RATIONAL_B_SPLINE_CURVE((1.,1.,1.,1.))
REPRESENTATION_ITEM('')
);
#2368=(
BOUNDED_CURVE()
B_SPLINE_CURVE(3,(#11686,#11687,#11688,#11689),.UNSPECIFIED.,.F.,.F.)
B_SPLINE_CURVE_WITH_KNOTS((4,4),(-1.,0.),.UNSPECIFIED.)
CURVE()
GEOMETRIC_REPRESENTATION_ITEM()
RATIONAL_B_SPLINE_CURVE((1.,1.,1.,1.))
REPRESENTATION_ITEM('')
);
#2369=(
BOUNDED_CURVE()
B_SPLINE_CURVE(3,(#11692,#11693,#11694,#11695),.UNSPECIFIED.,.F.,.F.)
B_SPLINE_CURVE_WITH_KNOTS((4,4),(-1.,0.),.UNSPECIFIED.)
CURVE()
GEOMETRIC_REPRESENTATION_ITEM()
RATIONAL_B_SPLINE_CURVE((1.,1.,1.,1.))
REPRESENTATION_ITEM('')
);
#2370=(
BOUNDED_CURVE()
B_SPLINE_CURVE(3,(#11705,#11706,#11707,#11708),.UNSPECIFIED.,.F.,.F.)
B_SPLINE_CURVE_WITH_KNOTS((4,4),(-1.,0.),.UNSPECIFIED.)
CURVE()
GEOMETRIC_REPRESENTATION_ITEM()
RATIONAL_B_SPLINE_CURVE((1.,1.,1.,1.))
REPRESENTATION_ITEM('')
);
#2371=(
BOUNDED_CURVE()
B_SPLINE_CURVE(3,(#11711,#11712,#11713,#11714),.UNSPECIFIED.,.F.,.F.)
B_SPLINE_CURVE_WITH_KNOTS((4,4),(-1.,0.),.UNSPECIFIED.)
CURVE()
GEOMETRIC_REPRESENTATION_ITEM()
RATIONAL_B_SPLINE_CURVE((1.,1.,1.,1.))
REPRESENTATION_ITEM('')
);
#2372=(
BOUNDED_CURVE()
B_SPLINE_CURVE(3,(#11724,#11725,#11726,#11727),.UNSPECIFIED.,.F.,.F.)
B_SPLINE_CURVE_WITH_KNOTS((4,4),(-1.,0.),.UNSPECIFIED.)
CURVE()
GEOMETRIC_REPRESENTATION_ITEM()
RATIONAL_B_SPLINE_CURVE((1.,1.,1.,1.))
REPRESENTATION_ITEM('')
);
#2373=(
BOUNDED_CURVE()
B_SPLINE_CURVE(3,(#11730,#11731,#11732,#11733),.UNSPECIFIED.,.F.,.F.)
B_SPLINE_CURVE_WITH_KNOTS((4,4),(-1.,0.),.UNSPECIFIED.)
CURVE()
GEOMETRIC_REPRESENTATION_ITEM()
RATIONAL_B_SPLINE_CURVE((1.,1.,1.,1.))
REPRESENTATION_ITEM('')
);
#2374=(
BOUNDED_CURVE()
B_SPLINE_CURVE(3,(#11743,#11744,#11745,#11746),.UNSPECIFIED.,.F.,.F.)
B_SPLINE_CURVE_WITH_KNOTS((4,4),(-1.,0.),.UNSPECIFIED.)
CURVE()
GEOMETRIC_REPRESENTATION_ITEM()
RATIONAL_B_SPLINE_CURVE((1.,1.,1.,1.))
REPRESENTATION_ITEM('')
);
#2375=(
BOUNDED_CURVE()
B_SPLINE_CURVE(3,(#11749,#11750,#11751,#11752),.UNSPECIFIED.,.F.,.F.)
B_SPLINE_CURVE_WITH_KNOTS((4,4),(-1.,0.),.UNSPECIFIED.)
CURVE()
GEOMETRIC_REPRESENTATION_ITEM()
RATIONAL_B_SPLINE_CURVE((1.,1.,1.,1.))
REPRESENTATION_ITEM('')
);
#2376=(
BOUNDED_CURVE()
B_SPLINE_CURVE(3,(#11762,#11763,#11764,#11765),.UNSPECIFIED.,.F.,.F.)
B_SPLINE_CURVE_WITH_KNOTS((4,4),(-1.,0.),.UNSPECIFIED.)
CURVE()
GEOMETRIC_REPRESENTATION_ITEM()
RATIONAL_B_SPLINE_CURVE((1.,1.,1.,1.))
REPRESENTATION_ITEM('')
);
#2377=(
BOUNDED_CURVE()
B_SPLINE_CURVE(3,(#11768,#11769,#11770,#11771),.UNSPECIFIED.,.F.,.F.)
B_SPLINE_CURVE_WITH_KNOTS((4,4),(-1.,0.),.UNSPECIFIED.)
CURVE()
GEOMETRIC_REPRESENTATION_ITEM()
RATIONAL_B_SPLINE_CURVE((1.,1.,1.,1.))
REPRESENTATION_ITEM('')
);
#2378=(
BOUNDED_CURVE()
B_SPLINE_CURVE(3,(#11781,#11782,#11783,#11784),.UNSPECIFIED.,.F.,.F.)
B_SPLINE_CURVE_WITH_KNOTS((4,4),(-1.,0.),.UNSPECIFIED.)
CURVE()
GEOMETRIC_REPRESENTATION_ITEM()
RATIONAL_B_SPLINE_CURVE((1.,1.,1.,1.))
REPRESENTATION_ITEM('')
);
#2379=(
BOUNDED_CURVE()
B_SPLINE_CURVE(3,(#11787,#11788,#11789,#11790),.UNSPECIFIED.,.F.,.F.)
B_SPLINE_CURVE_WITH_KNOTS((4,4),(-1.,0.),.UNSPECIFIED.)
CURVE()
GEOMETRIC_REPRESENTATION_ITEM()
RATIONAL_B_SPLINE_CURVE((1.,1.,1.,1.))
REPRESENTATION_ITEM('')
);
#2380=(
BOUNDED_CURVE()
B_SPLINE_CURVE(3,(#11800,#11801,#11802,#11803),.UNSPECIFIED.,.F.,.F.)
B_SPLINE_CURVE_WITH_KNOTS((4,4),(-1.,0.),.UNSPECIFIED.)
CURVE()
GEOMETRIC_REPRESENTATION_ITEM()
RATIONAL_B_SPLINE_CURVE((1.,1.,1.,1.))
REPRESENTATION_ITEM('')
);
#2381=(
BOUNDED_CURVE()
B_SPLINE_CURVE(3,(#11806,#11807,#11808,#11809),.UNSPECIFIED.,.F.,.F.)
B_SPLINE_CURVE_WITH_KNOTS((4,4),(-1.,0.),.UNSPECIFIED.)
CURVE()
GEOMETRIC_REPRESENTATION_ITEM()
RATIONAL_B_SPLINE_CURVE((1.,1.,1.,1.))
REPRESENTATION_ITEM('')
);
#2382=(
BOUNDED_CURVE()
B_SPLINE_CURVE(3,(#11819,#11820,#11821,#11822),.UNSPECIFIED.,.F.,.F.)
B_SPLINE_CURVE_WITH_KNOTS((4,4),(-1.,0.),.UNSPECIFIED.)
CURVE()
GEOMETRIC_REPRESENTATION_ITEM()
RATIONAL_B_SPLINE_CURVE((1.,1.,1.,1.))
REPRESENTATION_ITEM('')
);
#2383=(
BOUNDED_CURVE()
B_SPLINE_CURVE(3,(#11825,#11826,#11827,#11828),.UNSPECIFIED.,.F.,.F.)
B_SPLINE_CURVE_WITH_KNOTS((4,4),(-1.,0.),.UNSPECIFIED.)
CURVE()
GEOMETRIC_REPRESENTATION_ITEM()
RATIONAL_B_SPLINE_CURVE((1.,1.,1.,1.))
REPRESENTATION_ITEM('')
);
#2384=(
BOUNDED_CURVE()
B_SPLINE_CURVE(3,(#11838,#11839,#11840,#11841),.UNSPECIFIED.,.F.,.F.)
B_SPLINE_CURVE_WITH_KNOTS((4,4),(-1.,0.),.UNSPECIFIED.)
CURVE()
GEOMETRIC_REPRESENTATION_ITEM()
RATIONAL_B_SPLINE_CURVE((1.,1.,1.,1.))
REPRESENTATION_ITEM('')
);
#2385=(
BOUNDED_CURVE()
B_SPLINE_CURVE(3,(#11844,#11845,#11846,#11847),.UNSPECIFIED.,.F.,.F.)
B_SPLINE_CURVE_WITH_KNOTS((4,4),(-1.,0.),.UNSPECIFIED.)
CURVE()
GEOMETRIC_REPRESENTATION_ITEM()
RATIONAL_B_SPLINE_CURVE((1.,1.,1.,1.))
REPRESENTATION_ITEM('')
);
#2386=(
BOUNDED_CURVE()
B_SPLINE_CURVE(3,(#11857,#11858,#11859,#11860),.UNSPECIFIED.,.F.,.F.)
B_SPLINE_CURVE_WITH_KNOTS((4,4),(-1.,0.),.UNSPECIFIED.)
CURVE()
GEOMETRIC_REPRESENTATION_ITEM()
RATIONAL_B_SPLINE_CURVE((1.,1.,1.,1.))
REPRESENTATION_ITEM('')
);
#2387=(
BOUNDED_CURVE()
B_SPLINE_CURVE(3,(#11863,#11864,#11865,#11866),.UNSPECIFIED.,.F.,.F.)
B_SPLINE_CURVE_WITH_KNOTS((4,4),(-1.,0.),.UNSPECIFIED.)
CURVE()
GEOMETRIC_REPRESENTATION_ITEM()
RATIONAL_B_SPLINE_CURVE((1.,1.,1.,1.))
REPRESENTATION_ITEM('')
);
#2388=(
BOUNDED_CURVE()
B_SPLINE_CURVE(3,(#11876,#11877,#11878,#11879),.UNSPECIFIED.,.F.,.F.)
B_SPLINE_CURVE_WITH_KNOTS((4,4),(-1.,0.),.UNSPECIFIED.)
CURVE()
GEOMETRIC_REPRESENTATION_ITEM()
RATIONAL_B_SPLINE_CURVE((1.,1.,1.,1.))
REPRESENTATION_ITEM('')
);
#2389=(
BOUNDED_CURVE()
B_SPLINE_CURVE(3,(#11882,#11883,#11884,#11885),.UNSPECIFIED.,.F.,.F.)
B_SPLINE_CURVE_WITH_KNOTS((4,4),(-1.,0.),.UNSPECIFIED.)
CURVE()
GEOMETRIC_REPRESENTATION_ITEM()
RATIONAL_B_SPLINE_CURVE((1.,1.,1.,1.))
REPRESENTATION_ITEM('')
);
#2390=(
BOUNDED_CURVE()
B_SPLINE_CURVE(3,(#11895,#11896,#11897,#11898),.UNSPECIFIED.,.F.,.F.)
B_SPLINE_CURVE_WITH_KNOTS((4,4),(-1.,0.),.UNSPECIFIED.)
CURVE()
GEOMETRIC_REPRESENTATION_ITEM()
RATIONAL_B_SPLINE_CURVE((1.,1.,1.,1.))
REPRESENTATION_ITEM('')
);
#2391=(
BOUNDED_CURVE()
B_SPLINE_CURVE(3,(#11901,#11902,#11903,#11904),.UNSPECIFIED.,.F.,.F.)
B_SPLINE_CURVE_WITH_KNOTS((4,4),(-1.,0.),.UNSPECIFIED.)
CURVE()
GEOMETRIC_REPRESENTATION_ITEM()
RATIONAL_B_SPLINE_CURVE((1.,1.,1.,1.))
REPRESENTATION_ITEM('')
);
#2392=(
BOUNDED_CURVE()
B_SPLINE_CURVE(3,(#11914,#11915,#11916,#11917),.UNSPECIFIED.,.F.,.F.)
B_SPLINE_CURVE_WITH_KNOTS((4,4),(-1.,0.),.UNSPECIFIED.)
CURVE()
GEOMETRIC_REPRESENTATION_ITEM()
RATIONAL_B_SPLINE_CURVE((1.,1.,1.,1.))
REPRESENTATION_ITEM('')
);
#2393=(
BOUNDED_CURVE()
B_SPLINE_CURVE(3,(#11920,#11921,#11922,#11923),.UNSPECIFIED.,.F.,.F.)
B_SPLINE_CURVE_WITH_KNOTS((4,4),(-1.,0.),.UNSPECIFIED.)
CURVE()
GEOMETRIC_REPRESENTATION_ITEM()
RATIONAL_B_SPLINE_CURVE((1.,1.,1.,1.))
REPRESENTATION_ITEM('')
);
#2394=(
BOUNDED_CURVE()
B_SPLINE_CURVE(3,(#11933,#11934,#11935,#11936),.UNSPECIFIED.,.F.,.F.)
B_SPLINE_CURVE_WITH_KNOTS((4,4),(-1.,0.),.UNSPECIFIED.)
CURVE()
GEOMETRIC_REPRESENTATION_ITEM()
RATIONAL_B_SPLINE_CURVE((1.,1.,1.,1.))
REPRESENTATION_ITEM('')
);
#2395=(
BOUNDED_CURVE()
B_SPLINE_CURVE(3,(#11939,#11940,#11941,#11942),.UNSPECIFIED.,.F.,.F.)
B_SPLINE_CURVE_WITH_KNOTS((4,4),(-1.,0.),.UNSPECIFIED.)
CURVE()
GEOMETRIC_REPRESENTATION_ITEM()
RATIONAL_B_SPLINE_CURVE((1.,1.,1.,1.))
REPRESENTATION_ITEM('')
);
#2396=(
BOUNDED_CURVE()
B_SPLINE_CURVE(3,(#11952,#11953,#11954,#11955),.UNSPECIFIED.,.F.,.F.)
B_SPLINE_CURVE_WITH_KNOTS((4,4),(-1.,0.),.UNSPECIFIED.)
CURVE()
GEOMETRIC_REPRESENTATION_ITEM()
RATIONAL_B_SPLINE_CURVE((1.,1.,1.,1.))
REPRESENTATION_ITEM('')
);
#2397=(
BOUNDED_CURVE()
B_SPLINE_CURVE(3,(#11958,#11959,#11960,#11961),.UNSPECIFIED.,.F.,.F.)
B_SPLINE_CURVE_WITH_KNOTS((4,4),(-1.,0.),.UNSPECIFIED.)
CURVE()
GEOMETRIC_REPRESENTATION_ITEM()
RATIONAL_B_SPLINE_CURVE((1.,1.,1.,1.))
REPRESENTATION_ITEM('')
);
#2398=(
BOUNDED_CURVE()
B_SPLINE_CURVE(3,(#11971,#11972,#11973,#11974),.UNSPECIFIED.,.F.,.F.)
B_SPLINE_CURVE_WITH_KNOTS((4,4),(-1.,0.),.UNSPECIFIED.)
CURVE()
GEOMETRIC_REPRESENTATION_ITEM()
RATIONAL_B_SPLINE_CURVE((1.,1.,1.,1.))
REPRESENTATION_ITEM('')
);
#2399=(
BOUNDED_CURVE()
B_SPLINE_CURVE(3,(#11977,#11978,#11979,#11980),.UNSPECIFIED.,.F.,.F.)
B_SPLINE_CURVE_WITH_KNOTS((4,4),(-1.,0.),.UNSPECIFIED.)
CURVE()
GEOMETRIC_REPRESENTATION_ITEM()
RATIONAL_B_SPLINE_CURVE((1.,1.,1.,1.))
REPRESENTATION_ITEM('')
);
#2400=(
BOUNDED_CURVE()
B_SPLINE_CURVE(3,(#11990,#11991,#11992,#11993),.UNSPECIFIED.,.F.,.F.)
B_SPLINE_CURVE_WITH_KNOTS((4,4),(-1.,0.),.UNSPECIFIED.)
CURVE()
GEOMETRIC_REPRESENTATION_ITEM()
RATIONAL_B_SPLINE_CURVE((1.,1.,1.,1.))
REPRESENTATION_ITEM('')
);
#2401=(
BOUNDED_CURVE()
B_SPLINE_CURVE(3,(#11996,#11997,#11998,#11999),.UNSPECIFIED.,.F.,.F.)
B_SPLINE_CURVE_WITH_KNOTS((4,4),(-1.,0.),.UNSPECIFIED.)
CURVE()
GEOMETRIC_REPRESENTATION_ITEM()
RATIONAL_B_SPLINE_CURVE((1.,1.,1.,1.))
REPRESENTATION_ITEM('')
);
#2402=(
BOUNDED_CURVE()
B_SPLINE_CURVE(3,(#12009,#12010,#12011,#12012),.UNSPECIFIED.,.F.,.F.)
B_SPLINE_CURVE_WITH_KNOTS((4,4),(-1.,0.),.UNSPECIFIED.)
CURVE()
GEOMETRIC_REPRESENTATION_ITEM()
RATIONAL_B_SPLINE_CURVE((1.,1.,1.,1.))
REPRESENTATION_ITEM('')
);
#2403=(
BOUNDED_CURVE()
B_SPLINE_CURVE(3,(#12015,#12016,#12017,#12018),.UNSPECIFIED.,.F.,.F.)
B_SPLINE_CURVE_WITH_KNOTS((4,4),(-1.,0.),.UNSPECIFIED.)
CURVE()
GEOMETRIC_REPRESENTATION_ITEM()
RATIONAL_B_SPLINE_CURVE((1.,1.,1.,1.))
REPRESENTATION_ITEM('')
);
#2404=(
BOUNDED_CURVE()
B_SPLINE_CURVE(3,(#12028,#12029,#12030,#12031),.UNSPECIFIED.,.F.,.F.)
B_SPLINE_CURVE_WITH_KNOTS((4,4),(-1.,0.),.UNSPECIFIED.)
CURVE()
GEOMETRIC_REPRESENTATION_ITEM()
RATIONAL_B_SPLINE_CURVE((1.,1.,1.,1.))
REPRESENTATION_ITEM('')
);
#2405=(
BOUNDED_CURVE()
B_SPLINE_CURVE(3,(#12034,#12035,#12036,#12037),.UNSPECIFIED.,.F.,.F.)
B_SPLINE_CURVE_WITH_KNOTS((4,4),(-1.,0.),.UNSPECIFIED.)
CURVE()
GEOMETRIC_REPRESENTATION_ITEM()
RATIONAL_B_SPLINE_CURVE((1.,1.,1.,1.))
REPRESENTATION_ITEM('')
);
#2406=(
BOUNDED_CURVE()
B_SPLINE_CURVE(3,(#12047,#12048,#12049,#12050),.UNSPECIFIED.,.F.,.F.)
B_SPLINE_CURVE_WITH_KNOTS((4,4),(-1.,0.),.UNSPECIFIED.)
CURVE()
GEOMETRIC_REPRESENTATION_ITEM()
RATIONAL_B_SPLINE_CURVE((1.,1.,1.,1.))
REPRESENTATION_ITEM('')
);
#2407=(
BOUNDED_CURVE()
B_SPLINE_CURVE(3,(#12053,#12054,#12055,#12056),.UNSPECIFIED.,.F.,.F.)
B_SPLINE_CURVE_WITH_KNOTS((4,4),(-1.,0.),.UNSPECIFIED.)
CURVE()
GEOMETRIC_REPRESENTATION_ITEM()
RATIONAL_B_SPLINE_CURVE((1.,1.,1.,1.))
REPRESENTATION_ITEM('')
);
#2408=(
BOUNDED_CURVE()
B_SPLINE_CURVE(3,(#12066,#12067,#12068,#12069),.UNSPECIFIED.,.F.,.F.)
B_SPLINE_CURVE_WITH_KNOTS((4,4),(-1.,0.),.UNSPECIFIED.)
CURVE()
GEOMETRIC_REPRESENTATION_ITEM()
RATIONAL_B_SPLINE_CURVE((1.,1.,1.,1.))
REPRESENTATION_ITEM('')
);
#2409=(
BOUNDED_CURVE()
B_SPLINE_CURVE(3,(#12072,#12073,#12074,#12075),.UNSPECIFIED.,.F.,.F.)
B_SPLINE_CURVE_WITH_KNOTS((4,4),(-1.,0.),.UNSPECIFIED.)
CURVE()
GEOMETRIC_REPRESENTATION_ITEM()
RATIONAL_B_SPLINE_CURVE((1.,1.,1.,1.))
REPRESENTATION_ITEM('')
);
#2410=(
BOUNDED_CURVE()
B_SPLINE_CURVE(3,(#12085,#12086,#12087,#12088),.UNSPECIFIED.,.F.,.F.)
B_SPLINE_CURVE_WITH_KNOTS((4,4),(-1.,0.),.UNSPECIFIED.)
CURVE()
GEOMETRIC_REPRESENTATION_ITEM()
RATIONAL_B_SPLINE_CURVE((1.,1.,1.,1.))
REPRESENTATION_ITEM('')
);
#2411=(
BOUNDED_CURVE()
B_SPLINE_CURVE(3,(#12091,#12092,#12093,#12094),.UNSPECIFIED.,.F.,.F.)
B_SPLINE_CURVE_WITH_KNOTS((4,4),(-1.,0.),.UNSPECIFIED.)
CURVE()
GEOMETRIC_REPRESENTATION_ITEM()
RATIONAL_B_SPLINE_CURVE((1.,1.,1.,1.))
REPRESENTATION_ITEM('')
);
#2412=(
BOUNDED_CURVE()
B_SPLINE_CURVE(3,(#12104,#12105,#12106,#12107),.UNSPECIFIED.,.F.,.F.)
B_SPLINE_CURVE_WITH_KNOTS((4,4),(-1.,0.),.UNSPECIFIED.)
CURVE()
GEOMETRIC_REPRESENTATION_ITEM()
RATIONAL_B_SPLINE_CURVE((1.,1.,1.,1.))
REPRESENTATION_ITEM('')
);
#2413=(
BOUNDED_CURVE()
B_SPLINE_CURVE(3,(#12110,#12111,#12112,#12113),.UNSPECIFIED.,.F.,.F.)
B_SPLINE_CURVE_WITH_KNOTS((4,4),(-1.,0.),.UNSPECIFIED.)
CURVE()
GEOMETRIC_REPRESENTATION_ITEM()
RATIONAL_B_SPLINE_CURVE((1.,1.,1.,1.))
REPRESENTATION_ITEM('')
);
#2414=(
BOUNDED_CURVE()
B_SPLINE_CURVE(3,(#12123,#12124,#12125,#12126),.UNSPECIFIED.,.F.,.F.)
B_SPLINE_CURVE_WITH_KNOTS((4,4),(-1.,0.),.UNSPECIFIED.)
CURVE()
GEOMETRIC_REPRESENTATION_ITEM()
RATIONAL_B_SPLINE_CURVE((1.,1.,1.,1.))
REPRESENTATION_ITEM('')
);
#2415=(
BOUNDED_CURVE()
B_SPLINE_CURVE(3,(#12129,#12130,#12131,#12132),.UNSPECIFIED.,.F.,.F.)
B_SPLINE_CURVE_WITH_KNOTS((4,4),(-1.,0.),.UNSPECIFIED.)
CURVE()
GEOMETRIC_REPRESENTATION_ITEM()
RATIONAL_B_SPLINE_CURVE((1.,1.,1.,1.))
REPRESENTATION_ITEM('')
);
#2416=(
BOUNDED_CURVE()
B_SPLINE_CURVE(3,(#12142,#12143,#12144,#12145),.UNSPECIFIED.,.F.,.F.)
B_SPLINE_CURVE_WITH_KNOTS((4,4),(-1.,0.),.UNSPECIFIED.)
CURVE()
GEOMETRIC_REPRESENTATION_ITEM()
RATIONAL_B_SPLINE_CURVE((1.,1.,1.,1.))
REPRESENTATION_ITEM('')
);
#2417=(
BOUNDED_CURVE()
B_SPLINE_CURVE(3,(#12148,#12149,#12150,#12151),.UNSPECIFIED.,.F.,.F.)
B_SPLINE_CURVE_WITH_KNOTS((4,4),(-1.,0.),.UNSPECIFIED.)
CURVE()
GEOMETRIC_REPRESENTATION_ITEM()
RATIONAL_B_SPLINE_CURVE((1.,1.,1.,1.))
REPRESENTATION_ITEM('')
);
#2418=(
BOUNDED_CURVE()
B_SPLINE_CURVE(3,(#12161,#12162,#12163,#12164),.UNSPECIFIED.,.F.,.F.)
B_SPLINE_CURVE_WITH_KNOTS((4,4),(-1.,0.),.UNSPECIFIED.)
CURVE()
GEOMETRIC_REPRESENTATION_ITEM()
RATIONAL_B_SPLINE_CURVE((1.,1.,1.,1.))
REPRESENTATION_ITEM('')
);
#2419=(
BOUNDED_CURVE()
B_SPLINE_CURVE(3,(#12167,#12168,#12169,#12170),.UNSPECIFIED.,.F.,.F.)
B_SPLINE_CURVE_WITH_KNOTS((4,4),(-1.,0.),.UNSPECIFIED.)
CURVE()
GEOMETRIC_REPRESENTATION_ITEM()
RATIONAL_B_SPLINE_CURVE((1.,1.,1.,1.))
REPRESENTATION_ITEM('')
);
#2420=(
BOUNDED_CURVE()
B_SPLINE_CURVE(3,(#12180,#12181,#12182,#12183),.UNSPECIFIED.,.F.,.F.)
B_SPLINE_CURVE_WITH_KNOTS((4,4),(-1.,0.),.UNSPECIFIED.)
CURVE()
GEOMETRIC_REPRESENTATION_ITEM()
RATIONAL_B_SPLINE_CURVE((1.,1.,1.,1.))
REPRESENTATION_ITEM('')
);
#2421=(
BOUNDED_CURVE()
B_SPLINE_CURVE(3,(#12186,#12187,#12188,#12189),.UNSPECIFIED.,.F.,.F.)
B_SPLINE_CURVE_WITH_KNOTS((4,4),(-1.,0.),.UNSPECIFIED.)
CURVE()
GEOMETRIC_REPRESENTATION_ITEM()
RATIONAL_B_SPLINE_CURVE((1.,1.,1.,1.))
REPRESENTATION_ITEM('')
);
#2422=(
BOUNDED_CURVE()
B_SPLINE_CURVE(3,(#12199,#12200,#12201,#12202),.UNSPECIFIED.,.F.,.F.)
B_SPLINE_CURVE_WITH_KNOTS((4,4),(-1.,0.),.UNSPECIFIED.)
CURVE()
GEOMETRIC_REPRESENTATION_ITEM()
RATIONAL_B_SPLINE_CURVE((1.,1.,1.,1.))
REPRESENTATION_ITEM('')
);
#2423=(
BOUNDED_CURVE()
B_SPLINE_CURVE(3,(#12205,#12206,#12207,#12208),.UNSPECIFIED.,.F.,.F.)
B_SPLINE_CURVE_WITH_KNOTS((4,4),(-1.,0.),.UNSPECIFIED.)
CURVE()
GEOMETRIC_REPRESENTATION_ITEM()
RATIONAL_B_SPLINE_CURVE((1.,1.,1.,1.))
REPRESENTATION_ITEM('')
);
#2424=(
BOUNDED_CURVE()
B_SPLINE_CURVE(3,(#12218,#12219,#12220,#12221),.UNSPECIFIED.,.F.,.F.)
B_SPLINE_CURVE_WITH_KNOTS((4,4),(-1.,0.),.UNSPECIFIED.)
CURVE()
GEOMETRIC_REPRESENTATION_ITEM()
RATIONAL_B_SPLINE_CURVE((1.,1.,1.,1.))
REPRESENTATION_ITEM('')
);
#2425=(
BOUNDED_CURVE()
B_SPLINE_CURVE(3,(#12224,#12225,#12226,#12227),.UNSPECIFIED.,.F.,.F.)
B_SPLINE_CURVE_WITH_KNOTS((4,4),(-1.,0.),.UNSPECIFIED.)
CURVE()
GEOMETRIC_REPRESENTATION_ITEM()
RATIONAL_B_SPLINE_CURVE((1.,1.,1.,1.))
REPRESENTATION_ITEM('')
);
#2426=(
BOUNDED_CURVE()
B_SPLINE_CURVE(3,(#12237,#12238,#12239,#12240),.UNSPECIFIED.,.F.,.F.)
B_SPLINE_CURVE_WITH_KNOTS((4,4),(-1.,0.),.UNSPECIFIED.)
CURVE()
GEOMETRIC_REPRESENTATION_ITEM()
RATIONAL_B_SPLINE_CURVE((1.,1.,1.,1.))
REPRESENTATION_ITEM('')
);
#2427=(
BOUNDED_CURVE()
B_SPLINE_CURVE(3,(#12243,#12244,#12245,#12246),.UNSPECIFIED.,.F.,.F.)
B_SPLINE_CURVE_WITH_KNOTS((4,4),(-1.,0.),.UNSPECIFIED.)
CURVE()
GEOMETRIC_REPRESENTATION_ITEM()
RATIONAL_B_SPLINE_CURVE((1.,1.,1.,1.))
REPRESENTATION_ITEM('')
);
#2428=(
BOUNDED_CURVE()
B_SPLINE_CURVE(3,(#12256,#12257,#12258,#12259),.UNSPECIFIED.,.F.,.F.)
B_SPLINE_CURVE_WITH_KNOTS((4,4),(-1.,0.),.UNSPECIFIED.)
CURVE()
GEOMETRIC_REPRESENTATION_ITEM()
RATIONAL_B_SPLINE_CURVE((1.,1.,1.,1.))
REPRESENTATION_ITEM('')
);
#2429=(
BOUNDED_CURVE()
B_SPLINE_CURVE(3,(#12262,#12263,#12264,#12265),.UNSPECIFIED.,.F.,.F.)
B_SPLINE_CURVE_WITH_KNOTS((4,4),(-1.,0.),.UNSPECIFIED.)
CURVE()
GEOMETRIC_REPRESENTATION_ITEM()
RATIONAL_B_SPLINE_CURVE((1.,1.,1.,1.))
REPRESENTATION_ITEM('')
);
#2430=(
BOUNDED_CURVE()
B_SPLINE_CURVE(3,(#12275,#12276,#12277,#12278),.UNSPECIFIED.,.F.,.F.)
B_SPLINE_CURVE_WITH_KNOTS((4,4),(-1.,0.),.UNSPECIFIED.)
CURVE()
GEOMETRIC_REPRESENTATION_ITEM()
RATIONAL_B_SPLINE_CURVE((1.,1.,1.,1.))
REPRESENTATION_ITEM('')
);
#2431=(
BOUNDED_CURVE()
B_SPLINE_CURVE(3,(#12281,#12282,#12283,#12284),.UNSPECIFIED.,.F.,.F.)
B_SPLINE_CURVE_WITH_KNOTS((4,4),(-1.,0.),.UNSPECIFIED.)
CURVE()
GEOMETRIC_REPRESENTATION_ITEM()
RATIONAL_B_SPLINE_CURVE((1.,1.,1.,1.))
REPRESENTATION_ITEM('')
);
#2432=(
BOUNDED_CURVE()
B_SPLINE_CURVE(3,(#12294,#12295,#12296,#12297),.UNSPECIFIED.,.F.,.F.)
B_SPLINE_CURVE_WITH_KNOTS((4,4),(-1.,0.),.UNSPECIFIED.)
CURVE()
GEOMETRIC_REPRESENTATION_ITEM()
RATIONAL_B_SPLINE_CURVE((1.,1.,1.,1.))
REPRESENTATION_ITEM('')
);
#2433=(
BOUNDED_CURVE()
B_SPLINE_CURVE(3,(#12300,#12301,#12302,#12303),.UNSPECIFIED.,.F.,.F.)
B_SPLINE_CURVE_WITH_KNOTS((4,4),(-1.,0.),.UNSPECIFIED.)
CURVE()
GEOMETRIC_REPRESENTATION_ITEM()
RATIONAL_B_SPLINE_CURVE((1.,1.,1.,1.))
REPRESENTATION_ITEM('')
);
#2434=(
BOUNDED_CURVE()
B_SPLINE_CURVE(3,(#12313,#12314,#12315,#12316),.UNSPECIFIED.,.F.,.F.)
B_SPLINE_CURVE_WITH_KNOTS((4,4),(-1.,0.),.UNSPECIFIED.)
CURVE()
GEOMETRIC_REPRESENTATION_ITEM()
RATIONAL_B_SPLINE_CURVE((1.,1.,1.,1.))
REPRESENTATION_ITEM('')
);
#2435=(
BOUNDED_CURVE()
B_SPLINE_CURVE(3,(#12319,#12320,#12321,#12322),.UNSPECIFIED.,.F.,.F.)
B_SPLINE_CURVE_WITH_KNOTS((4,4),(-1.,0.),.UNSPECIFIED.)
CURVE()
GEOMETRIC_REPRESENTATION_ITEM()
RATIONAL_B_SPLINE_CURVE((1.,1.,1.,1.))
REPRESENTATION_ITEM('')
);
#2436=(
BOUNDED_CURVE()
B_SPLINE_CURVE(3,(#12332,#12333,#12334,#12335),.UNSPECIFIED.,.F.,.F.)
B_SPLINE_CURVE_WITH_KNOTS((4,4),(-1.,0.),.UNSPECIFIED.)
CURVE()
GEOMETRIC_REPRESENTATION_ITEM()
RATIONAL_B_SPLINE_CURVE((1.,1.,1.,1.))
REPRESENTATION_ITEM('')
);
#2437=(
BOUNDED_CURVE()
B_SPLINE_CURVE(3,(#12338,#12339,#12340,#12341),.UNSPECIFIED.,.F.,.F.)
B_SPLINE_CURVE_WITH_KNOTS((4,4),(-1.,0.),.UNSPECIFIED.)
CURVE()
GEOMETRIC_REPRESENTATION_ITEM()
RATIONAL_B_SPLINE_CURVE((1.,1.,1.,1.))
REPRESENTATION_ITEM('')
);
#2438=(
BOUNDED_CURVE()
B_SPLINE_CURVE(3,(#12351,#12352,#12353,#12354),.UNSPECIFIED.,.F.,.F.)
B_SPLINE_CURVE_WITH_KNOTS((4,4),(-1.,0.),.UNSPECIFIED.)
CURVE()
GEOMETRIC_REPRESENTATION_ITEM()
RATIONAL_B_SPLINE_CURVE((1.,1.,1.,1.))
REPRESENTATION_ITEM('')
);
#2439=(
BOUNDED_CURVE()
B_SPLINE_CURVE(3,(#12357,#12358,#12359,#12360),.UNSPECIFIED.,.F.,.F.)
B_SPLINE_CURVE_WITH_KNOTS((4,4),(-1.,0.),.UNSPECIFIED.)
CURVE()
GEOMETRIC_REPRESENTATION_ITEM()
RATIONAL_B_SPLINE_CURVE((1.,1.,1.,1.))
REPRESENTATION_ITEM('')
);
#2440=(
BOUNDED_CURVE()
B_SPLINE_CURVE(3,(#12370,#12371,#12372,#12373),.UNSPECIFIED.,.F.,.F.)
B_SPLINE_CURVE_WITH_KNOTS((4,4),(-1.,0.),.UNSPECIFIED.)
CURVE()
GEOMETRIC_REPRESENTATION_ITEM()
RATIONAL_B_SPLINE_CURVE((1.,1.,1.,1.))
REPRESENTATION_ITEM('')
);
#2441=(
BOUNDED_CURVE()
B_SPLINE_CURVE(3,(#12376,#12377,#12378,#12379),.UNSPECIFIED.,.F.,.F.)
B_SPLINE_CURVE_WITH_KNOTS((4,4),(-1.,0.),.UNSPECIFIED.)
CURVE()
GEOMETRIC_REPRESENTATION_ITEM()
RATIONAL_B_SPLINE_CURVE((1.,1.,1.,1.))
REPRESENTATION_ITEM('')
);
#2442=(
BOUNDED_CURVE()
B_SPLINE_CURVE(3,(#12389,#12390,#12391,#12392),.UNSPECIFIED.,.F.,.F.)
B_SPLINE_CURVE_WITH_KNOTS((4,4),(-1.,0.),.UNSPECIFIED.)
CURVE()
GEOMETRIC_REPRESENTATION_ITEM()
RATIONAL_B_SPLINE_CURVE((1.,1.,1.,1.))
REPRESENTATION_ITEM('')
);
#2443=(
BOUNDED_CURVE()
B_SPLINE_CURVE(3,(#12395,#12396,#12397,#12398),.UNSPECIFIED.,.F.,.F.)
B_SPLINE_CURVE_WITH_KNOTS((4,4),(-1.,0.),.UNSPECIFIED.)
CURVE()
GEOMETRIC_REPRESENTATION_ITEM()
RATIONAL_B_SPLINE_CURVE((1.,1.,1.,1.))
REPRESENTATION_ITEM('')
);
#2444=(
BOUNDED_CURVE()
B_SPLINE_CURVE(3,(#12408,#12409,#12410,#12411),.UNSPECIFIED.,.F.,.F.)
B_SPLINE_CURVE_WITH_KNOTS((4,4),(-1.,0.),.UNSPECIFIED.)
CURVE()
GEOMETRIC_REPRESENTATION_ITEM()
RATIONAL_B_SPLINE_CURVE((1.,1.,1.,1.))
REPRESENTATION_ITEM('')
);
#2445=(
BOUNDED_CURVE()
B_SPLINE_CURVE(3,(#12414,#12415,#12416,#12417),.UNSPECIFIED.,.F.,.F.)
B_SPLINE_CURVE_WITH_KNOTS((4,4),(-1.,0.),.UNSPECIFIED.)
CURVE()
GEOMETRIC_REPRESENTATION_ITEM()
RATIONAL_B_SPLINE_CURVE((1.,1.,1.,1.))
REPRESENTATION_ITEM('')
);
#2446=(
BOUNDED_CURVE()
B_SPLINE_CURVE(3,(#12427,#12428,#12429,#12430),.UNSPECIFIED.,.F.,.F.)
B_SPLINE_CURVE_WITH_KNOTS((4,4),(-1.,0.),.UNSPECIFIED.)
CURVE()
GEOMETRIC_REPRESENTATION_ITEM()
RATIONAL_B_SPLINE_CURVE((1.,1.,1.,1.))
REPRESENTATION_ITEM('')
);
#2447=(
BOUNDED_CURVE()
B_SPLINE_CURVE(3,(#12433,#12434,#12435,#12436),.UNSPECIFIED.,.F.,.F.)
B_SPLINE_CURVE_WITH_KNOTS((4,4),(-1.,0.),.UNSPECIFIED.)
CURVE()
GEOMETRIC_REPRESENTATION_ITEM()
RATIONAL_B_SPLINE_CURVE((1.,1.,1.,1.))
REPRESENTATION_ITEM('')
);
#2448=(
BOUNDED_CURVE()
B_SPLINE_CURVE(3,(#12446,#12447,#12448,#12449),.UNSPECIFIED.,.F.,.F.)
B_SPLINE_CURVE_WITH_KNOTS((4,4),(-1.,0.),.UNSPECIFIED.)
CURVE()
GEOMETRIC_REPRESENTATION_ITEM()
RATIONAL_B_SPLINE_CURVE((1.,1.,1.,1.))
REPRESENTATION_ITEM('')
);
#2449=(
BOUNDED_CURVE()
B_SPLINE_CURVE(3,(#12452,#12453,#12454,#12455),.UNSPECIFIED.,.F.,.F.)
B_SPLINE_CURVE_WITH_KNOTS((4,4),(-1.,0.),.UNSPECIFIED.)
CURVE()
GEOMETRIC_REPRESENTATION_ITEM()
RATIONAL_B_SPLINE_CURVE((1.,1.,1.,1.))
REPRESENTATION_ITEM('')
);
#2450=(
BOUNDED_CURVE()
B_SPLINE_CURVE(3,(#12464,#12465,#12466,#12467),.UNSPECIFIED.,.F.,.F.)
B_SPLINE_CURVE_WITH_KNOTS((4,4),(-1.,0.),.UNSPECIFIED.)
CURVE()
GEOMETRIC_REPRESENTATION_ITEM()
RATIONAL_B_SPLINE_CURVE((1.,1.,1.,1.))
REPRESENTATION_ITEM('')
);
#2451=(
BOUNDED_CURVE()
B_SPLINE_CURVE(3,(#12468,#12469,#12470,#12471),.UNSPECIFIED.,.F.,.F.)
B_SPLINE_CURVE_WITH_KNOTS((4,4),(-1.,0.),.UNSPECIFIED.)
CURVE()
GEOMETRIC_REPRESENTATION_ITEM()
RATIONAL_B_SPLINE_CURVE((1.,1.,1.,1.))
REPRESENTATION_ITEM('')
);
#2452=(
BOUNDED_CURVE()
B_SPLINE_CURVE(3,(#12483,#12484,#12485,#12486),.UNSPECIFIED.,.F.,.F.)
B_SPLINE_CURVE_WITH_KNOTS((4,4),(-1.,0.),.UNSPECIFIED.)
CURVE()
GEOMETRIC_REPRESENTATION_ITEM()
RATIONAL_B_SPLINE_CURVE((1.,1.,1.,1.))
REPRESENTATION_ITEM('')
);
#2453=(
BOUNDED_CURVE()
B_SPLINE_CURVE(3,(#12490,#12491,#12492,#12493),.UNSPECIFIED.,.F.,.F.)
B_SPLINE_CURVE_WITH_KNOTS((4,4),(-1.,0.),.UNSPECIFIED.)
CURVE()
GEOMETRIC_REPRESENTATION_ITEM()
RATIONAL_B_SPLINE_CURVE((1.,1.,1.,1.))
REPRESENTATION_ITEM('')
);
#2454=(
BOUNDED_CURVE()
B_SPLINE_CURVE(3,(#12504,#12505,#12506,#12507),.UNSPECIFIED.,.F.,.F.)
B_SPLINE_CURVE_WITH_KNOTS((4,4),(-1.,0.),.UNSPECIFIED.)
CURVE()
GEOMETRIC_REPRESENTATION_ITEM()
RATIONAL_B_SPLINE_CURVE((1.,1.,1.,1.))
REPRESENTATION_ITEM('')
);
#2455=(
BOUNDED_CURVE()
B_SPLINE_CURVE(3,(#12510,#12511,#12512,#12513),.UNSPECIFIED.,.F.,.F.)
B_SPLINE_CURVE_WITH_KNOTS((4,4),(-1.,0.),.UNSPECIFIED.)
CURVE()
GEOMETRIC_REPRESENTATION_ITEM()
RATIONAL_B_SPLINE_CURVE((1.,1.,1.,1.))
REPRESENTATION_ITEM('')
);
#2456=(
BOUNDED_CURVE()
B_SPLINE_CURVE(3,(#12535,#12536,#12537,#12538),.UNSPECIFIED.,.F.,.F.)
B_SPLINE_CURVE_WITH_KNOTS((4,4),(-1.,0.),.UNSPECIFIED.)
CURVE()
GEOMETRIC_REPRESENTATION_ITEM()
RATIONAL_B_SPLINE_CURVE((1.,1.,1.,1.))
REPRESENTATION_ITEM('')
);
#2457=(
BOUNDED_CURVE()
B_SPLINE_CURVE(3,(#12541,#12542,#12543,#12544),.UNSPECIFIED.,.F.,.F.)
B_SPLINE_CURVE_WITH_KNOTS((4,4),(-1.,0.),.UNSPECIFIED.)
CURVE()
GEOMETRIC_REPRESENTATION_ITEM()
RATIONAL_B_SPLINE_CURVE((1.,1.,1.,1.))
REPRESENTATION_ITEM('')
);
#2458=(
BOUNDED_CURVE()
B_SPLINE_CURVE(3,(#12554,#12555,#12556,#12557),.UNSPECIFIED.,.F.,.F.)
B_SPLINE_CURVE_WITH_KNOTS((4,4),(-1.,0.),.UNSPECIFIED.)
CURVE()
GEOMETRIC_REPRESENTATION_ITEM()
RATIONAL_B_SPLINE_CURVE((1.,1.,1.,1.))
REPRESENTATION_ITEM('')
);
#2459=(
BOUNDED_CURVE()
B_SPLINE_CURVE(3,(#12560,#12561,#12562,#12563),.UNSPECIFIED.,.F.,.F.)
B_SPLINE_CURVE_WITH_KNOTS((4,4),(-1.,0.),.UNSPECIFIED.)
CURVE()
GEOMETRIC_REPRESENTATION_ITEM()
RATIONAL_B_SPLINE_CURVE((1.,1.,1.,1.))
REPRESENTATION_ITEM('')
);
#2460=(
BOUNDED_CURVE()
B_SPLINE_CURVE(3,(#12573,#12574,#12575,#12576),.UNSPECIFIED.,.F.,.F.)
B_SPLINE_CURVE_WITH_KNOTS((4,4),(-1.,0.),.UNSPECIFIED.)
CURVE()
GEOMETRIC_REPRESENTATION_ITEM()
RATIONAL_B_SPLINE_CURVE((1.,1.,1.,1.))
REPRESENTATION_ITEM('')
);
#2461=(
BOUNDED_CURVE()
B_SPLINE_CURVE(3,(#12579,#12580,#12581,#12582),.UNSPECIFIED.,.F.,.F.)
B_SPLINE_CURVE_WITH_KNOTS((4,4),(-1.,0.),.UNSPECIFIED.)
CURVE()
GEOMETRIC_REPRESENTATION_ITEM()
RATIONAL_B_SPLINE_CURVE((1.,1.,1.,1.))
REPRESENTATION_ITEM('')
);
#2462=(
BOUNDED_CURVE()
B_SPLINE_CURVE(3,(#12592,#12593,#12594,#12595),.UNSPECIFIED.,.F.,.F.)
B_SPLINE_CURVE_WITH_KNOTS((4,4),(-1.,0.),.UNSPECIFIED.)
CURVE()
GEOMETRIC_REPRESENTATION_ITEM()
RATIONAL_B_SPLINE_CURVE((1.,1.,1.,1.))
REPRESENTATION_ITEM('')
);
#2463=(
BOUNDED_CURVE()
B_SPLINE_CURVE(3,(#12598,#12599,#12600,#12601),.UNSPECIFIED.,.F.,.F.)
B_SPLINE_CURVE_WITH_KNOTS((4,4),(-1.,0.),.UNSPECIFIED.)
CURVE()
GEOMETRIC_REPRESENTATION_ITEM()
RATIONAL_B_SPLINE_CURVE((1.,1.,1.,1.))
REPRESENTATION_ITEM('')
);
#2464=(
BOUNDED_CURVE()
B_SPLINE_CURVE(3,(#12611,#12612,#12613,#12614),.UNSPECIFIED.,.F.,.F.)
B_SPLINE_CURVE_WITH_KNOTS((4,4),(-1.,0.),.UNSPECIFIED.)
CURVE()
GEOMETRIC_REPRESENTATION_ITEM()
RATIONAL_B_SPLINE_CURVE((1.,1.,1.,1.))
REPRESENTATION_ITEM('')
);
#2465=(
BOUNDED_CURVE()
B_SPLINE_CURVE(3,(#12617,#12618,#12619,#12620),.UNSPECIFIED.,.F.,.F.)
B_SPLINE_CURVE_WITH_KNOTS((4,4),(-1.,0.),.UNSPECIFIED.)
CURVE()
GEOMETRIC_REPRESENTATION_ITEM()
RATIONAL_B_SPLINE_CURVE((1.,1.,1.,1.))
REPRESENTATION_ITEM('')
);
#2466=(
BOUNDED_CURVE()
B_SPLINE_CURVE(3,(#12630,#12631,#12632,#12633),.UNSPECIFIED.,.F.,.F.)
B_SPLINE_CURVE_WITH_KNOTS((4,4),(-1.,0.),.UNSPECIFIED.)
CURVE()
GEOMETRIC_REPRESENTATION_ITEM()
RATIONAL_B_SPLINE_CURVE((1.,1.,1.,1.))
REPRESENTATION_ITEM('')
);
#2467=(
BOUNDED_CURVE()
B_SPLINE_CURVE(3,(#12636,#12637,#12638,#12639),.UNSPECIFIED.,.F.,.F.)
B_SPLINE_CURVE_WITH_KNOTS((4,4),(-1.,0.),.UNSPECIFIED.)
CURVE()
GEOMETRIC_REPRESENTATION_ITEM()
RATIONAL_B_SPLINE_CURVE((1.,1.,1.,1.))
REPRESENTATION_ITEM('')
);
#2468=(
BOUNDED_CURVE()
B_SPLINE_CURVE(3,(#12649,#12650,#12651,#12652),.UNSPECIFIED.,.F.,.F.)
B_SPLINE_CURVE_WITH_KNOTS((4,4),(-1.,0.),.UNSPECIFIED.)
CURVE()
GEOMETRIC_REPRESENTATION_ITEM()
RATIONAL_B_SPLINE_CURVE((1.,1.,1.,1.))
REPRESENTATION_ITEM('')
);
#2469=(
BOUNDED_CURVE()
B_SPLINE_CURVE(3,(#12655,#12656,#12657,#12658),.UNSPECIFIED.,.F.,.F.)
B_SPLINE_CURVE_WITH_KNOTS((4,4),(-1.,0.),.UNSPECIFIED.)
CURVE()
GEOMETRIC_REPRESENTATION_ITEM()
RATIONAL_B_SPLINE_CURVE((1.,1.,1.,1.))
REPRESENTATION_ITEM('')
);
#2470=(
BOUNDED_CURVE()
B_SPLINE_CURVE(3,(#12668,#12669,#12670,#12671),.UNSPECIFIED.,.F.,.F.)
B_SPLINE_CURVE_WITH_KNOTS((4,4),(-1.,0.),.UNSPECIFIED.)
CURVE()
GEOMETRIC_REPRESENTATION_ITEM()
RATIONAL_B_SPLINE_CURVE((1.,1.,1.,1.))
REPRESENTATION_ITEM('')
);
#2471=(
BOUNDED_CURVE()
B_SPLINE_CURVE(3,(#12674,#12675,#12676,#12677),.UNSPECIFIED.,.F.,.F.)
B_SPLINE_CURVE_WITH_KNOTS((4,4),(-1.,0.),.UNSPECIFIED.)
CURVE()
GEOMETRIC_REPRESENTATION_ITEM()
RATIONAL_B_SPLINE_CURVE((1.,1.,1.,1.))
REPRESENTATION_ITEM('')
);
#2472=(
BOUNDED_CURVE()
B_SPLINE_CURVE(3,(#12686,#12687,#12688,#12689),.UNSPECIFIED.,.F.,.F.)
B_SPLINE_CURVE_WITH_KNOTS((4,4),(-1.,0.),.UNSPECIFIED.)
CURVE()
GEOMETRIC_REPRESENTATION_ITEM()
RATIONAL_B_SPLINE_CURVE((1.,1.,1.,1.))
REPRESENTATION_ITEM('')
);
#2473=(
BOUNDED_CURVE()
B_SPLINE_CURVE(3,(#12690,#12691,#12692,#12693),.UNSPECIFIED.,.F.,.F.)
B_SPLINE_CURVE_WITH_KNOTS((4,4),(-1.,0.),.UNSPECIFIED.)
CURVE()
GEOMETRIC_REPRESENTATION_ITEM()
RATIONAL_B_SPLINE_CURVE((1.,1.,1.,1.))
REPRESENTATION_ITEM('')
);
#2474=(
BOUNDED_CURVE()
B_SPLINE_CURVE(3,(#12705,#12706,#12707,#12708),.UNSPECIFIED.,.F.,.F.)
B_SPLINE_CURVE_WITH_KNOTS((4,4),(-1.,0.),.UNSPECIFIED.)
CURVE()
GEOMETRIC_REPRESENTATION_ITEM()
RATIONAL_B_SPLINE_CURVE((1.,1.,1.,1.))
REPRESENTATION_ITEM('')
);
#2475=(
BOUNDED_CURVE()
B_SPLINE_CURVE(3,(#12712,#12713,#12714,#12715),.UNSPECIFIED.,.F.,.F.)
B_SPLINE_CURVE_WITH_KNOTS((4,4),(-1.,0.),.UNSPECIFIED.)
CURVE()
GEOMETRIC_REPRESENTATION_ITEM()
RATIONAL_B_SPLINE_CURVE((1.,1.,1.,1.))
REPRESENTATION_ITEM('')
);
#2476=(
BOUNDED_CURVE()
B_SPLINE_CURVE(3,(#12726,#12727,#12728,#12729),.UNSPECIFIED.,.F.,.F.)
B_SPLINE_CURVE_WITH_KNOTS((4,4),(-1.,0.),.UNSPECIFIED.)
CURVE()
GEOMETRIC_REPRESENTATION_ITEM()
RATIONAL_B_SPLINE_CURVE((1.,1.,1.,1.))
REPRESENTATION_ITEM('')
);
#2477=(
BOUNDED_CURVE()
B_SPLINE_CURVE(3,(#12732,#12733,#12734,#12735),.UNSPECIFIED.,.F.,.F.)
B_SPLINE_CURVE_WITH_KNOTS((4,4),(-1.,0.),.UNSPECIFIED.)
CURVE()
GEOMETRIC_REPRESENTATION_ITEM()
RATIONAL_B_SPLINE_CURVE((1.,1.,1.,1.))
REPRESENTATION_ITEM('')
);
#2478=(
BOUNDED_CURVE()
B_SPLINE_CURVE(3,(#12745,#12746,#12747,#12748),.UNSPECIFIED.,.F.,.F.)
B_SPLINE_CURVE_WITH_KNOTS((4,4),(-1.,0.),.UNSPECIFIED.)
CURVE()
GEOMETRIC_REPRESENTATION_ITEM()
RATIONAL_B_SPLINE_CURVE((1.,1.,1.,1.))
REPRESENTATION_ITEM('')
);
#2479=(
BOUNDED_CURVE()
B_SPLINE_CURVE(3,(#12751,#12752,#12753,#12754),.UNSPECIFIED.,.F.,.F.)
B_SPLINE_CURVE_WITH_KNOTS((4,4),(-1.,0.),.UNSPECIFIED.)
CURVE()
GEOMETRIC_REPRESENTATION_ITEM()
RATIONAL_B_SPLINE_CURVE((1.,1.,1.,1.))
REPRESENTATION_ITEM('')
);
#2480=(
BOUNDED_CURVE()
B_SPLINE_CURVE(3,(#12764,#12765,#12766,#12767),.UNSPECIFIED.,.F.,.F.)
B_SPLINE_CURVE_WITH_KNOTS((4,4),(-1.,0.),.UNSPECIFIED.)
CURVE()
GEOMETRIC_REPRESENTATION_ITEM()
RATIONAL_B_SPLINE_CURVE((1.,1.,1.,1.))
REPRESENTATION_ITEM('')
);
#2481=(
BOUNDED_CURVE()
B_SPLINE_CURVE(3,(#12770,#12771,#12772,#12773),.UNSPECIFIED.,.F.,.F.)
B_SPLINE_CURVE_WITH_KNOTS((4,4),(-1.,0.),.UNSPECIFIED.)
CURVE()
GEOMETRIC_REPRESENTATION_ITEM()
RATIONAL_B_SPLINE_CURVE((1.,1.,1.,1.))
REPRESENTATION_ITEM('')
);
#2482=(
BOUNDED_CURVE()
B_SPLINE_CURVE(3,(#12783,#12784,#12785,#12786),.UNSPECIFIED.,.F.,.F.)
B_SPLINE_CURVE_WITH_KNOTS((4,4),(-1.,0.),.UNSPECIFIED.)
CURVE()
GEOMETRIC_REPRESENTATION_ITEM()
RATIONAL_B_SPLINE_CURVE((1.,1.,1.,1.))
REPRESENTATION_ITEM('')
);
#2483=(
BOUNDED_CURVE()
B_SPLINE_CURVE(3,(#12789,#12790,#12791,#12792),.UNSPECIFIED.,.F.,.F.)
B_SPLINE_CURVE_WITH_KNOTS((4,4),(-1.,0.),.UNSPECIFIED.)
CURVE()
GEOMETRIC_REPRESENTATION_ITEM()
RATIONAL_B_SPLINE_CURVE((1.,1.,1.,1.))
REPRESENTATION_ITEM('')
);
#2484=(
BOUNDED_CURVE()
B_SPLINE_CURVE(3,(#12801,#12802,#12803,#12804),.UNSPECIFIED.,.F.,.F.)
B_SPLINE_CURVE_WITH_KNOTS((4,4),(-1.,0.),.UNSPECIFIED.)
CURVE()
GEOMETRIC_REPRESENTATION_ITEM()
RATIONAL_B_SPLINE_CURVE((1.,1.,1.,1.))
REPRESENTATION_ITEM('')
);
#2485=(
BOUNDED_CURVE()
B_SPLINE_CURVE(3,(#12805,#12806,#12807,#12808),.UNSPECIFIED.,.F.,.F.)
B_SPLINE_CURVE_WITH_KNOTS((4,4),(-1.,0.),.UNSPECIFIED.)
CURVE()
GEOMETRIC_REPRESENTATION_ITEM()
RATIONAL_B_SPLINE_CURVE((1.,1.,1.,1.))
REPRESENTATION_ITEM('')
);
#2486=VERTEX_POINT('',#7833);
#2487=VERTEX_POINT('',#7834);
#2488=VERTEX_POINT('',#7839);
#2489=VERTEX_POINT('',#7841);
#2490=VERTEX_POINT('',#7855);
#2491=VERTEX_POINT('',#7860);
#2492=VERTEX_POINT('',#7874);
#2493=VERTEX_POINT('',#7879);
#2494=VERTEX_POINT('',#7893);
#2495=VERTEX_POINT('',#7898);
#2496=VERTEX_POINT('',#7905);
#2497=VERTEX_POINT('',#7907);
#2498=VERTEX_POINT('',#7911);
#2499=VERTEX_POINT('',#7913);
#2500=VERTEX_POINT('',#7924);
#2501=VERTEX_POINT('',#7929);
#2502=VERTEX_POINT('',#7959);
#2503=VERTEX_POINT('',#7960);
#2504=VERTEX_POINT('',#7965);
#2505=VERTEX_POINT('',#7967);
#2506=VERTEX_POINT('',#7981);
#2507=VERTEX_POINT('',#7986);
#2508=VERTEX_POINT('',#8000);
#2509=VERTEX_POINT('',#8005);
#2510=VERTEX_POINT('',#8019);
#2511=VERTEX_POINT('',#8024);
#2512=VERTEX_POINT('',#8054);
#2513=VERTEX_POINT('',#8055);
#2514=VERTEX_POINT('',#8060);
#2515=VERTEX_POINT('',#8062);
#2516=VERTEX_POINT('',#8076);
#2517=VERTEX_POINT('',#8081);
#2518=VERTEX_POINT('',#8095);
#2519=VERTEX_POINT('',#8100);
#2520=VERTEX_POINT('',#8114);
#2521=VERTEX_POINT('',#8119);
#2522=VERTEX_POINT('',#8133);
#2523=VERTEX_POINT('',#8138);
#2524=VERTEX_POINT('',#8145);
#2525=VERTEX_POINT('',#8147);
#2526=VERTEX_POINT('',#8151);
#2527=VERTEX_POINT('',#8153);
#2528=VERTEX_POINT('',#8164);
#2529=VERTEX_POINT('',#8169);
#2530=VERTEX_POINT('',#8183);
#2531=VERTEX_POINT('',#8188);
#2532=VERTEX_POINT('',#8202);
#2533=VERTEX_POINT('',#8207);
#2534=VERTEX_POINT('',#8221);
#2535=VERTEX_POINT('',#8226);
#2536=VERTEX_POINT('',#8240);
#2537=VERTEX_POINT('',#8245);
#2538=VERTEX_POINT('',#8275);
#2539=VERTEX_POINT('',#8276);
#2540=VERTEX_POINT('',#8281);
#2541=VERTEX_POINT('',#8283);
#2542=VERTEX_POINT('',#8297);
#2543=VERTEX_POINT('',#8302);
#2544=VERTEX_POINT('',#8316);
#2545=VERTEX_POINT('',#8321);
#2546=VERTEX_POINT('',#8335);
#2547=VERTEX_POINT('',#8340);
#2548=VERTEX_POINT('',#8370);
#2549=VERTEX_POINT('',#8371);
#2550=VERTEX_POINT('',#8376);
#2551=VERTEX_POINT('',#8378);
#2552=VERTEX_POINT('',#8392);
#2553=VERTEX_POINT('',#8397);
#2554=VERTEX_POINT('',#8411);
#2555=VERTEX_POINT('',#8416);
#2556=VERTEX_POINT('',#8430);
#2557=VERTEX_POINT('',#8435);
#2558=VERTEX_POINT('',#8465);
#2559=VERTEX_POINT('',#8466);
#2560=VERTEX_POINT('',#8471);
#2561=VERTEX_POINT('',#8473);
#2562=VERTEX_POINT('',#8487);
#2563=VERTEX_POINT('',#8492);
#2564=VERTEX_POINT('',#8506);
#2565=VERTEX_POINT('',#8511);
#2566=VERTEX_POINT('',#8525);
#2567=VERTEX_POINT('',#8530);
#2568=VERTEX_POINT('',#8544);
#2569=VERTEX_POINT('',#8549);
#2570=VERTEX_POINT('',#8563);
#2571=VERTEX_POINT('',#8568);
#2572=VERTEX_POINT('',#8582);
#2573=VERTEX_POINT('',#8587);
#2574=VERTEX_POINT('',#8594);
#2575=VERTEX_POINT('',#8596);
#2576=VERTEX_POINT('',#8600);
#2577=VERTEX_POINT('',#8602);
#2578=VERTEX_POINT('',#8613);
#2579=VERTEX_POINT('',#8618);
#2580=VERTEX_POINT('',#8632);
#2581=VERTEX_POINT('',#8637);
#2582=VERTEX_POINT('',#8651);
#2583=VERTEX_POINT('',#8656);
#2584=VERTEX_POINT('',#8670);
#2585=VERTEX_POINT('',#8675);
#2586=VERTEX_POINT('',#8682);
#2587=VERTEX_POINT('',#8684);
#2588=VERTEX_POINT('',#8688);
#2589=VERTEX_POINT('',#8690);
#2590=VERTEX_POINT('',#8701);
#2591=VERTEX_POINT('',#8706);
#2592=VERTEX_POINT('',#8720);
#2593=VERTEX_POINT('',#8725);
#2594=VERTEX_POINT('',#8732);
#2595=VERTEX_POINT('',#8734);
#2596=VERTEX_POINT('',#8738);
#2597=VERTEX_POINT('',#8740);
#2598=VERTEX_POINT('',#8744);
#2599=VERTEX_POINT('',#8746);
#2600=VERTEX_POINT('',#8757);
#2601=VERTEX_POINT('',#8762);
#2602=VERTEX_POINT('',#8776);
#2603=VERTEX_POINT('',#8781);
#2604=VERTEX_POINT('',#8795);
#2605=VERTEX_POINT('',#8800);
#2606=VERTEX_POINT('',#8814);
#2607=VERTEX_POINT('',#8819);
#2608=VERTEX_POINT('',#8833);
#2609=VERTEX_POINT('',#8838);
#2610=VERTEX_POINT('',#8852);
#2611=VERTEX_POINT('',#8857);
#2612=VERTEX_POINT('',#8871);
#2613=VERTEX_POINT('',#8876);
#2614=VERTEX_POINT('',#8890);
#2615=VERTEX_POINT('',#8895);
#2616=VERTEX_POINT('',#8909);
#2617=VERTEX_POINT('',#8914);
#2618=VERTEX_POINT('',#8928);
#2619=VERTEX_POINT('',#8933);
#2620=VERTEX_POINT('',#8947);
#2621=VERTEX_POINT('',#8952);
#2622=VERTEX_POINT('',#8966);
#2623=VERTEX_POINT('',#8971);
#2624=VERTEX_POINT('',#8985);
#2625=VERTEX_POINT('',#8990);
#2626=VERTEX_POINT('',#9004);
#2627=VERTEX_POINT('',#9009);
#2628=VERTEX_POINT('',#9023);
#2629=VERTEX_POINT('',#9028);
#2630=VERTEX_POINT('',#9042);
#2631=VERTEX_POINT('',#9047);
#2632=VERTEX_POINT('',#9061);
#2633=VERTEX_POINT('',#9066);
#2634=VERTEX_POINT('',#9080);
#2635=VERTEX_POINT('',#9085);
#2636=VERTEX_POINT('',#9099);
#2637=VERTEX_POINT('',#9104);
#2638=VERTEX_POINT('',#9118);
#2639=VERTEX_POINT('',#9123);
#2640=VERTEX_POINT('',#9137);
#2641=VERTEX_POINT('',#9142);
#2642=VERTEX_POINT('',#9149);
#2643=VERTEX_POINT('',#9151);
#2644=VERTEX_POINT('',#9155);
#2645=VERTEX_POINT('',#9157);
#2646=VERTEX_POINT('',#9168);
#2647=VERTEX_POINT('',#9173);
#2648=VERTEX_POINT('',#9187);
#2649=VERTEX_POINT('',#9192);
#2650=VERTEX_POINT('',#9206);
#2651=VERTEX_POINT('',#9211);
#2652=VERTEX_POINT('',#9225);
#2653=VERTEX_POINT('',#9230);
#2654=VERTEX_POINT('',#9237);
#2655=VERTEX_POINT('',#9239);
#2656=VERTEX_POINT('',#9243);
#2657=VERTEX_POINT('',#9245);
#2658=VERTEX_POINT('',#9256);
#2659=VERTEX_POINT('',#9261);
#2660=VERTEX_POINT('',#9275);
#2661=VERTEX_POINT('',#9280);
#2662=VERTEX_POINT('',#9294);
#2663=VERTEX_POINT('',#9299);
#2664=VERTEX_POINT('',#9313);
#2665=VERTEX_POINT('',#9318);
#2666=VERTEX_POINT('',#9332);
#2667=VERTEX_POINT('',#9337);
#2668=VERTEX_POINT('',#9351);
#2669=VERTEX_POINT('',#9356);
#2670=VERTEX_POINT('',#9370);
#2671=VERTEX_POINT('',#9375);
#2672=VERTEX_POINT('',#9389);
#2673=VERTEX_POINT('',#9394);
#2674=VERTEX_POINT('',#9408);
#2675=VERTEX_POINT('',#9413);
#2676=VERTEX_POINT('',#9427);
#2677=VERTEX_POINT('',#9432);
#2678=VERTEX_POINT('',#9446);
#2679=VERTEX_POINT('',#9451);
#2680=VERTEX_POINT('',#9465);
#2681=VERTEX_POINT('',#9470);
#2682=VERTEX_POINT('',#9484);
#2683=VERTEX_POINT('',#9489);
#2684=VERTEX_POINT('',#9503);
#2685=VERTEX_POINT('',#9508);
#2686=VERTEX_POINT('',#9522);
#2687=VERTEX_POINT('',#9527);
#2688=VERTEX_POINT('',#9541);
#2689=VERTEX_POINT('',#9546);
#2690=VERTEX_POINT('',#9560);
#2691=VERTEX_POINT('',#9565);
#2692=VERTEX_POINT('',#9579);
#2693=VERTEX_POINT('',#9584);
#2694=VERTEX_POINT('',#9591);
#2695=VERTEX_POINT('',#9593);
#2696=VERTEX_POINT('',#9597);
#2697=VERTEX_POINT('',#9599);
#2698=VERTEX_POINT('',#9610);
#2699=VERTEX_POINT('',#9615);
#2700=VERTEX_POINT('',#9629);
#2701=VERTEX_POINT('',#9634);
#2702=VERTEX_POINT('',#9648);
#2703=VERTEX_POINT('',#9653);
#2704=VERTEX_POINT('',#9667);
#2705=VERTEX_POINT('',#9672);
#2706=VERTEX_POINT('',#9686);
#2707=VERTEX_POINT('',#9691);
#2708=VERTEX_POINT('',#9705);
#2709=VERTEX_POINT('',#9710);
#2710=VERTEX_POINT('',#9717);
#2711=VERTEX_POINT('',#9719);
#2712=VERTEX_POINT('',#9723);
#2713=VERTEX_POINT('',#9725);
#2714=VERTEX_POINT('',#9736);
#2715=VERTEX_POINT('',#9741);
#2716=VERTEX_POINT('',#9755);
#2717=VERTEX_POINT('',#9760);
#2718=VERTEX_POINT('',#9774);
#2719=VERTEX_POINT('',#9779);
#2720=VERTEX_POINT('',#9793);
#2721=VERTEX_POINT('',#9798);
#2722=VERTEX_POINT('',#9805);
#2723=VERTEX_POINT('',#9807);
#2724=VERTEX_POINT('',#9811);
#2725=VERTEX_POINT('',#9813);
#2726=VERTEX_POINT('',#9824);
#2727=VERTEX_POINT('',#9829);
#2728=VERTEX_POINT('',#9843);
#2729=VERTEX_POINT('',#9848);
#2730=VERTEX_POINT('',#9862);
#2731=VERTEX_POINT('',#9867);
#2732=VERTEX_POINT('',#9881);
#2733=VERTEX_POINT('',#9886);
#2734=VERTEX_POINT('',#9900);
#2735=VERTEX_POINT('',#9905);
#2736=VERTEX_POINT('',#9912);
#2737=VERTEX_POINT('',#9914);
#2738=VERTEX_POINT('',#9918);
#2739=VERTEX_POINT('',#9920);
#2740=VERTEX_POINT('',#9931);
#2741=VERTEX_POINT('',#9936);
#2742=VERTEX_POINT('',#9950);
#2743=VERTEX_POINT('',#9955);
#2744=VERTEX_POINT('',#9969);
#2745=VERTEX_POINT('',#9974);
#2746=VERTEX_POINT('',#9988);
#2747=VERTEX_POINT('',#9993);
#2748=VERTEX_POINT('',#10000);
#2749=VERTEX_POINT('',#10002);
#2750=VERTEX_POINT('',#10006);
#2751=VERTEX_POINT('',#10008);
#2752=VERTEX_POINT('',#10019);
#2753=VERTEX_POINT('',#10024);
#2754=VERTEX_POINT('',#10038);
#2755=VERTEX_POINT('',#10043);
#2756=VERTEX_POINT('',#10057);
#2757=VERTEX_POINT('',#10062);
#2758=VERTEX_POINT('',#10076);
#2759=VERTEX_POINT('',#10081);
#2760=VERTEX_POINT('',#10095);
#2761=VERTEX_POINT('',#10100);
#2762=VERTEX_POINT('',#10114);
#2763=VERTEX_POINT('',#10119);
#2764=VERTEX_POINT('',#10133);
#2765=VERTEX_POINT('',#10138);
#2766=VERTEX_POINT('',#10152);
#2767=VERTEX_POINT('',#10157);
#2768=VERTEX_POINT('',#10171);
#2769=VERTEX_POINT('',#10176);
#2770=VERTEX_POINT('',#10190);
#2771=VERTEX_POINT('',#10195);
#2772=VERTEX_POINT('',#10209);
#2773=VERTEX_POINT('',#10214);
#2774=VERTEX_POINT('',#10228);
#2775=VERTEX_POINT('',#10233);
#2776=VERTEX_POINT('',#10247);
#2777=VERTEX_POINT('',#10252);
#2778=VERTEX_POINT('',#10266);
#2779=VERTEX_POINT('',#10271);
#2780=VERTEX_POINT('',#10285);
#2781=VERTEX_POINT('',#10290);
#2782=VERTEX_POINT('',#10304);
#2783=VERTEX_POINT('',#10309);
#2784=VERTEX_POINT('',#10323);
#2785=VERTEX_POINT('',#10328);
#2786=VERTEX_POINT('',#10342);
#2787=VERTEX_POINT('',#10347);
#2788=VERTEX_POINT('',#10361);
#2789=VERTEX_POINT('',#10366);
#2790=VERTEX_POINT('',#10380);
#2791=VERTEX_POINT('',#10385);
#2792=VERTEX_POINT('',#10399);
#2793=VERTEX_POINT('',#10404);
#2794=VERTEX_POINT('',#10411);
#2795=VERTEX_POINT('',#10413);
#2796=VERTEX_POINT('',#10417);
#2797=VERTEX_POINT('',#10419);
#2798=VERTEX_POINT('',#10430);
#2799=VERTEX_POINT('',#10435);
#2800=VERTEX_POINT('',#10449);
#2801=VERTEX_POINT('',#10454);
#2802=VERTEX_POINT('',#10468);
#2803=VERTEX_POINT('',#10473);
#2804=VERTEX_POINT('',#10487);
#2805=VERTEX_POINT('',#10492);
#2806=VERTEX_POINT('',#10506);
#2807=VERTEX_POINT('',#10511);
#2808=VERTEX_POINT('',#10525);
#2809=VERTEX_POINT('',#10530);
#2810=VERTEX_POINT('',#10537);
#2811=VERTEX_POINT('',#10539);
#2812=VERTEX_POINT('',#10543);
#2813=VERTEX_POINT('',#10545);
#2814=VERTEX_POINT('',#10556);
#2815=VERTEX_POINT('',#10561);
#2816=VERTEX_POINT('',#10575);
#2817=VERTEX_POINT('',#10580);
#2818=VERTEX_POINT('',#10594);
#2819=VERTEX_POINT('',#10599);
#2820=VERTEX_POINT('',#10613);
#2821=VERTEX_POINT('',#10618);
#2822=VERTEX_POINT('',#10632);
#2823=VERTEX_POINT('',#10637);
#2824=VERTEX_POINT('',#10651);
#2825=VERTEX_POINT('',#10656);
#2826=VERTEX_POINT('',#10670);
#2827=VERTEX_POINT('',#10675);
#2828=VERTEX_POINT('',#10689);
#2829=VERTEX_POINT('',#10694);
#2830=VERTEX_POINT('',#10708);
#2831=VERTEX_POINT('',#10713);
#2832=VERTEX_POINT('',#10727);
#2833=VERTEX_POINT('',#10732);
#2834=VERTEX_POINT('',#10746);
#2835=VERTEX_POINT('',#10751);
#2836=VERTEX_POINT('',#10765);
#2837=VERTEX_POINT('',#10770);
#2838=VERTEX_POINT('',#10777);
#2839=VERTEX_POINT('',#10779);
#2840=VERTEX_POINT('',#10783);
#2841=VERTEX_POINT('',#10785);
#2842=VERTEX_POINT('',#10796);
#2843=VERTEX_POINT('',#10801);
#2844=VERTEX_POINT('',#10815);
#2845=VERTEX_POINT('',#10820);
#2846=VERTEX_POINT('',#10834);
#2847=VERTEX_POINT('',#10839);
#2848=VERTEX_POINT('',#10853);
#2849=VERTEX_POINT('',#10858);
#2850=VERTEX_POINT('',#10872);
#2851=VERTEX_POINT('',#10877);
#2852=VERTEX_POINT('',#10891);
#2853=VERTEX_POINT('',#10896);
#2854=VERTEX_POINT('',#10910);
#2855=VERTEX_POINT('',#10915);
#2856=VERTEX_POINT('',#10929);
#2857=VERTEX_POINT('',#10934);
#2858=VERTEX_POINT('',#10948);
#2859=VERTEX_POINT('',#10953);
#2860=VERTEX_POINT('',#10967);
#2861=VERTEX_POINT('',#10972);
#2862=VERTEX_POINT('',#10986);
#2863=VERTEX_POINT('',#10991);
#2864=VERTEX_POINT('',#10998);
#2865=VERTEX_POINT('',#11000);
#2866=VERTEX_POINT('',#11004);
#2867=VERTEX_POINT('',#11006);
#2868=VERTEX_POINT('',#11017);
#2869=VERTEX_POINT('',#11022);
#2870=VERTEX_POINT('',#11036);
#2871=VERTEX_POINT('',#11041);
#2872=VERTEX_POINT('',#11055);
#2873=VERTEX_POINT('',#11060);
#2874=VERTEX_POINT('',#11074);
#2875=VERTEX_POINT('',#11079);
#2876=VERTEX_POINT('',#11093);
#2877=VERTEX_POINT('',#11098);
#2878=VERTEX_POINT('',#11112);
#2879=VERTEX_POINT('',#11117);
#2880=VERTEX_POINT('',#11131);
#2881=VERTEX_POINT('',#11136);
#2882=VERTEX_POINT('',#11150);
#2883=VERTEX_POINT('',#11155);
#2884=VERTEX_POINT('',#11162);
#2885=VERTEX_POINT('',#11164);
#2886=VERTEX_POINT('',#11168);
#2887=VERTEX_POINT('',#11170);
#2888=VERTEX_POINT('',#11181);
#2889=VERTEX_POINT('',#11186);
#2890=VERTEX_POINT('',#11200);
#2891=VERTEX_POINT('',#11205);
#2892=VERTEX_POINT('',#11219);
#2893=VERTEX_POINT('',#11224);
#2894=VERTEX_POINT('',#11238);
#2895=VERTEX_POINT('',#11243);
#2896=VERTEX_POINT('',#11257);
#2897=VERTEX_POINT('',#11262);
#2898=VERTEX_POINT('',#11276);
#2899=VERTEX_POINT('',#11281);
#2900=VERTEX_POINT('',#11288);
#2901=VERTEX_POINT('',#11290);
#2902=VERTEX_POINT('',#11294);
#2903=VERTEX_POINT('',#11296);
#2904=VERTEX_POINT('',#11307);
#2905=VERTEX_POINT('',#11312);
#2906=VERTEX_POINT('',#11326);
#2907=VERTEX_POINT('',#11331);
#2908=VERTEX_POINT('',#11345);
#2909=VERTEX_POINT('',#11350);
#2910=VERTEX_POINT('',#11364);
#2911=VERTEX_POINT('',#11369);
#2912=VERTEX_POINT('',#11376);
#2913=VERTEX_POINT('',#11378);
#2914=VERTEX_POINT('',#11382);
#2915=VERTEX_POINT('',#11384);
#2916=VERTEX_POINT('',#11395);
#2917=VERTEX_POINT('',#11400);
#2918=VERTEX_POINT('',#11414);
#2919=VERTEX_POINT('',#11419);
#2920=VERTEX_POINT('',#11433);
#2921=VERTEX_POINT('',#11438);
#2922=VERTEX_POINT('',#11452);
#2923=VERTEX_POINT('',#11457);
#2924=VERTEX_POINT('',#11471);
#2925=VERTEX_POINT('',#11476);
#2926=VERTEX_POINT('',#11490);
#2927=VERTEX_POINT('',#11495);
#2928=VERTEX_POINT('',#11509);
#2929=VERTEX_POINT('',#11514);
#2930=VERTEX_POINT('',#11528);
#2931=VERTEX_POINT('',#11533);
#2932=VERTEX_POINT('',#11547);
#2933=VERTEX_POINT('',#11552);
#2934=VERTEX_POINT('',#11559);
#2935=VERTEX_POINT('',#11561);
#2936=VERTEX_POINT('',#11565);
#2937=VERTEX_POINT('',#11567);
#2938=VERTEX_POINT('',#11578);
#2939=VERTEX_POINT('',#11583);
#2940=VERTEX_POINT('',#11597);
#2941=VERTEX_POINT('',#11602);
#2942=VERTEX_POINT('',#11616);
#2943=VERTEX_POINT('',#11621);
#2944=VERTEX_POINT('',#11635);
#2945=VERTEX_POINT('',#11640);
#2946=VERTEX_POINT('',#11654);
#2947=VERTEX_POINT('',#11659);
#2948=VERTEX_POINT('',#11666);
#2949=VERTEX_POINT('',#11668);
#2950=VERTEX_POINT('',#11672);
#2951=VERTEX_POINT('',#11674);
#2952=VERTEX_POINT('',#11685);
#2953=VERTEX_POINT('',#11690);
#2954=VERTEX_POINT('',#11704);
#2955=VERTEX_POINT('',#11709);
#2956=VERTEX_POINT('',#11723);
#2957=VERTEX_POINT('',#11728);
#2958=VERTEX_POINT('',#11742);
#2959=VERTEX_POINT('',#11747);
#2960=VERTEX_POINT('',#11761);
#2961=VERTEX_POINT('',#11766);
#2962=VERTEX_POINT('',#11780);
#2963=VERTEX_POINT('',#11785);
#2964=VERTEX_POINT('',#11799);
#2965=VERTEX_POINT('',#11804);
#2966=VERTEX_POINT('',#11818);
#2967=VERTEX_POINT('',#11823);
#2968=VERTEX_POINT('',#11837);
#2969=VERTEX_POINT('',#11842);
#2970=VERTEX_POINT('',#11856);
#2971=VERTEX_POINT('',#11861);
#2972=VERTEX_POINT('',#11875);
#2973=VERTEX_POINT('',#11880);
#2974=VERTEX_POINT('',#11894);
#2975=VERTEX_POINT('',#11899);
#2976=VERTEX_POINT('',#11913);
#2977=VERTEX_POINT('',#11918);
#2978=VERTEX_POINT('',#11932);
#2979=VERTEX_POINT('',#11937);
#2980=VERTEX_POINT('',#11951);
#2981=VERTEX_POINT('',#11956);
#2982=VERTEX_POINT('',#11970);
#2983=VERTEX_POINT('',#11975);
#2984=VERTEX_POINT('',#11989);
#2985=VERTEX_POINT('',#11994);
#2986=VERTEX_POINT('',#12008);
#2987=VERTEX_POINT('',#12013);
#2988=VERTEX_POINT('',#12027);
#2989=VERTEX_POINT('',#12032);
#2990=VERTEX_POINT('',#12046);
#2991=VERTEX_POINT('',#12051);
#2992=VERTEX_POINT('',#12065);
#2993=VERTEX_POINT('',#12070);
#2994=VERTEX_POINT('',#12084);
#2995=VERTEX_POINT('',#12089);
#2996=VERTEX_POINT('',#12103);
#2997=VERTEX_POINT('',#12108);
#2998=VERTEX_POINT('',#12122);
#2999=VERTEX_POINT('',#12127);
#3000=VERTEX_POINT('',#12141);
#3001=VERTEX_POINT('',#12146);
#3002=VERTEX_POINT('',#12160);
#3003=VERTEX_POINT('',#12165);
#3004=VERTEX_POINT('',#12179);
#3005=VERTEX_POINT('',#12184);
#3006=VERTEX_POINT('',#12198);
#3007=VERTEX_POINT('',#12203);
#3008=VERTEX_POINT('',#12217);
#3009=VERTEX_POINT('',#12222);
#3010=VERTEX_POINT('',#12236);
#3011=VERTEX_POINT('',#12241);
#3012=VERTEX_POINT('',#12255);
#3013=VERTEX_POINT('',#12260);
#3014=VERTEX_POINT('',#12274);
#3015=VERTEX_POINT('',#12279);
#3016=VERTEX_POINT('',#12293);
#3017=VERTEX_POINT('',#12298);
#3018=VERTEX_POINT('',#12312);
#3019=VERTEX_POINT('',#12317);
#3020=VERTEX_POINT('',#12331);
#3021=VERTEX_POINT('',#12336);
#3022=VERTEX_POINT('',#12350);
#3023=VERTEX_POINT('',#12355);
#3024=VERTEX_POINT('',#12369);
#3025=VERTEX_POINT('',#12374);
#3026=VERTEX_POINT('',#12388);
#3027=VERTEX_POINT('',#12393);
#3028=VERTEX_POINT('',#12407);
#3029=VERTEX_POINT('',#12412);
#3030=VERTEX_POINT('',#12426);
#3031=VERTEX_POINT('',#12431);
#3032=VERTEX_POINT('',#12445);
#3033=VERTEX_POINT('',#12450);
#3034=VERTEX_POINT('',#12481);
#3035=VERTEX_POINT('',#12482);
#3036=VERTEX_POINT('',#12487);
#3037=VERTEX_POINT('',#12489);
#3038=VERTEX_POINT('',#12503);
#3039=VERTEX_POINT('',#12508);
#3040=VERTEX_POINT('',#12515);
#3041=VERTEX_POINT('',#12517);
#3042=VERTEX_POINT('',#12521);
#3043=VERTEX_POINT('',#12523);
#3044=VERTEX_POINT('',#12534);
#3045=VERTEX_POINT('',#12539);
#3046=VERTEX_POINT('',#12553);
#3047=VERTEX_POINT('',#12558);
#3048=VERTEX_POINT('',#12572);
#3049=VERTEX_POINT('',#12577);
#3050=VERTEX_POINT('',#12591);
#3051=VERTEX_POINT('',#12596);
#3052=VERTEX_POINT('',#12610);
#3053=VERTEX_POINT('',#12615);
#3054=VERTEX_POINT('',#12629);
#3055=VERTEX_POINT('',#12634);
#3056=VERTEX_POINT('',#12648);
#3057=VERTEX_POINT('',#12653);
#3058=VERTEX_POINT('',#12667);
#3059=VERTEX_POINT('',#12672);
#3060=VERTEX_POINT('',#12703);
#3061=VERTEX_POINT('',#12704);
#3062=VERTEX_POINT('',#12709);
#3063=VERTEX_POINT('',#12711);
#3064=VERTEX_POINT('',#12725);
#3065=VERTEX_POINT('',#12730);
#3066=VERTEX_POINT('',#12744);
#3067=VERTEX_POINT('',#12749);
#3068=VERTEX_POINT('',#12763);
#3069=VERTEX_POINT('',#12768);
#3070=VERTEX_POINT('',#12782);
#3071=VERTEX_POINT('',#12787);
#3072=VERTEX_POINT('',#12816);
#3073=VERTEX_POINT('',#12817);
#3074=VERTEX_POINT('',#12819);
#3075=VERTEX_POINT('',#12821);
#3076=VERTEX_POINT('',#12825);
#3077=VERTEX_POINT('',#12827);
#3078=VERTEX_POINT('',#12831);
#3079=VERTEX_POINT('',#12833);
#3080=VERTEX_POINT('',#12840);
#3081=VERTEX_POINT('',#12842);
#3082=VERTEX_POINT('',#12846);
#3083=VERTEX_POINT('',#12849);
#3084=VERTEX_POINT('',#12851);
#3085=VERTEX_POINT('',#12855);
#3086=VERTEX_POINT('',#12858);
#3087=VERTEX_POINT('',#12860);
#3088=VERTEX_POINT('',#12864);
#3089=VERTEX_POINT('',#12867);
#3090=VERTEX_POINT('',#12869);
#3091=VERTEX_POINT('',#12873);
#3092=VERTEX_POINT('',#12876);
#3093=VERTEX_POINT('',#12877);
#3094=VERTEX_POINT('',#12879);
#3095=VERTEX_POINT('',#12881);
#3096=VERTEX_POINT('',#12885);
#3097=VERTEX_POINT('',#12887);
#3098=VERTEX_POINT('',#12891);
#3099=VERTEX_POINT('',#12893);
#3100=VERTEX_POINT('',#12900);
#3101=VERTEX_POINT('',#12901);
#3102=VERTEX_POINT('',#12903);
#3103=VERTEX_POINT('',#12905);
#3104=VERTEX_POINT('',#12909);
#3105=VERTEX_POINT('',#12911);
#3106=VERTEX_POINT('',#12915);
#3107=VERTEX_POINT('',#12917);
#3108=VERTEX_POINT('',#12924);
#3109=VERTEX_POINT('',#12925);
#3110=VERTEX_POINT('',#12927);
#3111=VERTEX_POINT('',#12929);
#3112=VERTEX_POINT('',#12933);
#3113=VERTEX_POINT('',#12935);
#3114=VERTEX_POINT('',#12939);
#3115=VERTEX_POINT('',#12941);
#3116=VERTEX_POINT('',#12948);
#3117=VERTEX_POINT('',#12949);
#3118=VERTEX_POINT('',#12951);
#3119=VERTEX_POINT('',#12953);
#3120=VERTEX_POINT('',#12957);
#3121=VERTEX_POINT('',#12959);
#3122=VERTEX_POINT('',#12963);
#3123=VERTEX_POINT('',#12965);
#3124=VERTEX_POINT('',#12972);
#3125=VERTEX_POINT('',#12973);
#3126=VERTEX_POINT('',#12975);
#3127=VERTEX_POINT('',#12977);
#3128=VERTEX_POINT('',#12981);
#3129=VERTEX_POINT('',#12983);
#3130=VERTEX_POINT('',#12987);
#3131=VERTEX_POINT('',#12989);
#3132=VERTEX_POINT('',#12996);
#3133=VERTEX_POINT('',#12997);
#3134=VERTEX_POINT('',#12999);
#3135=VERTEX_POINT('',#13001);
#3136=VERTEX_POINT('',#13005);
#3137=VERTEX_POINT('',#13007);
#3138=VERTEX_POINT('',#13011);
#3139=VERTEX_POINT('',#13013);
#3140=VERTEX_POINT('',#13020);
#3141=VERTEX_POINT('',#13021);
#3142=VERTEX_POINT('',#13023);
#3143=VERTEX_POINT('',#13025);
#3144=VERTEX_POINT('',#13029);
#3145=VERTEX_POINT('',#13031);
#3146=VERTEX_POINT('',#13035);
#3147=VERTEX_POINT('',#13037);
#3148=VERTEX_POINT('',#13044);
#3149=VERTEX_POINT('',#13045);
#3150=VERTEX_POINT('',#13047);
#3151=VERTEX_POINT('',#13049);
#3152=VERTEX_POINT('',#13053);
#3153=VERTEX_POINT('',#13055);
#3154=VERTEX_POINT('',#13059);
#3155=VERTEX_POINT('',#13061);
#3156=VERTEX_POINT('',#13068);
#3157=VERTEX_POINT('',#13069);
#3158=VERTEX_POINT('',#13071);
#3159=VERTEX_POINT('',#13073);
#3160=VERTEX_POINT('',#13077);
#3161=VERTEX_POINT('',#13079);
#3162=VERTEX_POINT('',#13083);
#3163=VERTEX_POINT('',#13085);
#3164=VERTEX_POINT('',#13092);
#3165=VERTEX_POINT('',#13093);
#3166=VERTEX_POINT('',#13095);
#3167=VERTEX_POINT('',#13097);
#3168=VERTEX_POINT('',#13101);
#3169=VERTEX_POINT('',#13103);
#3170=VERTEX_POINT('',#13107);
#3171=VERTEX_POINT('',#13109);
#3172=VERTEX_POINT('',#13118);
#3173=VERTEX_POINT('',#13123);
#3174=VERTEX_POINT('',#13128);
#3175=VERTEX_POINT('',#13133);
#3176=EDGE_CURVE('',#2486,#2487,#1990,.T.);
#3177=EDGE_CURVE('',#2486,#2488,#944,.T.);
#3178=EDGE_CURVE('',#2488,#2489,#1991,.T.);
#3179=EDGE_CURVE('',#2487,#2489,#945,.T.);
#3180=EDGE_CURVE('',#2490,#2486,#1992,.T.);
#3181=EDGE_CURVE('',#2490,#2491,#946,.T.);
#3182=EDGE_CURVE('',#2491,#2488,#1993,.T.);
#3183=EDGE_CURVE('',#2492,#2490,#1994,.T.);
#3184=EDGE_CURVE('',#2492,#2493,#947,.T.);
#3185=EDGE_CURVE('',#2493,#2491,#1995,.T.);
#3186=EDGE_CURVE('',#2494,#2492,#1996,.T.);
#3187=EDGE_CURVE('',#2494,#2495,#948,.T.);
#3188=EDGE_CURVE('',#2495,#2493,#1997,.T.);
#3189=EDGE_CURVE('',#2496,#2494,#949,.T.);
#3190=EDGE_CURVE('',#2496,#2497,#950,.T.);
#3191=EDGE_CURVE('',#2497,#2495,#951,.T.);
#3192=EDGE_CURVE('',#2498,#2496,#952,.T.);
#3193=EDGE_CURVE('',#2498,#2499,#953,.T.);
#3194=EDGE_CURVE('',#2499,#2497,#954,.T.);
#3195=EDGE_CURVE('',#2500,#2498,#1998,.T.);
#3196=EDGE_CURVE('',#2500,#2501,#955,.T.);
#3197=EDGE_CURVE('',#2501,#2499,#1999,.T.);
#3198=EDGE_CURVE('',#2487,#2500,#2000,.T.);
#3199=EDGE_CURVE('',#2489,#2501,#2001,.T.);
#3200=EDGE_CURVE('',#2502,#2503,#2002,.T.);
#3201=EDGE_CURVE('',#2502,#2504,#956,.T.);
#3202=EDGE_CURVE('',#2504,#2505,#2003,.T.);
#3203=EDGE_CURVE('',#2503,#2505,#957,.T.);
#3204=EDGE_CURVE('',#2506,#2502,#2004,.T.);
#3205=EDGE_CURVE('',#2506,#2507,#958,.T.);
#3206=EDGE_CURVE('',#2507,#2504,#2005,.T.);
#3207=EDGE_CURVE('',#2508,#2506,#2006,.T.);
#3208=EDGE_CURVE('',#2508,#2509,#959,.T.);
#3209=EDGE_CURVE('',#2509,#2507,#2007,.T.);
#3210=EDGE_CURVE('',#2510,#2508,#2008,.T.);
#3211=EDGE_CURVE('',#2510,#2511,#960,.T.);
#3212=EDGE_CURVE('',#2511,#2509,#2009,.T.);
#3213=EDGE_CURVE('',#2503,#2510,#2010,.T.);
#3214=EDGE_CURVE('',#2505,#2511,#2011,.T.);
#3215=EDGE_CURVE('',#2512,#2513,#2012,.T.);
#3216=EDGE_CURVE('',#2512,#2514,#961,.T.);
#3217=EDGE_CURVE('',#2514,#2515,#2013,.T.);
#3218=EDGE_CURVE('',#2513,#2515,#962,.T.);
#3219=EDGE_CURVE('',#2516,#2512,#2014,.T.);
#3220=EDGE_CURVE('',#2516,#2517,#963,.T.);
#3221=EDGE_CURVE('',#2517,#2514,#2015,.T.);
#3222=EDGE_CURVE('',#2518,#2516,#2016,.T.);
#3223=EDGE_CURVE('',#2518,#2519,#964,.T.);
#3224=EDGE_CURVE('',#2519,#2517,#2017,.T.);
#3225=EDGE_CURVE('',#2520,#2518,#2018,.T.);
#3226=EDGE_CURVE('',#2520,#2521,#965,.T.);
#3227=EDGE_CURVE('',#2521,#2519,#2019,.T.);
#3228=EDGE_CURVE('',#2522,#2520,#2020,.T.);
#3229=EDGE_CURVE('',#2522,#2523,#966,.T.);
#3230=EDGE_CURVE('',#2523,#2521,#2021,.T.);
#3231=EDGE_CURVE('',#2524,#2522,#967,.T.);
#3232=EDGE_CURVE('',#2524,#2525,#968,.T.);
#3233=EDGE_CURVE('',#2525,#2523,#969,.T.);
#3234=EDGE_CURVE('',#2526,#2524,#970,.T.);
#3235=EDGE_CURVE('',#2526,#2527,#971,.T.);
#3236=EDGE_CURVE('',#2527,#2525,#972,.T.);
#3237=EDGE_CURVE('',#2528,#2526,#2022,.T.);
#3238=EDGE_CURVE('',#2528,#2529,#973,.T.);
#3239=EDGE_CURVE('',#2529,#2527,#2023,.T.);
#3240=EDGE_CURVE('',#2530,#2528,#2024,.T.);
#3241=EDGE_CURVE('',#2530,#2531,#974,.T.);
#3242=EDGE_CURVE('',#2531,#2529,#2025,.T.);
#3243=EDGE_CURVE('',#2532,#2530,#2026,.T.);
#3244=EDGE_CURVE('',#2532,#2533,#975,.T.);
#3245=EDGE_CURVE('',#2533,#2531,#2027,.T.);
#3246=EDGE_CURVE('',#2534,#2532,#2028,.T.);
#3247=EDGE_CURVE('',#2534,#2535,#976,.T.);
#3248=EDGE_CURVE('',#2535,#2533,#2029,.T.);
#3249=EDGE_CURVE('',#2536,#2534,#2030,.T.);
#3250=EDGE_CURVE('',#2536,#2537,#977,.T.);
#3251=EDGE_CURVE('',#2537,#2535,#2031,.T.);
#3252=EDGE_CURVE('',#2513,#2536,#2032,.T.);
#3253=EDGE_CURVE('',#2515,#2537,#2033,.T.);
#3254=EDGE_CURVE('',#2538,#2539,#2034,.T.);
#3255=EDGE_CURVE('',#2538,#2540,#978,.T.);
#3256=EDGE_CURVE('',#2540,#2541,#2035,.T.);
#3257=EDGE_CURVE('',#2539,#2541,#979,.T.);
#3258=EDGE_CURVE('',#2542,#2538,#2036,.T.);
#3259=EDGE_CURVE('',#2542,#2543,#980,.T.);
#3260=EDGE_CURVE('',#2543,#2540,#2037,.T.);
#3261=EDGE_CURVE('',#2544,#2542,#2038,.T.);
#3262=EDGE_CURVE('',#2544,#2545,#981,.T.);
#3263=EDGE_CURVE('',#2545,#2543,#2039,.T.);
#3264=EDGE_CURVE('',#2546,#2544,#2040,.T.);
#3265=EDGE_CURVE('',#2546,#2547,#982,.T.);
#3266=EDGE_CURVE('',#2547,#2545,#2041,.T.);
#3267=EDGE_CURVE('',#2539,#2546,#2042,.T.);
#3268=EDGE_CURVE('',#2541,#2547,#2043,.T.);
#3269=EDGE_CURVE('',#2548,#2549,#2044,.T.);
#3270=EDGE_CURVE('',#2548,#2550,#983,.T.);
#3271=EDGE_CURVE('',#2550,#2551,#2045,.T.);
#3272=EDGE_CURVE('',#2549,#2551,#984,.T.);
#3273=EDGE_CURVE('',#2552,#2548,#2046,.T.);
#3274=EDGE_CURVE('',#2552,#2553,#985,.T.);
#3275=EDGE_CURVE('',#2553,#2550,#2047,.T.);
#3276=EDGE_CURVE('',#2554,#2552,#2048,.T.);
#3277=EDGE_CURVE('',#2554,#2555,#986,.T.);
#3278=EDGE_CURVE('',#2555,#2553,#2049,.T.);
#3279=EDGE_CURVE('',#2556,#2554,#2050,.T.);
#3280=EDGE_CURVE('',#2556,#2557,#987,.T.);
#3281=EDGE_CURVE('',#2557,#2555,#2051,.T.);
#3282=EDGE_CURVE('',#2549,#2556,#2052,.T.);
#3283=EDGE_CURVE('',#2551,#2557,#2053,.T.);
#3284=EDGE_CURVE('',#2558,#2559,#2054,.T.);
#3285=EDGE_CURVE('',#2558,#2560,#988,.T.);
#3286=EDGE_CURVE('',#2560,#2561,#2055,.T.);
#3287=EDGE_CURVE('',#2559,#2561,#989,.T.);
#3288=EDGE_CURVE('',#2562,#2558,#2056,.T.);
#3289=EDGE_CURVE('',#2562,#2563,#990,.T.);
#3290=EDGE_CURVE('',#2563,#2560,#2057,.T.);
#3291=EDGE_CURVE('',#2564,#2562,#2058,.T.);
#3292=EDGE_CURVE('',#2564,#2565,#991,.T.);
#3293=EDGE_CURVE('',#2565,#2563,#2059,.T.);
#3294=EDGE_CURVE('',#2566,#2564,#2060,.T.);
#3295=EDGE_CURVE('',#2566,#2567,#992,.T.);
#3296=EDGE_CURVE('',#2567,#2565,#2061,.T.);
#3297=EDGE_CURVE('',#2568,#2566,#2062,.T.);
#3298=EDGE_CURVE('',#2568,#2569,#993,.T.);
#3299=EDGE_CURVE('',#2569,#2567,#2063,.T.);
#3300=EDGE_CURVE('',#2570,#2568,#2064,.T.);
#3301=EDGE_CURVE('',#2570,#2571,#994,.T.);
#3302=EDGE_CURVE('',#2571,#2569,#2065,.T.);
#3303=EDGE_CURVE('',#2572,#2570,#2066,.T.);
#3304=EDGE_CURVE('',#2572,#2573,#995,.T.);
#3305=EDGE_CURVE('',#2573,#2571,#2067,.T.);
#3306=EDGE_CURVE('',#2574,#2572,#996,.T.);
#3307=EDGE_CURVE('',#2574,#2575,#997,.T.);
#3308=EDGE_CURVE('',#2575,#2573,#998,.T.);
#3309=EDGE_CURVE('',#2576,#2574,#999,.T.);
#3310=EDGE_CURVE('',#2576,#2577,#1000,.T.);
#3311=EDGE_CURVE('',#2577,#2575,#1001,.T.);
#3312=EDGE_CURVE('',#2578,#2576,#2068,.T.);
#3313=EDGE_CURVE('',#2578,#2579,#1002,.T.);
#3314=EDGE_CURVE('',#2579,#2577,#2069,.T.);
#3315=EDGE_CURVE('',#2580,#2578,#2070,.T.);
#3316=EDGE_CURVE('',#2580,#2581,#1003,.T.);
#3317=EDGE_CURVE('',#2581,#2579,#2071,.T.);
#3318=EDGE_CURVE('',#2582,#2580,#2072,.T.);
#3319=EDGE_CURVE('',#2582,#2583,#1004,.T.);
#3320=EDGE_CURVE('',#2583,#2581,#2073,.T.);
#3321=EDGE_CURVE('',#2584,#2582,#2074,.T.);
#3322=EDGE_CURVE('',#2584,#2585,#1005,.T.);
#3323=EDGE_CURVE('',#2585,#2583,#2075,.T.);
#3324=EDGE_CURVE('',#2586,#2584,#1006,.T.);
#3325=EDGE_CURVE('',#2586,#2587,#1007,.T.);
#3326=EDGE_CURVE('',#2587,#2585,#1008,.T.);
#3327=EDGE_CURVE('',#2588,#2586,#1009,.T.);
#3328=EDGE_CURVE('',#2588,#2589,#1010,.T.);
#3329=EDGE_CURVE('',#2589,#2587,#1011,.T.);
#3330=EDGE_CURVE('',#2590,#2588,#2076,.T.);
#3331=EDGE_CURVE('',#2590,#2591,#1012,.T.);
#3332=EDGE_CURVE('',#2591,#2589,#2077,.T.);
#3333=EDGE_CURVE('',#2592,#2590,#2078,.T.);
#3334=EDGE_CURVE('',#2592,#2593,#1013,.T.);
#3335=EDGE_CURVE('',#2593,#2591,#2079,.T.);
#3336=EDGE_CURVE('',#2594,#2592,#1014,.T.);
#3337=EDGE_CURVE('',#2594,#2595,#1015,.T.);
#3338=EDGE_CURVE('',#2595,#2593,#1016,.T.);
#3339=EDGE_CURVE('',#2596,#2594,#1017,.T.);
#3340=EDGE_CURVE('',#2596,#2597,#1018,.T.);
#3341=EDGE_CURVE('',#2597,#2595,#1019,.T.);
#3342=EDGE_CURVE('',#2598,#2596,#1020,.T.);
#3343=EDGE_CURVE('',#2598,#2599,#1021,.T.);
#3344=EDGE_CURVE('',#2599,#2597,#1022,.T.);
#3345=EDGE_CURVE('',#2600,#2598,#2080,.T.);
#3346=EDGE_CURVE('',#2600,#2601,#1023,.T.);
#3347=EDGE_CURVE('',#2601,#2599,#2081,.T.);
#3348=EDGE_CURVE('',#2602,#2600,#2082,.T.);
#3349=EDGE_CURVE('',#2602,#2603,#1024,.T.);
#3350=EDGE_CURVE('',#2603,#2601,#2083,.T.);
#3351=EDGE_CURVE('',#2604,#2602,#2084,.T.);
#3352=EDGE_CURVE('',#2604,#2605,#1025,.T.);
#3353=EDGE_CURVE('',#2605,#2603,#2085,.T.);
#3354=EDGE_CURVE('',#2606,#2604,#2086,.T.);
#3355=EDGE_CURVE('',#2606,#2607,#1026,.T.);
#3356=EDGE_CURVE('',#2607,#2605,#2087,.T.);
#3357=EDGE_CURVE('',#2608,#2606,#2088,.T.);
#3358=EDGE_CURVE('',#2608,#2609,#1027,.T.);
#3359=EDGE_CURVE('',#2609,#2607,#2089,.T.);
#3360=EDGE_CURVE('',#2610,#2608,#2090,.T.);
#3361=EDGE_CURVE('',#2610,#2611,#1028,.T.);
#3362=EDGE_CURVE('',#2611,#2609,#2091,.T.);
#3363=EDGE_CURVE('',#2612,#2610,#2092,.T.);
#3364=EDGE_CURVE('',#2612,#2613,#1029,.T.);
#3365=EDGE_CURVE('',#2613,#2611,#2093,.T.);
#3366=EDGE_CURVE('',#2614,#2612,#2094,.T.);
#3367=EDGE_CURVE('',#2614,#2615,#1030,.T.);
#3368=EDGE_CURVE('',#2615,#2613,#2095,.T.);
#3369=EDGE_CURVE('',#2616,#2614,#2096,.T.);
#3370=EDGE_CURVE('',#2616,#2617,#1031,.T.);
#3371=EDGE_CURVE('',#2617,#2615,#2097,.T.);
#3372=EDGE_CURVE('',#2618,#2616,#2098,.T.);
#3373=EDGE_CURVE('',#2618,#2619,#1032,.T.);
#3374=EDGE_CURVE('',#2619,#2617,#2099,.T.);
#3375=EDGE_CURVE('',#2620,#2618,#2100,.T.);
#3376=EDGE_CURVE('',#2620,#2621,#1033,.T.);
#3377=EDGE_CURVE('',#2621,#2619,#2101,.T.);
#3378=EDGE_CURVE('',#2622,#2620,#2102,.T.);
#3379=EDGE_CURVE('',#2622,#2623,#1034,.T.);
#3380=EDGE_CURVE('',#2623,#2621,#2103,.T.);
#3381=EDGE_CURVE('',#2624,#2622,#2104,.T.);
#3382=EDGE_CURVE('',#2624,#2625,#1035,.T.);
#3383=EDGE_CURVE('',#2625,#2623,#2105,.T.);
#3384=EDGE_CURVE('',#2626,#2624,#2106,.T.);
#3385=EDGE_CURVE('',#2626,#2627,#1036,.T.);
#3386=EDGE_CURVE('',#2627,#2625,#2107,.T.);
#3387=EDGE_CURVE('',#2628,#2626,#2108,.T.);
#3388=EDGE_CURVE('',#2628,#2629,#1037,.T.);
#3389=EDGE_CURVE('',#2629,#2627,#2109,.T.);
#3390=EDGE_CURVE('',#2630,#2628,#2110,.T.);
#3391=EDGE_CURVE('',#2630,#2631,#1038,.T.);
#3392=EDGE_CURVE('',#2631,#2629,#2111,.T.);
#3393=EDGE_CURVE('',#2632,#2630,#2112,.T.);
#3394=EDGE_CURVE('',#2632,#2633,#1039,.T.);
#3395=EDGE_CURVE('',#2633,#2631,#2113,.T.);
#3396=EDGE_CURVE('',#2634,#2632,#2114,.T.);
#3397=EDGE_CURVE('',#2634,#2635,#1040,.T.);
#3398=EDGE_CURVE('',#2635,#2633,#2115,.T.);
#3399=EDGE_CURVE('',#2636,#2634,#2116,.T.);
#3400=EDGE_CURVE('',#2636,#2637,#1041,.T.);
#3401=EDGE_CURVE('',#2637,#2635,#2117,.T.);
#3402=EDGE_CURVE('',#2638,#2636,#2118,.T.);
#3403=EDGE_CURVE('',#2638,#2639,#1042,.T.);
#3404=EDGE_CURVE('',#2639,#2637,#2119,.T.);
#3405=EDGE_CURVE('',#2640,#2638,#2120,.T.);
#3406=EDGE_CURVE('',#2640,#2641,#1043,.T.);
#3407=EDGE_CURVE('',#2641,#2639,#2121,.T.);
#3408=EDGE_CURVE('',#2642,#2640,#1044,.T.);
#3409=EDGE_CURVE('',#2642,#2643,#1045,.T.);
#3410=EDGE_CURVE('',#2643,#2641,#1046,.T.);
#3411=EDGE_CURVE('',#2644,#2642,#1047,.T.);
#3412=EDGE_CURVE('',#2644,#2645,#1048,.T.);
#3413=EDGE_CURVE('',#2645,#2643,#1049,.T.);
#3414=EDGE_CURVE('',#2646,#2644,#2122,.T.);
#3415=EDGE_CURVE('',#2646,#2647,#1050,.T.);
#3416=EDGE_CURVE('',#2647,#2645,#2123,.T.);
#3417=EDGE_CURVE('',#2648,#2646,#2124,.T.);
#3418=EDGE_CURVE('',#2648,#2649,#1051,.T.);
#3419=EDGE_CURVE('',#2649,#2647,#2125,.T.);
#3420=EDGE_CURVE('',#2650,#2648,#2126,.T.);
#3421=EDGE_CURVE('',#2650,#2651,#1052,.T.);
#3422=EDGE_CURVE('',#2651,#2649,#2127,.T.);
#3423=EDGE_CURVE('',#2652,#2650,#2128,.T.);
#3424=EDGE_CURVE('',#2652,#2653,#1053,.T.);
#3425=EDGE_CURVE('',#2653,#2651,#2129,.T.);
#3426=EDGE_CURVE('',#2654,#2652,#1054,.T.);
#3427=EDGE_CURVE('',#2654,#2655,#1055,.T.);
#3428=EDGE_CURVE('',#2655,#2653,#1056,.T.);
#3429=EDGE_CURVE('',#2656,#2654,#1057,.T.);
#3430=EDGE_CURVE('',#2656,#2657,#1058,.T.);
#3431=EDGE_CURVE('',#2657,#2655,#1059,.T.);
#3432=EDGE_CURVE('',#2658,#2656,#2130,.T.);
#3433=EDGE_CURVE('',#2658,#2659,#1060,.T.);
#3434=EDGE_CURVE('',#2659,#2657,#2131,.T.);
#3435=EDGE_CURVE('',#2660,#2658,#2132,.T.);
#3436=EDGE_CURVE('',#2660,#2661,#1061,.T.);
#3437=EDGE_CURVE('',#2661,#2659,#2133,.T.);
#3438=EDGE_CURVE('',#2662,#2660,#2134,.T.);
#3439=EDGE_CURVE('',#2662,#2663,#1062,.T.);
#3440=EDGE_CURVE('',#2663,#2661,#2135,.T.);
#3441=EDGE_CURVE('',#2664,#2662,#2136,.T.);
#3442=EDGE_CURVE('',#2664,#2665,#1063,.T.);
#3443=EDGE_CURVE('',#2665,#2663,#2137,.T.);
#3444=EDGE_CURVE('',#2666,#2664,#2138,.T.);
#3445=EDGE_CURVE('',#2666,#2667,#1064,.T.);
#3446=EDGE_CURVE('',#2667,#2665,#2139,.T.);
#3447=EDGE_CURVE('',#2668,#2666,#2140,.T.);
#3448=EDGE_CURVE('',#2668,#2669,#1065,.T.);
#3449=EDGE_CURVE('',#2669,#2667,#2141,.T.);
#3450=EDGE_CURVE('',#2670,#2668,#2142,.T.);
#3451=EDGE_CURVE('',#2670,#2671,#1066,.T.);
#3452=EDGE_CURVE('',#2671,#2669,#2143,.T.);
#3453=EDGE_CURVE('',#2672,#2670,#2144,.T.);
#3454=EDGE_CURVE('',#2672,#2673,#1067,.T.);
#3455=EDGE_CURVE('',#2673,#2671,#2145,.T.);
#3456=EDGE_CURVE('',#2674,#2672,#2146,.T.);
#3457=EDGE_CURVE('',#2674,#2675,#1068,.T.);
#3458=EDGE_CURVE('',#2675,#2673,#2147,.T.);
#3459=EDGE_CURVE('',#2676,#2674,#2148,.T.);
#3460=EDGE_CURVE('',#2676,#2677,#1069,.T.);
#3461=EDGE_CURVE('',#2677,#2675,#2149,.T.);
#3462=EDGE_CURVE('',#2678,#2676,#2150,.T.);
#3463=EDGE_CURVE('',#2678,#2679,#1070,.T.);
#3464=EDGE_CURVE('',#2679,#2677,#2151,.T.);
#3465=EDGE_CURVE('',#2680,#2678,#2152,.T.);
#3466=EDGE_CURVE('',#2680,#2681,#1071,.T.);
#3467=EDGE_CURVE('',#2681,#2679,#2153,.T.);
#3468=EDGE_CURVE('',#2682,#2680,#2154,.T.);
#3469=EDGE_CURVE('',#2682,#2683,#1072,.T.);
#3470=EDGE_CURVE('',#2683,#2681,#2155,.T.);
#3471=EDGE_CURVE('',#2684,#2682,#2156,.T.);
#3472=EDGE_CURVE('',#2684,#2685,#1073,.T.);
#3473=EDGE_CURVE('',#2685,#2683,#2157,.T.);
#3474=EDGE_CURVE('',#2686,#2684,#2158,.T.);
#3475=EDGE_CURVE('',#2686,#2687,#1074,.T.);
#3476=EDGE_CURVE('',#2687,#2685,#2159,.T.);
#3477=EDGE_CURVE('',#2688,#2686,#2160,.T.);
#3478=EDGE_CURVE('',#2688,#2689,#1075,.T.);
#3479=EDGE_CURVE('',#2689,#2687,#2161,.T.);
#3480=EDGE_CURVE('',#2690,#2688,#2162,.T.);
#3481=EDGE_CURVE('',#2690,#2691,#1076,.T.);
#3482=EDGE_CURVE('',#2691,#2689,#2163,.T.);
#3483=EDGE_CURVE('',#2692,#2690,#2164,.T.);
#3484=EDGE_CURVE('',#2692,#2693,#1077,.T.);
#3485=EDGE_CURVE('',#2693,#2691,#2165,.T.);
#3486=EDGE_CURVE('',#2694,#2692,#1078,.T.);
#3487=EDGE_CURVE('',#2694,#2695,#1079,.T.);
#3488=EDGE_CURVE('',#2695,#2693,#1080,.T.);
#3489=EDGE_CURVE('',#2696,#2694,#1081,.T.);
#3490=EDGE_CURVE('',#2696,#2697,#1082,.T.);
#3491=EDGE_CURVE('',#2697,#2695,#1083,.T.);
#3492=EDGE_CURVE('',#2698,#2696,#2166,.T.);
#3493=EDGE_CURVE('',#2698,#2699,#1084,.T.);
#3494=EDGE_CURVE('',#2699,#2697,#2167,.T.);
#3495=EDGE_CURVE('',#2700,#2698,#2168,.T.);
#3496=EDGE_CURVE('',#2700,#2701,#1085,.T.);
#3497=EDGE_CURVE('',#2701,#2699,#2169,.T.);
#3498=EDGE_CURVE('',#2702,#2700,#2170,.T.);
#3499=EDGE_CURVE('',#2702,#2703,#1086,.T.);
#3500=EDGE_CURVE('',#2703,#2701,#2171,.T.);
#3501=EDGE_CURVE('',#2704,#2702,#2172,.T.);
#3502=EDGE_CURVE('',#2704,#2705,#1087,.T.);
#3503=EDGE_CURVE('',#2705,#2703,#2173,.T.);
#3504=EDGE_CURVE('',#2706,#2704,#2174,.T.);
#3505=EDGE_CURVE('',#2706,#2707,#1088,.T.);
#3506=EDGE_CURVE('',#2707,#2705,#2175,.T.);
#3507=EDGE_CURVE('',#2708,#2706,#2176,.T.);
#3508=EDGE_CURVE('',#2708,#2709,#1089,.T.);
#3509=EDGE_CURVE('',#2709,#2707,#2177,.T.);
#3510=EDGE_CURVE('',#2710,#2708,#1090,.T.);
#3511=EDGE_CURVE('',#2710,#2711,#1091,.T.);
#3512=EDGE_CURVE('',#2711,#2709,#1092,.T.);
#3513=EDGE_CURVE('',#2712,#2710,#1093,.T.);
#3514=EDGE_CURVE('',#2712,#2713,#1094,.T.);
#3515=EDGE_CURVE('',#2713,#2711,#1095,.T.);
#3516=EDGE_CURVE('',#2714,#2712,#2178,.T.);
#3517=EDGE_CURVE('',#2714,#2715,#1096,.T.);
#3518=EDGE_CURVE('',#2715,#2713,#2179,.T.);
#3519=EDGE_CURVE('',#2716,#2714,#2180,.T.);
#3520=EDGE_CURVE('',#2716,#2717,#1097,.T.);
#3521=EDGE_CURVE('',#2717,#2715,#2181,.T.);
#3522=EDGE_CURVE('',#2718,#2716,#2182,.T.);
#3523=EDGE_CURVE('',#2718,#2719,#1098,.T.);
#3524=EDGE_CURVE('',#2719,#2717,#2183,.T.);
#3525=EDGE_CURVE('',#2720,#2718,#2184,.T.);
#3526=EDGE_CURVE('',#2720,#2721,#1099,.T.);
#3527=EDGE_CURVE('',#2721,#2719,#2185,.T.);
#3528=EDGE_CURVE('',#2722,#2720,#1100,.T.);
#3529=EDGE_CURVE('',#2722,#2723,#1101,.T.);
#3530=EDGE_CURVE('',#2723,#2721,#1102,.T.);
#3531=EDGE_CURVE('',#2724,#2722,#1103,.T.);
#3532=EDGE_CURVE('',#2724,#2725,#1104,.T.);
#3533=EDGE_CURVE('',#2725,#2723,#1105,.T.);
#3534=EDGE_CURVE('',#2726,#2724,#2186,.T.);
#3535=EDGE_CURVE('',#2726,#2727,#1106,.T.);
#3536=EDGE_CURVE('',#2727,#2725,#2187,.T.);
#3537=EDGE_CURVE('',#2728,#2726,#2188,.T.);
#3538=EDGE_CURVE('',#2728,#2729,#1107,.T.);
#3539=EDGE_CURVE('',#2729,#2727,#2189,.T.);
#3540=EDGE_CURVE('',#2730,#2728,#2190,.T.);
#3541=EDGE_CURVE('',#2730,#2731,#1108,.T.);
#3542=EDGE_CURVE('',#2731,#2729,#2191,.T.);
#3543=EDGE_CURVE('',#2732,#2730,#2192,.T.);
#3544=EDGE_CURVE('',#2732,#2733,#1109,.T.);
#3545=EDGE_CURVE('',#2733,#2731,#2193,.T.);
#3546=EDGE_CURVE('',#2734,#2732,#2194,.T.);
#3547=EDGE_CURVE('',#2734,#2735,#1110,.T.);
#3548=EDGE_CURVE('',#2735,#2733,#2195,.T.);
#3549=EDGE_CURVE('',#2736,#2734,#1111,.T.);
#3550=EDGE_CURVE('',#2736,#2737,#1112,.T.);
#3551=EDGE_CURVE('',#2737,#2735,#1113,.T.);
#3552=EDGE_CURVE('',#2738,#2736,#1114,.T.);
#3553=EDGE_CURVE('',#2738,#2739,#1115,.T.);
#3554=EDGE_CURVE('',#2739,#2737,#1116,.T.);
#3555=EDGE_CURVE('',#2740,#2738,#2196,.T.);
#3556=EDGE_CURVE('',#2740,#2741,#1117,.T.);
#3557=EDGE_CURVE('',#2741,#2739,#2197,.T.);
#3558=EDGE_CURVE('',#2742,#2740,#2198,.T.);
#3559=EDGE_CURVE('',#2742,#2743,#1118,.T.);
#3560=EDGE_CURVE('',#2743,#2741,#2199,.T.);
#3561=EDGE_CURVE('',#2744,#2742,#2200,.T.);
#3562=EDGE_CURVE('',#2744,#2745,#1119,.T.);
#3563=EDGE_CURVE('',#2745,#2743,#2201,.T.);
#3564=EDGE_CURVE('',#2746,#2744,#2202,.T.);
#3565=EDGE_CURVE('',#2746,#2747,#1120,.T.);
#3566=EDGE_CURVE('',#2747,#2745,#2203,.T.);
#3567=EDGE_CURVE('',#2748,#2746,#1121,.T.);
#3568=EDGE_CURVE('',#2748,#2749,#1122,.T.);
#3569=EDGE_CURVE('',#2749,#2747,#1123,.T.);
#3570=EDGE_CURVE('',#2750,#2748,#1124,.T.);
#3571=EDGE_CURVE('',#2750,#2751,#1125,.T.);
#3572=EDGE_CURVE('',#2751,#2749,#1126,.T.);
#3573=EDGE_CURVE('',#2752,#2750,#2204,.T.);
#3574=EDGE_CURVE('',#2752,#2753,#1127,.T.);
#3575=EDGE_CURVE('',#2753,#2751,#2205,.T.);
#3576=EDGE_CURVE('',#2754,#2752,#2206,.T.);
#3577=EDGE_CURVE('',#2754,#2755,#1128,.T.);
#3578=EDGE_CURVE('',#2755,#2753,#2207,.T.);
#3579=EDGE_CURVE('',#2756,#2754,#2208,.T.);
#3580=EDGE_CURVE('',#2756,#2757,#1129,.T.);
#3581=EDGE_CURVE('',#2757,#2755,#2209,.T.);
#3582=EDGE_CURVE('',#2758,#2756,#2210,.T.);
#3583=EDGE_CURVE('',#2758,#2759,#1130,.T.);
#3584=EDGE_CURVE('',#2759,#2757,#2211,.T.);
#3585=EDGE_CURVE('',#2760,#2758,#2212,.T.);
#3586=EDGE_CURVE('',#2760,#2761,#1131,.T.);
#3587=EDGE_CURVE('',#2761,#2759,#2213,.T.);
#3588=EDGE_CURVE('',#2762,#2760,#2214,.T.);
#3589=EDGE_CURVE('',#2762,#2763,#1132,.T.);
#3590=EDGE_CURVE('',#2763,#2761,#2215,.T.);
#3591=EDGE_CURVE('',#2764,#2762,#2216,.T.);
#3592=EDGE_CURVE('',#2764,#2765,#1133,.T.);
#3593=EDGE_CURVE('',#2765,#2763,#2217,.T.);
#3594=EDGE_CURVE('',#2766,#2764,#2218,.T.);
#3595=EDGE_CURVE('',#2766,#2767,#1134,.T.);
#3596=EDGE_CURVE('',#2767,#2765,#2219,.T.);
#3597=EDGE_CURVE('',#2768,#2766,#2220,.T.);
#3598=EDGE_CURVE('',#2768,#2769,#1135,.T.);
#3599=EDGE_CURVE('',#2769,#2767,#2221,.T.);
#3600=EDGE_CURVE('',#2770,#2768,#2222,.T.);
#3601=EDGE_CURVE('',#2770,#2771,#1136,.T.);
#3602=EDGE_CURVE('',#2771,#2769,#2223,.T.);
#3603=EDGE_CURVE('',#2772,#2770,#2224,.T.);
#3604=EDGE_CURVE('',#2772,#2773,#1137,.T.);
#3605=EDGE_CURVE('',#2773,#2771,#2225,.T.);
#3606=EDGE_CURVE('',#2774,#2772,#2226,.T.);
#3607=EDGE_CURVE('',#2774,#2775,#1138,.T.);
#3608=EDGE_CURVE('',#2775,#2773,#2227,.T.);
#3609=EDGE_CURVE('',#2776,#2774,#2228,.T.);
#3610=EDGE_CURVE('',#2776,#2777,#1139,.T.);
#3611=EDGE_CURVE('',#2777,#2775,#2229,.T.);
#3612=EDGE_CURVE('',#2778,#2776,#2230,.T.);
#3613=EDGE_CURVE('',#2778,#2779,#1140,.T.);
#3614=EDGE_CURVE('',#2779,#2777,#2231,.T.);
#3615=EDGE_CURVE('',#2780,#2778,#2232,.T.);
#3616=EDGE_CURVE('',#2780,#2781,#1141,.T.);
#3617=EDGE_CURVE('',#2781,#2779,#2233,.T.);
#3618=EDGE_CURVE('',#2782,#2780,#2234,.T.);
#3619=EDGE_CURVE('',#2782,#2783,#1142,.T.);
#3620=EDGE_CURVE('',#2783,#2781,#2235,.T.);
#3621=EDGE_CURVE('',#2784,#2782,#2236,.T.);
#3622=EDGE_CURVE('',#2784,#2785,#1143,.T.);
#3623=EDGE_CURVE('',#2785,#2783,#2237,.T.);
#3624=EDGE_CURVE('',#2786,#2784,#2238,.T.);
#3625=EDGE_CURVE('',#2786,#2787,#1144,.T.);
#3626=EDGE_CURVE('',#2787,#2785,#2239,.T.);
#3627=EDGE_CURVE('',#2788,#2786,#2240,.T.);
#3628=EDGE_CURVE('',#2788,#2789,#1145,.T.);
#3629=EDGE_CURVE('',#2789,#2787,#2241,.T.);
#3630=EDGE_CURVE('',#2790,#2788,#2242,.T.);
#3631=EDGE_CURVE('',#2790,#2791,#1146,.T.);
#3632=EDGE_CURVE('',#2791,#2789,#2243,.T.);
#3633=EDGE_CURVE('',#2792,#2790,#2244,.T.);
#3634=EDGE_CURVE('',#2792,#2793,#1147,.T.);
#3635=EDGE_CURVE('',#2793,#2791,#2245,.T.);
#3636=EDGE_CURVE('',#2794,#2792,#1148,.T.);
#3637=EDGE_CURVE('',#2794,#2795,#1149,.T.);
#3638=EDGE_CURVE('',#2795,#2793,#1150,.T.);
#3639=EDGE_CURVE('',#2796,#2794,#1151,.T.);
#3640=EDGE_CURVE('',#2796,#2797,#1152,.T.);
#3641=EDGE_CURVE('',#2797,#2795,#1153,.T.);
#3642=EDGE_CURVE('',#2798,#2796,#2246,.T.);
#3643=EDGE_CURVE('',#2798,#2799,#1154,.T.);
#3644=EDGE_CURVE('',#2799,#2797,#2247,.T.);
#3645=EDGE_CURVE('',#2800,#2798,#2248,.T.);
#3646=EDGE_CURVE('',#2800,#2801,#1155,.T.);
#3647=EDGE_CURVE('',#2801,#2799,#2249,.T.);
#3648=EDGE_CURVE('',#2802,#2800,#2250,.T.);
#3649=EDGE_CURVE('',#2802,#2803,#1156,.T.);
#3650=EDGE_CURVE('',#2803,#2801,#2251,.T.);
#3651=EDGE_CURVE('',#2804,#2802,#2252,.T.);
#3652=EDGE_CURVE('',#2804,#2805,#1157,.T.);
#3653=EDGE_CURVE('',#2805,#2803,#2253,.T.);
#3654=EDGE_CURVE('',#2806,#2804,#2254,.T.);
#3655=EDGE_CURVE('',#2806,#2807,#1158,.T.);
#3656=EDGE_CURVE('',#2807,#2805,#2255,.T.);
#3657=EDGE_CURVE('',#2808,#2806,#2256,.T.);
#3658=EDGE_CURVE('',#2808,#2809,#1159,.T.);
#3659=EDGE_CURVE('',#2809,#2807,#2257,.T.);
#3660=EDGE_CURVE('',#2810,#2808,#1160,.T.);
#3661=EDGE_CURVE('',#2810,#2811,#1161,.T.);
#3662=EDGE_CURVE('',#2811,#2809,#1162,.T.);
#3663=EDGE_CURVE('',#2812,#2810,#1163,.T.);
#3664=EDGE_CURVE('',#2812,#2813,#1164,.T.);
#3665=EDGE_CURVE('',#2813,#2811,#1165,.T.);
#3666=EDGE_CURVE('',#2814,#2812,#2258,.T.);
#3667=EDGE_CURVE('',#2814,#2815,#1166,.T.);
#3668=EDGE_CURVE('',#2815,#2813,#2259,.T.);
#3669=EDGE_CURVE('',#2816,#2814,#2260,.T.);
#3670=EDGE_CURVE('',#2816,#2817,#1167,.T.);
#3671=EDGE_CURVE('',#2817,#2815,#2261,.T.);
#3672=EDGE_CURVE('',#2818,#2816,#2262,.T.);
#3673=EDGE_CURVE('',#2818,#2819,#1168,.T.);
#3674=EDGE_CURVE('',#2819,#2817,#2263,.T.);
#3675=EDGE_CURVE('',#2820,#2818,#2264,.T.);
#3676=EDGE_CURVE('',#2820,#2821,#1169,.T.);
#3677=EDGE_CURVE('',#2821,#2819,#2265,.T.);
#3678=EDGE_CURVE('',#2822,#2820,#2266,.T.);
#3679=EDGE_CURVE('',#2822,#2823,#1170,.T.);
#3680=EDGE_CURVE('',#2823,#2821,#2267,.T.);
#3681=EDGE_CURVE('',#2824,#2822,#2268,.T.);
#3682=EDGE_CURVE('',#2824,#2825,#1171,.T.);
#3683=EDGE_CURVE('',#2825,#2823,#2269,.T.);
#3684=EDGE_CURVE('',#2826,#2824,#2270,.T.);
#3685=EDGE_CURVE('',#2826,#2827,#1172,.T.);
#3686=EDGE_CURVE('',#2827,#2825,#2271,.T.);
#3687=EDGE_CURVE('',#2828,#2826,#2272,.T.);
#3688=EDGE_CURVE('',#2828,#2829,#1173,.T.);
#3689=EDGE_CURVE('',#2829,#2827,#2273,.T.);
#3690=EDGE_CURVE('',#2830,#2828,#2274,.T.);
#3691=EDGE_CURVE('',#2830,#2831,#1174,.T.);
#3692=EDGE_CURVE('',#2831,#2829,#2275,.T.);
#3693=EDGE_CURVE('',#2832,#2830,#2276,.T.);
#3694=EDGE_CURVE('',#2832,#2833,#1175,.T.);
#3695=EDGE_CURVE('',#2833,#2831,#2277,.T.);
#3696=EDGE_CURVE('',#2834,#2832,#2278,.T.);
#3697=EDGE_CURVE('',#2834,#2835,#1176,.T.);
#3698=EDGE_CURVE('',#2835,#2833,#2279,.T.);
#3699=EDGE_CURVE('',#2836,#2834,#2280,.T.);
#3700=EDGE_CURVE('',#2836,#2837,#1177,.T.);
#3701=EDGE_CURVE('',#2837,#2835,#2281,.T.);
#3702=EDGE_CURVE('',#2838,#2836,#1178,.T.);
#3703=EDGE_CURVE('',#2838,#2839,#1179,.T.);
#3704=EDGE_CURVE('',#2839,#2837,#1180,.T.);
#3705=EDGE_CURVE('',#2840,#2838,#1181,.T.);
#3706=EDGE_CURVE('',#2840,#2841,#1182,.T.);
#3707=EDGE_CURVE('',#2841,#2839,#1183,.T.);
#3708=EDGE_CURVE('',#2842,#2840,#2282,.T.);
#3709=EDGE_CURVE('',#2842,#2843,#1184,.T.);
#3710=EDGE_CURVE('',#2843,#2841,#2283,.T.);
#3711=EDGE_CURVE('',#2844,#2842,#2284,.T.);
#3712=EDGE_CURVE('',#2844,#2845,#1185,.T.);
#3713=EDGE_CURVE('',#2845,#2843,#2285,.T.);
#3714=EDGE_CURVE('',#2846,#2844,#2286,.T.);
#3715=EDGE_CURVE('',#2846,#2847,#1186,.T.);
#3716=EDGE_CURVE('',#2847,#2845,#2287,.T.);
#3717=EDGE_CURVE('',#2848,#2846,#2288,.T.);
#3718=EDGE_CURVE('',#2848,#2849,#1187,.T.);
#3719=EDGE_CURVE('',#2849,#2847,#2289,.T.);
#3720=EDGE_CURVE('',#2850,#2848,#2290,.T.);
#3721=EDGE_CURVE('',#2850,#2851,#1188,.T.);
#3722=EDGE_CURVE('',#2851,#2849,#2291,.T.);
#3723=EDGE_CURVE('',#2852,#2850,#2292,.T.);
#3724=EDGE_CURVE('',#2852,#2853,#1189,.T.);
#3725=EDGE_CURVE('',#2853,#2851,#2293,.T.);
#3726=EDGE_CURVE('',#2854,#2852,#2294,.T.);
#3727=EDGE_CURVE('',#2854,#2855,#1190,.T.);
#3728=EDGE_CURVE('',#2855,#2853,#2295,.T.);
#3729=EDGE_CURVE('',#2856,#2854,#2296,.T.);
#3730=EDGE_CURVE('',#2856,#2857,#1191,.T.);
#3731=EDGE_CURVE('',#2857,#2855,#2297,.T.);
#3732=EDGE_CURVE('',#2858,#2856,#2298,.T.);
#3733=EDGE_CURVE('',#2858,#2859,#1192,.T.);
#3734=EDGE_CURVE('',#2859,#2857,#2299,.T.);
#3735=EDGE_CURVE('',#2860,#2858,#2300,.T.);
#3736=EDGE_CURVE('',#2860,#2861,#1193,.T.);
#3737=EDGE_CURVE('',#2861,#2859,#2301,.T.);
#3738=EDGE_CURVE('',#2862,#2860,#2302,.T.);
#3739=EDGE_CURVE('',#2862,#2863,#1194,.T.);
#3740=EDGE_CURVE('',#2863,#2861,#2303,.T.);
#3741=EDGE_CURVE('',#2864,#2862,#1195,.T.);
#3742=EDGE_CURVE('',#2864,#2865,#1196,.T.);
#3743=EDGE_CURVE('',#2865,#2863,#1197,.T.);
#3744=EDGE_CURVE('',#2866,#2864,#1198,.T.);
#3745=EDGE_CURVE('',#2866,#2867,#1199,.T.);
#3746=EDGE_CURVE('',#2867,#2865,#1200,.T.);
#3747=EDGE_CURVE('',#2868,#2866,#2304,.T.);
#3748=EDGE_CURVE('',#2868,#2869,#1201,.T.);
#3749=EDGE_CURVE('',#2869,#2867,#2305,.T.);
#3750=EDGE_CURVE('',#2870,#2868,#2306,.T.);
#3751=EDGE_CURVE('',#2870,#2871,#1202,.T.);
#3752=EDGE_CURVE('',#2871,#2869,#2307,.T.);
#3753=EDGE_CURVE('',#2872,#2870,#2308,.T.);
#3754=EDGE_CURVE('',#2872,#2873,#1203,.T.);
#3755=EDGE_CURVE('',#2873,#2871,#2309,.T.);
#3756=EDGE_CURVE('',#2874,#2872,#2310,.T.);
#3757=EDGE_CURVE('',#2874,#2875,#1204,.T.);
#3758=EDGE_CURVE('',#2875,#2873,#2311,.T.);
#3759=EDGE_CURVE('',#2876,#2874,#2312,.T.);
#3760=EDGE_CURVE('',#2876,#2877,#1205,.T.);
#3761=EDGE_CURVE('',#2877,#2875,#2313,.T.);
#3762=EDGE_CURVE('',#2878,#2876,#2314,.T.);
#3763=EDGE_CURVE('',#2878,#2879,#1206,.T.);
#3764=EDGE_CURVE('',#2879,#2877,#2315,.T.);
#3765=EDGE_CURVE('',#2880,#2878,#2316,.T.);
#3766=EDGE_CURVE('',#2880,#2881,#1207,.T.);
#3767=EDGE_CURVE('',#2881,#2879,#2317,.T.);
#3768=EDGE_CURVE('',#2882,#2880,#2318,.T.);
#3769=EDGE_CURVE('',#2882,#2883,#1208,.T.);
#3770=EDGE_CURVE('',#2883,#2881,#2319,.T.);
#3771=EDGE_CURVE('',#2884,#2882,#1209,.T.);
#3772=EDGE_CURVE('',#2884,#2885,#1210,.T.);
#3773=EDGE_CURVE('',#2885,#2883,#1211,.T.);
#3774=EDGE_CURVE('',#2886,#2884,#1212,.T.);
#3775=EDGE_CURVE('',#2886,#2887,#1213,.T.);
#3776=EDGE_CURVE('',#2887,#2885,#1214,.T.);
#3777=EDGE_CURVE('',#2888,#2886,#2320,.T.);
#3778=EDGE_CURVE('',#2888,#2889,#1215,.T.);
#3779=EDGE_CURVE('',#2889,#2887,#2321,.T.);
#3780=EDGE_CURVE('',#2890,#2888,#2322,.T.);
#3781=EDGE_CURVE('',#2890,#2891,#1216,.T.);
#3782=EDGE_CURVE('',#2891,#2889,#2323,.T.);
#3783=EDGE_CURVE('',#2892,#2890,#2324,.T.);
#3784=EDGE_CURVE('',#2892,#2893,#1217,.T.);
#3785=EDGE_CURVE('',#2893,#2891,#2325,.T.);
#3786=EDGE_CURVE('',#2894,#2892,#2326,.T.);
#3787=EDGE_CURVE('',#2894,#2895,#1218,.T.);
#3788=EDGE_CURVE('',#2895,#2893,#2327,.T.);
#3789=EDGE_CURVE('',#2896,#2894,#2328,.T.);
#3790=EDGE_CURVE('',#2896,#2897,#1219,.T.);
#3791=EDGE_CURVE('',#2897,#2895,#2329,.T.);
#3792=EDGE_CURVE('',#2898,#2896,#2330,.T.);
#3793=EDGE_CURVE('',#2898,#2899,#1220,.T.);
#3794=EDGE_CURVE('',#2899,#2897,#2331,.T.);
#3795=EDGE_CURVE('',#2900,#2898,#1221,.T.);
#3796=EDGE_CURVE('',#2900,#2901,#1222,.T.);
#3797=EDGE_CURVE('',#2901,#2899,#1223,.T.);
#3798=EDGE_CURVE('',#2902,#2900,#1224,.T.);
#3799=EDGE_CURVE('',#2902,#2903,#1225,.T.);
#3800=EDGE_CURVE('',#2903,#2901,#1226,.T.);
#3801=EDGE_CURVE('',#2904,#2902,#2332,.T.);
#3802=EDGE_CURVE('',#2904,#2905,#1227,.T.);
#3803=EDGE_CURVE('',#2905,#2903,#2333,.T.);
#3804=EDGE_CURVE('',#2906,#2904,#2334,.T.);
#3805=EDGE_CURVE('',#2906,#2907,#1228,.T.);
#3806=EDGE_CURVE('',#2907,#2905,#2335,.T.);
#3807=EDGE_CURVE('',#2908,#2906,#2336,.T.);
#3808=EDGE_CURVE('',#2908,#2909,#1229,.T.);
#3809=EDGE_CURVE('',#2909,#2907,#2337,.T.);
#3810=EDGE_CURVE('',#2910,#2908,#2338,.T.);
#3811=EDGE_CURVE('',#2910,#2911,#1230,.T.);
#3812=EDGE_CURVE('',#2911,#2909,#2339,.T.);
#3813=EDGE_CURVE('',#2912,#2910,#1231,.T.);
#3814=EDGE_CURVE('',#2912,#2913,#1232,.T.);
#3815=EDGE_CURVE('',#2913,#2911,#1233,.T.);
#3816=EDGE_CURVE('',#2914,#2912,#1234,.T.);
#3817=EDGE_CURVE('',#2914,#2915,#1235,.T.);
#3818=EDGE_CURVE('',#2915,#2913,#1236,.T.);
#3819=EDGE_CURVE('',#2916,#2914,#2340,.T.);
#3820=EDGE_CURVE('',#2916,#2917,#1237,.T.);
#3821=EDGE_CURVE('',#2917,#2915,#2341,.T.);
#3822=EDGE_CURVE('',#2918,#2916,#2342,.T.);
#3823=EDGE_CURVE('',#2918,#2919,#1238,.T.);
#3824=EDGE_CURVE('',#2919,#2917,#2343,.T.);
#3825=EDGE_CURVE('',#2920,#2918,#2344,.T.);
#3826=EDGE_CURVE('',#2920,#2921,#1239,.T.);
#3827=EDGE_CURVE('',#2921,#2919,#2345,.T.);
#3828=EDGE_CURVE('',#2922,#2920,#2346,.T.);
#3829=EDGE_CURVE('',#2922,#2923,#1240,.T.);
#3830=EDGE_CURVE('',#2923,#2921,#2347,.T.);
#3831=EDGE_CURVE('',#2924,#2922,#2348,.T.);
#3832=EDGE_CURVE('',#2924,#2925,#1241,.T.);
#3833=EDGE_CURVE('',#2925,#2923,#2349,.T.);
#3834=EDGE_CURVE('',#2926,#2924,#2350,.T.);
#3835=EDGE_CURVE('',#2926,#2927,#1242,.T.);
#3836=EDGE_CURVE('',#2927,#2925,#2351,.T.);
#3837=EDGE_CURVE('',#2928,#2926,#2352,.T.);
#3838=EDGE_CURVE('',#2928,#2929,#1243,.T.);
#3839=EDGE_CURVE('',#2929,#2927,#2353,.T.);
#3840=EDGE_CURVE('',#2930,#2928,#2354,.T.);
#3841=EDGE_CURVE('',#2930,#2931,#1244,.T.);
#3842=EDGE_CURVE('',#2931,#2929,#2355,.T.);
#3843=EDGE_CURVE('',#2932,#2930,#2356,.T.);
#3844=EDGE_CURVE('',#2932,#2933,#1245,.T.);
#3845=EDGE_CURVE('',#2933,#2931,#2357,.T.);
#3846=EDGE_CURVE('',#2934,#2932,#1246,.T.);
#3847=EDGE_CURVE('',#2934,#2935,#1247,.T.);
#3848=EDGE_CURVE('',#2935,#2933,#1248,.T.);
#3849=EDGE_CURVE('',#2936,#2934,#1249,.T.);
#3850=EDGE_CURVE('',#2936,#2937,#1250,.T.);
#3851=EDGE_CURVE('',#2937,#2935,#1251,.T.);
#3852=EDGE_CURVE('',#2938,#2936,#2358,.T.);
#3853=EDGE_CURVE('',#2938,#2939,#1252,.T.);
#3854=EDGE_CURVE('',#2939,#2937,#2359,.T.);
#3855=EDGE_CURVE('',#2940,#2938,#2360,.T.);
#3856=EDGE_CURVE('',#2940,#2941,#1253,.T.);
#3857=EDGE_CURVE('',#2941,#2939,#2361,.T.);
#3858=EDGE_CURVE('',#2942,#2940,#2362,.T.);
#3859=EDGE_CURVE('',#2942,#2943,#1254,.T.);
#3860=EDGE_CURVE('',#2943,#2941,#2363,.T.);
#3861=EDGE_CURVE('',#2944,#2942,#2364,.T.);
#3862=EDGE_CURVE('',#2944,#2945,#1255,.T.);
#3863=EDGE_CURVE('',#2945,#2943,#2365,.T.);
#3864=EDGE_CURVE('',#2946,#2944,#2366,.T.);
#3865=EDGE_CURVE('',#2946,#2947,#1256,.T.);
#3866=EDGE_CURVE('',#2947,#2945,#2367,.T.);
#3867=EDGE_CURVE('',#2948,#2946,#1257,.T.);
#3868=EDGE_CURVE('',#2948,#2949,#1258,.T.);
#3869=EDGE_CURVE('',#2949,#2947,#1259,.T.);
#3870=EDGE_CURVE('',#2950,#2948,#1260,.T.);
#3871=EDGE_CURVE('',#2950,#2951,#1261,.T.);
#3872=EDGE_CURVE('',#2951,#2949,#1262,.T.);
#3873=EDGE_CURVE('',#2952,#2950,#2368,.T.);
#3874=EDGE_CURVE('',#2952,#2953,#1263,.T.);
#3875=EDGE_CURVE('',#2953,#2951,#2369,.T.);
#3876=EDGE_CURVE('',#2954,#2952,#2370,.T.);
#3877=EDGE_CURVE('',#2954,#2955,#1264,.T.);
#3878=EDGE_CURVE('',#2955,#2953,#2371,.T.);
#3879=EDGE_CURVE('',#2956,#2954,#2372,.T.);
#3880=EDGE_CURVE('',#2956,#2957,#1265,.T.);
#3881=EDGE_CURVE('',#2957,#2955,#2373,.T.);
#3882=EDGE_CURVE('',#2958,#2956,#2374,.T.);
#3883=EDGE_CURVE('',#2958,#2959,#1266,.T.);
#3884=EDGE_CURVE('',#2959,#2957,#2375,.T.);
#3885=EDGE_CURVE('',#2960,#2958,#2376,.T.);
#3886=EDGE_CURVE('',#2960,#2961,#1267,.T.);
#3887=EDGE_CURVE('',#2961,#2959,#2377,.T.);
#3888=EDGE_CURVE('',#2962,#2960,#2378,.T.);
#3889=EDGE_CURVE('',#2962,#2963,#1268,.T.);
#3890=EDGE_CURVE('',#2963,#2961,#2379,.T.);
#3891=EDGE_CURVE('',#2964,#2962,#2380,.T.);
#3892=EDGE_CURVE('',#2964,#2965,#1269,.T.);
#3893=EDGE_CURVE('',#2965,#2963,#2381,.T.);
#3894=EDGE_CURVE('',#2966,#2964,#2382,.T.);
#3895=EDGE_CURVE('',#2966,#2967,#1270,.T.);
#3896=EDGE_CURVE('',#2967,#2965,#2383,.T.);
#3897=EDGE_CURVE('',#2968,#2966,#2384,.T.);
#3898=EDGE_CURVE('',#2968,#2969,#1271,.T.);
#3899=EDGE_CURVE('',#2969,#2967,#2385,.T.);
#3900=EDGE_CURVE('',#2970,#2968,#2386,.T.);
#3901=EDGE_CURVE('',#2970,#2971,#1272,.T.);
#3902=EDGE_CURVE('',#2971,#2969,#2387,.T.);
#3903=EDGE_CURVE('',#2972,#2970,#2388,.T.);
#3904=EDGE_CURVE('',#2972,#2973,#1273,.T.);
#3905=EDGE_CURVE('',#2973,#2971,#2389,.T.);
#3906=EDGE_CURVE('',#2974,#2972,#2390,.T.);
#3907=EDGE_CURVE('',#2974,#2975,#1274,.T.);
#3908=EDGE_CURVE('',#2975,#2973,#2391,.T.);
#3909=EDGE_CURVE('',#2976,#2974,#2392,.T.);
#3910=EDGE_CURVE('',#2976,#2977,#1275,.T.);
#3911=EDGE_CURVE('',#2977,#2975,#2393,.T.);
#3912=EDGE_CURVE('',#2978,#2976,#2394,.T.);
#3913=EDGE_CURVE('',#2978,#2979,#1276,.T.);
#3914=EDGE_CURVE('',#2979,#2977,#2395,.T.);
#3915=EDGE_CURVE('',#2980,#2978,#2396,.T.);
#3916=EDGE_CURVE('',#2980,#2981,#1277,.T.);
#3917=EDGE_CURVE('',#2981,#2979,#2397,.T.);
#3918=EDGE_CURVE('',#2982,#2980,#2398,.T.);
#3919=EDGE_CURVE('',#2982,#2983,#1278,.T.);
#3920=EDGE_CURVE('',#2983,#2981,#2399,.T.);
#3921=EDGE_CURVE('',#2984,#2982,#2400,.T.);
#3922=EDGE_CURVE('',#2984,#2985,#1279,.T.);
#3923=EDGE_CURVE('',#2985,#2983,#2401,.T.);
#3924=EDGE_CURVE('',#2986,#2984,#2402,.T.);
#3925=EDGE_CURVE('',#2986,#2987,#1280,.T.);
#3926=EDGE_CURVE('',#2987,#2985,#2403,.T.);
#3927=EDGE_CURVE('',#2988,#2986,#2404,.T.);
#3928=EDGE_CURVE('',#2988,#2989,#1281,.T.);
#3929=EDGE_CURVE('',#2989,#2987,#2405,.T.);
#3930=EDGE_CURVE('',#2990,#2988,#2406,.T.);
#3931=EDGE_CURVE('',#2990,#2991,#1282,.T.);
#3932=EDGE_CURVE('',#2991,#2989,#2407,.T.);
#3933=EDGE_CURVE('',#2992,#2990,#2408,.T.);
#3934=EDGE_CURVE('',#2992,#2993,#1283,.T.);
#3935=EDGE_CURVE('',#2993,#2991,#2409,.T.);
#3936=EDGE_CURVE('',#2994,#2992,#2410,.T.);
#3937=EDGE_CURVE('',#2994,#2995,#1284,.T.);
#3938=EDGE_CURVE('',#2995,#2993,#2411,.T.);
#3939=EDGE_CURVE('',#2996,#2994,#2412,.T.);
#3940=EDGE_CURVE('',#2996,#2997,#1285,.T.);
#3941=EDGE_CURVE('',#2997,#2995,#2413,.T.);
#3942=EDGE_CURVE('',#2998,#2996,#2414,.T.);
#3943=EDGE_CURVE('',#2998,#2999,#1286,.T.);
#3944=EDGE_CURVE('',#2999,#2997,#2415,.T.);
#3945=EDGE_CURVE('',#3000,#2998,#2416,.T.);
#3946=EDGE_CURVE('',#3000,#3001,#1287,.T.);
#3947=EDGE_CURVE('',#3001,#2999,#2417,.T.);
#3948=EDGE_CURVE('',#3002,#3000,#2418,.T.);
#3949=EDGE_CURVE('',#3002,#3003,#1288,.T.);
#3950=EDGE_CURVE('',#3003,#3001,#2419,.T.);
#3951=EDGE_CURVE('',#3004,#3002,#2420,.T.);
#3952=EDGE_CURVE('',#3004,#3005,#1289,.T.);
#3953=EDGE_CURVE('',#3005,#3003,#2421,.T.);
#3954=EDGE_CURVE('',#3006,#3004,#2422,.T.);
#3955=EDGE_CURVE('',#3006,#3007,#1290,.T.);
#3956=EDGE_CURVE('',#3007,#3005,#2423,.T.);
#3957=EDGE_CURVE('',#3008,#3006,#2424,.T.);
#3958=EDGE_CURVE('',#3008,#3009,#1291,.T.);
#3959=EDGE_CURVE('',#3009,#3007,#2425,.T.);
#3960=EDGE_CURVE('',#3010,#3008,#2426,.T.);
#3961=EDGE_CURVE('',#3010,#3011,#1292,.T.);
#3962=EDGE_CURVE('',#3011,#3009,#2427,.T.);
#3963=EDGE_CURVE('',#3012,#3010,#2428,.T.);
#3964=EDGE_CURVE('',#3012,#3013,#1293,.T.);
#3965=EDGE_CURVE('',#3013,#3011,#2429,.T.);
#3966=EDGE_CURVE('',#3014,#3012,#2430,.T.);
#3967=EDGE_CURVE('',#3014,#3015,#1294,.T.);
#3968=EDGE_CURVE('',#3015,#3013,#2431,.T.);
#3969=EDGE_CURVE('',#3016,#3014,#2432,.T.);
#3970=EDGE_CURVE('',#3016,#3017,#1295,.T.);
#3971=EDGE_CURVE('',#3017,#3015,#2433,.T.);
#3972=EDGE_CURVE('',#3018,#3016,#2434,.T.);
#3973=EDGE_CURVE('',#3018,#3019,#1296,.T.);
#3974=EDGE_CURVE('',#3019,#3017,#2435,.T.);
#3975=EDGE_CURVE('',#3020,#3018,#2436,.T.);
#3976=EDGE_CURVE('',#3020,#3021,#1297,.T.);
#3977=EDGE_CURVE('',#3021,#3019,#2437,.T.);
#3978=EDGE_CURVE('',#3022,#3020,#2438,.T.);
#3979=EDGE_CURVE('',#3022,#3023,#1298,.T.);
#3980=EDGE_CURVE('',#3023,#3021,#2439,.T.);
#3981=EDGE_CURVE('',#3024,#3022,#2440,.T.);
#3982=EDGE_CURVE('',#3024,#3025,#1299,.T.);
#3983=EDGE_CURVE('',#3025,#3023,#2441,.T.);
#3984=EDGE_CURVE('',#3026,#3024,#2442,.T.);
#3985=EDGE_CURVE('',#3026,#3027,#1300,.T.);
#3986=EDGE_CURVE('',#3027,#3025,#2443,.T.);
#3987=EDGE_CURVE('',#3028,#3026,#2444,.T.);
#3988=EDGE_CURVE('',#3028,#3029,#1301,.T.);
#3989=EDGE_CURVE('',#3029,#3027,#2445,.T.);
#3990=EDGE_CURVE('',#3030,#3028,#2446,.T.);
#3991=EDGE_CURVE('',#3030,#3031,#1302,.T.);
#3992=EDGE_CURVE('',#3031,#3029,#2447,.T.);
#3993=EDGE_CURVE('',#3032,#3030,#2448,.T.);
#3994=EDGE_CURVE('',#3032,#3033,#1303,.T.);
#3995=EDGE_CURVE('',#3033,#3031,#2449,.T.);
#3996=EDGE_CURVE('',#2559,#3032,#2450,.T.);
#3997=EDGE_CURVE('',#2561,#3033,#2451,.T.);
#3998=EDGE_CURVE('',#3034,#3035,#2452,.T.);
#3999=EDGE_CURVE('',#3034,#3036,#1304,.T.);
#4000=EDGE_CURVE('',#3036,#3037,#2453,.T.);
#4001=EDGE_CURVE('',#3035,#3037,#1305,.T.);
#4002=EDGE_CURVE('',#3038,#3034,#2454,.T.);
#4003=EDGE_CURVE('',#3038,#3039,#1306,.T.);
#4004=EDGE_CURVE('',#3039,#3036,#2455,.T.);
#4005=EDGE_CURVE('',#3040,#3038,#1307,.T.);
#4006=EDGE_CURVE('',#3040,#3041,#1308,.T.);
#4007=EDGE_CURVE('',#3041,#3039,#1309,.T.);
#4008=EDGE_CURVE('',#3042,#3040,#1310,.T.);
#4009=EDGE_CURVE('',#3042,#3043,#1311,.T.);
#4010=EDGE_CURVE('',#3043,#3041,#1312,.T.);
#4011=EDGE_CURVE('',#3044,#3042,#2456,.T.);
#4012=EDGE_CURVE('',#3044,#3045,#1313,.T.);
#4013=EDGE_CURVE('',#3045,#3043,#2457,.T.);
#4014=EDGE_CURVE('',#3046,#3044,#2458,.T.);
#4015=EDGE_CURVE('',#3046,#3047,#1314,.T.);
#4016=EDGE_CURVE('',#3047,#3045,#2459,.T.);
#4017=EDGE_CURVE('',#3048,#3046,#2460,.T.);
#4018=EDGE_CURVE('',#3048,#3049,#1315,.T.);
#4019=EDGE_CURVE('',#3049,#3047,#2461,.T.);
#4020=EDGE_CURVE('',#3050,#3048,#2462,.T.);
#4021=EDGE_CURVE('',#3050,#3051,#1316,.T.);
#4022=EDGE_CURVE('',#3051,#3049,#2463,.T.);
#4023=EDGE_CURVE('',#3052,#3050,#2464,.T.);
#4024=EDGE_CURVE('',#3052,#3053,#1317,.T.);
#4025=EDGE_CURVE('',#3053,#3051,#2465,.T.);
#4026=EDGE_CURVE('',#3054,#3052,#2466,.T.);
#4027=EDGE_CURVE('',#3054,#3055,#1318,.T.);
#4028=EDGE_CURVE('',#3055,#3053,#2467,.T.);
#4029=EDGE_CURVE('',#3056,#3054,#2468,.T.);
#4030=EDGE_CURVE('',#3056,#3057,#1319,.T.);
#4031=EDGE_CURVE('',#3057,#3055,#2469,.T.);
#4032=EDGE_CURVE('',#3058,#3056,#2470,.T.);
#4033=EDGE_CURVE('',#3058,#3059,#1320,.T.);
#4034=EDGE_CURVE('',#3059,#3057,#2471,.T.);
#4035=EDGE_CURVE('',#3035,#3058,#2472,.T.);
#4036=EDGE_CURVE('',#3037,#3059,#2473,.T.);
#4037=EDGE_CURVE('',#3060,#3061,#2474,.T.);
#4038=EDGE_CURVE('',#3060,#3062,#1321,.T.);
#4039=EDGE_CURVE('',#3062,#3063,#2475,.T.);
#4040=EDGE_CURVE('',#3061,#3063,#1322,.T.);
#4041=EDGE_CURVE('',#3064,#3060,#2476,.T.);
#4042=EDGE_CURVE('',#3064,#3065,#1323,.T.);
#4043=EDGE_CURVE('',#3065,#3062,#2477,.T.);
#4044=EDGE_CURVE('',#3066,#3064,#2478,.T.);
#4045=EDGE_CURVE('',#3066,#3067,#1324,.T.);
#4046=EDGE_CURVE('',#3067,#3065,#2479,.T.);
#4047=EDGE_CURVE('',#3068,#3066,#2480,.T.);
#4048=EDGE_CURVE('',#3068,#3069,#1325,.T.);
#4049=EDGE_CURVE('',#3069,#3067,#2481,.T.);
#4050=EDGE_CURVE('',#3070,#3068,#2482,.T.);
#4051=EDGE_CURVE('',#3070,#3071,#1326,.T.);
#4052=EDGE_CURVE('',#3071,#3069,#2483,.T.);
#4053=EDGE_CURVE('',#3061,#3070,#2484,.T.);
#4054=EDGE_CURVE('',#3063,#3071,#2485,.T.);
#4055=EDGE_CURVE('',#3072,#3073,#1327,.T.);
#4056=EDGE_CURVE('',#3072,#3074,#1328,.T.);
#4057=EDGE_CURVE('',#3075,#3074,#1329,.T.);
#4058=EDGE_CURVE('',#3073,#3075,#1330,.T.);
#4059=EDGE_CURVE('',#3076,#3072,#1331,.T.);
#4060=EDGE_CURVE('',#3076,#3077,#1332,.T.);
#4061=EDGE_CURVE('',#3074,#3077,#1333,.T.);
#4062=EDGE_CURVE('',#3078,#3076,#1334,.T.);
#4063=EDGE_CURVE('',#3078,#3079,#1335,.T.);
#4064=EDGE_CURVE('',#3077,#3079,#1336,.T.);
#4065=EDGE_CURVE('',#3073,#3078,#1337,.T.);
#4066=EDGE_CURVE('',#3079,#3075,#1338,.T.);
#4067=EDGE_CURVE('',#3080,#3080,#15,.T.);
#4068=EDGE_CURVE('',#3080,#3081,#1339,.T.);
#4069=EDGE_CURVE('',#3081,#3081,#16,.T.);
#4070=EDGE_CURVE('',#3082,#3082,#17,.T.);
#4071=EDGE_CURVE('',#3083,#3083,#18,.T.);
#4072=EDGE_CURVE('',#3083,#3084,#1340,.T.);
#4073=EDGE_CURVE('',#3084,#3084,#19,.T.);
#4074=EDGE_CURVE('',#3085,#3085,#20,.T.);
#4075=EDGE_CURVE('',#3086,#3086,#21,.T.);
#4076=EDGE_CURVE('',#3086,#3087,#1341,.T.);
#4077=EDGE_CURVE('',#3087,#3087,#22,.T.);
#4078=EDGE_CURVE('',#3088,#3088,#23,.T.);
#4079=EDGE_CURVE('',#3089,#3089,#24,.T.);
#4080=EDGE_CURVE('',#3089,#3090,#1342,.T.);
#4081=EDGE_CURVE('',#3090,#3090,#25,.T.);
#4082=EDGE_CURVE('',#3091,#3091,#26,.T.);
#4083=EDGE_CURVE('',#3092,#3093,#1343,.T.);
#4084=EDGE_CURVE('',#3092,#3094,#1344,.T.);
#4085=EDGE_CURVE('',#3095,#3094,#1345,.T.);
#4086=EDGE_CURVE('',#3093,#3095,#1346,.T.);
#4087=EDGE_CURVE('',#3096,#3092,#1347,.T.);
#4088=EDGE_CURVE('',#3096,#3097,#1348,.T.);
#4089=EDGE_CURVE('',#3094,#3097,#1349,.T.);
#4090=EDGE_CURVE('',#3098,#3096,#1350,.T.);
#4091=EDGE_CURVE('',#3098,#3099,#1351,.T.);
#4092=EDGE_CURVE('',#3097,#3099,#1352,.T.);
#4093=EDGE_CURVE('',#3093,#3098,#1353,.T.);
#4094=EDGE_CURVE('',#3099,#3095,#1354,.T.);
#4095=EDGE_CURVE('',#3100,#3101,#1355,.T.);
#4096=EDGE_CURVE('',#3100,#3102,#1356,.T.);
#4097=EDGE_CURVE('',#3103,#3102,#1357,.T.);
#4098=EDGE_CURVE('',#3101,#3103,#1358,.T.);
#4099=EDGE_CURVE('',#3104,#3100,#1359,.T.);
#4100=EDGE_CURVE('',#3104,#3105,#1360,.T.);
#4101=EDGE_CURVE('',#3102,#3105,#1361,.T.);
#4102=EDGE_CURVE('',#3106,#3104,#1362,.T.);
#4103=EDGE_CURVE('',#3106,#3107,#1363,.T.);
#4104=EDGE_CURVE('',#3105,#3107,#1364,.T.);
#4105=EDGE_CURVE('',#3101,#3106,#1365,.T.);
#4106=EDGE_CURVE('',#3107,#3103,#1366,.T.);
#4107=EDGE_CURVE('',#3108,#3109,#1367,.T.);
#4108=EDGE_CURVE('',#3108,#3110,#1368,.T.);
#4109=EDGE_CURVE('',#3111,#3110,#1369,.T.);
#4110=EDGE_CURVE('',#3109,#3111,#1370,.T.);
#4111=EDGE_CURVE('',#3112,#3108,#1371,.T.);
#4112=EDGE_CURVE('',#3112,#3113,#1372,.T.);
#4113=EDGE_CURVE('',#3110,#3113,#1373,.T.);
#4114=EDGE_CURVE('',#3114,#3112,#1374,.T.);
#4115=EDGE_CURVE('',#3114,#3115,#1375,.T.);
#4116=EDGE_CURVE('',#3113,#3115,#1376,.T.);
#4117=EDGE_CURVE('',#3109,#3114,#1377,.T.);
#4118=EDGE_CURVE('',#3115,#3111,#1378,.T.);
#4119=EDGE_CURVE('',#3116,#3117,#1379,.T.);
#4120=EDGE_CURVE('',#3116,#3118,#1380,.T.);
#4121=EDGE_CURVE('',#3119,#3118,#1381,.T.);
#4122=EDGE_CURVE('',#3117,#3119,#1382,.T.);
#4123=EDGE_CURVE('',#3120,#3116,#1383,.T.);
#4124=EDGE_CURVE('',#3120,#3121,#1384,.T.);
#4125=EDGE_CURVE('',#3118,#3121,#1385,.T.);
#4126=EDGE_CURVE('',#3122,#3120,#1386,.T.);
#4127=EDGE_CURVE('',#3122,#3123,#1387,.T.);
#4128=EDGE_CURVE('',#3121,#3123,#1388,.T.);
#4129=EDGE_CURVE('',#3117,#3122,#1389,.T.);
#4130=EDGE_CURVE('',#3123,#3119,#1390,.T.);
#4131=EDGE_CURVE('',#3124,#3125,#1391,.T.);
#4132=EDGE_CURVE('',#3124,#3126,#1392,.T.);
#4133=EDGE_CURVE('',#3127,#3126,#1393,.T.);
#4134=EDGE_CURVE('',#3125,#3127,#1394,.T.);
#4135=EDGE_CURVE('',#3128,#3124,#1395,.T.);
#4136=EDGE_CURVE('',#3128,#3129,#1396,.T.);
#4137=EDGE_CURVE('',#3126,#3129,#1397,.T.);
#4138=EDGE_CURVE('',#3130,#3128,#1398,.T.);
#4139=EDGE_CURVE('',#3130,#3131,#1399,.T.);
#4140=EDGE_CURVE('',#3129,#3131,#1400,.T.);
#4141=EDGE_CURVE('',#3125,#3130,#1401,.T.);
#4142=EDGE_CURVE('',#3131,#3127,#1402,.T.);
#4143=EDGE_CURVE('',#3132,#3133,#1403,.T.);
#4144=EDGE_CURVE('',#3132,#3134,#1404,.T.);
#4145=EDGE_CURVE('',#3135,#3134,#1405,.T.);
#4146=EDGE_CURVE('',#3133,#3135,#1406,.T.);
#4147=EDGE_CURVE('',#3136,#3132,#1407,.T.);
#4148=EDGE_CURVE('',#3136,#3137,#1408,.T.);
#4149=EDGE_CURVE('',#3134,#3137,#1409,.T.);
#4150=EDGE_CURVE('',#3138,#3136,#1410,.T.);
#4151=EDGE_CURVE('',#3138,#3139,#1411,.T.);
#4152=EDGE_CURVE('',#3137,#3139,#1412,.T.);
#4153=EDGE_CURVE('',#3133,#3138,#1413,.T.);
#4154=EDGE_CURVE('',#3139,#3135,#1414,.T.);
#4155=EDGE_CURVE('',#3140,#3141,#1415,.T.);
#4156=EDGE_CURVE('',#3140,#3142,#1416,.T.);
#4157=EDGE_CURVE('',#3143,#3142,#1417,.T.);
#4158=EDGE_CURVE('',#3141,#3143,#1418,.T.);
#4159=EDGE_CURVE('',#3144,#3140,#1419,.T.);
#4160=EDGE_CURVE('',#3144,#3145,#1420,.T.);
#4161=EDGE_CURVE('',#3142,#3145,#1421,.T.);
#4162=EDGE_CURVE('',#3146,#3144,#1422,.T.);
#4163=EDGE_CURVE('',#3146,#3147,#1423,.T.);
#4164=EDGE_CURVE('',#3145,#3147,#1424,.T.);
#4165=EDGE_CURVE('',#3141,#3146,#1425,.T.);
#4166=EDGE_CURVE('',#3147,#3143,#1426,.T.);
#4167=EDGE_CURVE('',#3148,#3149,#1427,.T.);
#4168=EDGE_CURVE('',#3148,#3150,#1428,.T.);
#4169=EDGE_CURVE('',#3151,#3150,#1429,.T.);
#4170=EDGE_CURVE('',#3149,#3151,#1430,.T.);
#4171=EDGE_CURVE('',#3152,#3148,#1431,.T.);
#4172=EDGE_CURVE('',#3152,#3153,#1432,.T.);
#4173=EDGE_CURVE('',#3150,#3153,#1433,.T.);
#4174=EDGE_CURVE('',#3154,#3152,#1434,.T.);
#4175=EDGE_CURVE('',#3154,#3155,#1435,.T.);
#4176=EDGE_CURVE('',#3153,#3155,#1436,.T.);
#4177=EDGE_CURVE('',#3149,#3154,#1437,.T.);
#4178=EDGE_CURVE('',#3155,#3151,#1438,.T.);
#4179=EDGE_CURVE('',#3156,#3157,#1439,.T.);
#4180=EDGE_CURVE('',#3156,#3158,#1440,.T.);
#4181=EDGE_CURVE('',#3159,#3158,#1441,.T.);
#4182=EDGE_CURVE('',#3157,#3159,#1442,.T.);
#4183=EDGE_CURVE('',#3160,#3156,#1443,.T.);
#4184=EDGE_CURVE('',#3160,#3161,#1444,.T.);
#4185=EDGE_CURVE('',#3158,#3161,#1445,.T.);
#4186=EDGE_CURVE('',#3162,#3160,#1446,.T.);
#4187=EDGE_CURVE('',#3162,#3163,#1447,.T.);
#4188=EDGE_CURVE('',#3161,#3163,#1448,.T.);
#4189=EDGE_CURVE('',#3157,#3162,#1449,.T.);
#4190=EDGE_CURVE('',#3163,#3159,#1450,.T.);
#4191=EDGE_CURVE('',#3164,#3165,#1451,.T.);
#4192=EDGE_CURVE('',#3164,#3166,#1452,.T.);
#4193=EDGE_CURVE('',#3167,#3166,#1453,.T.);
#4194=EDGE_CURVE('',#3165,#3167,#1454,.T.);
#4195=EDGE_CURVE('',#3165,#3168,#1455,.T.);
#4196=EDGE_CURVE('',#3169,#3167,#1456,.T.);
#4197=EDGE_CURVE('',#3168,#3169,#1457,.T.);
#4198=EDGE_CURVE('',#3168,#3170,#1458,.T.);
#4199=EDGE_CURVE('',#3171,#3169,#1459,.T.);
#4200=EDGE_CURVE('',#3170,#3171,#1460,.T.);
#4201=EDGE_CURVE('',#3170,#3164,#1461,.T.);
#4202=EDGE_CURVE('',#3166,#3171,#1462,.T.);
#4203=EDGE_CURVE('',#3085,#3172,#1463,.T.);
#4204=EDGE_CURVE('',#3172,#3172,#27,.T.);
#4205=EDGE_CURVE('',#3091,#3173,#1464,.T.);
#4206=EDGE_CURVE('',#3173,#3173,#28,.T.);
#4207=EDGE_CURVE('',#3088,#3174,#1465,.T.);
#4208=EDGE_CURVE('',#3174,#3174,#29,.T.);
#4209=EDGE_CURVE('',#3082,#3175,#1466,.T.);
#4210=EDGE_CURVE('',#3175,#3175,#30,.T.);
#4211=ORIENTED_EDGE('',*,*,#3176,.F.);
#4212=ORIENTED_EDGE('',*,*,#3177,.T.);
#4213=ORIENTED_EDGE('',*,*,#3178,.T.);
#4214=ORIENTED_EDGE('',*,*,#3179,.F.);
#4215=ORIENTED_EDGE('',*,*,#3180,.F.);
#4216=ORIENTED_EDGE('',*,*,#3181,.T.);
#4217=ORIENTED_EDGE('',*,*,#3182,.T.);
#4218=ORIENTED_EDGE('',*,*,#3177,.F.);
#4219=ORIENTED_EDGE('',*,*,#3183,.F.);
#4220=ORIENTED_EDGE('',*,*,#3184,.T.);
#4221=ORIENTED_EDGE('',*,*,#3185,.T.);
#4222=ORIENTED_EDGE('',*,*,#3181,.F.);
#4223=ORIENTED_EDGE('',*,*,#3186,.F.);
#4224=ORIENTED_EDGE('',*,*,#3187,.T.);
#4225=ORIENTED_EDGE('',*,*,#3188,.T.);
#4226=ORIENTED_EDGE('',*,*,#3184,.F.);
#4227=ORIENTED_EDGE('',*,*,#3189,.F.);
#4228=ORIENTED_EDGE('',*,*,#3190,.T.);
#4229=ORIENTED_EDGE('',*,*,#3191,.T.);
#4230=ORIENTED_EDGE('',*,*,#3187,.F.);
#4231=ORIENTED_EDGE('',*,*,#3192,.F.);
#4232=ORIENTED_EDGE('',*,*,#3193,.T.);
#4233=ORIENTED_EDGE('',*,*,#3194,.T.);
#4234=ORIENTED_EDGE('',*,*,#3190,.F.);
#4235=ORIENTED_EDGE('',*,*,#3195,.F.);
#4236=ORIENTED_EDGE('',*,*,#3196,.T.);
#4237=ORIENTED_EDGE('',*,*,#3197,.T.);
#4238=ORIENTED_EDGE('',*,*,#3193,.F.);
#4239=ORIENTED_EDGE('',*,*,#3198,.F.);
#4240=ORIENTED_EDGE('',*,*,#3179,.T.);
#4241=ORIENTED_EDGE('',*,*,#3199,.T.);
#4242=ORIENTED_EDGE('',*,*,#3196,.F.);
#4243=ORIENTED_EDGE('',*,*,#3200,.F.);
#4244=ORIENTED_EDGE('',*,*,#3201,.T.);
#4245=ORIENTED_EDGE('',*,*,#3202,.T.);
#4246=ORIENTED_EDGE('',*,*,#3203,.F.);
#4247=ORIENTED_EDGE('',*,*,#3204,.F.);
#4248=ORIENTED_EDGE('',*,*,#3205,.T.);
#4249=ORIENTED_EDGE('',*,*,#3206,.T.);
#4250=ORIENTED_EDGE('',*,*,#3201,.F.);
#4251=ORIENTED_EDGE('',*,*,#3207,.F.);
#4252=ORIENTED_EDGE('',*,*,#3208,.T.);
#4253=ORIENTED_EDGE('',*,*,#3209,.T.);
#4254=ORIENTED_EDGE('',*,*,#3205,.F.);
#4255=ORIENTED_EDGE('',*,*,#3210,.F.);
#4256=ORIENTED_EDGE('',*,*,#3211,.T.);
#4257=ORIENTED_EDGE('',*,*,#3212,.T.);
#4258=ORIENTED_EDGE('',*,*,#3208,.F.);
#4259=ORIENTED_EDGE('',*,*,#3213,.F.);
#4260=ORIENTED_EDGE('',*,*,#3203,.T.);
#4261=ORIENTED_EDGE('',*,*,#3214,.T.);
#4262=ORIENTED_EDGE('',*,*,#3211,.F.);
#4263=ORIENTED_EDGE('',*,*,#3215,.F.);
#4264=ORIENTED_EDGE('',*,*,#3216,.T.);
#4265=ORIENTED_EDGE('',*,*,#3217,.T.);
#4266=ORIENTED_EDGE('',*,*,#3218,.F.);
#4267=ORIENTED_EDGE('',*,*,#3219,.F.);
#4268=ORIENTED_EDGE('',*,*,#3220,.T.);
#4269=ORIENTED_EDGE('',*,*,#3221,.T.);
#4270=ORIENTED_EDGE('',*,*,#3216,.F.);
#4271=ORIENTED_EDGE('',*,*,#3222,.F.);
#4272=ORIENTED_EDGE('',*,*,#3223,.T.);
#4273=ORIENTED_EDGE('',*,*,#3224,.T.);
#4274=ORIENTED_EDGE('',*,*,#3220,.F.);
#4275=ORIENTED_EDGE('',*,*,#3225,.F.);
#4276=ORIENTED_EDGE('',*,*,#3226,.T.);
#4277=ORIENTED_EDGE('',*,*,#3227,.T.);
#4278=ORIENTED_EDGE('',*,*,#3223,.F.);
#4279=ORIENTED_EDGE('',*,*,#3228,.F.);
#4280=ORIENTED_EDGE('',*,*,#3229,.T.);
#4281=ORIENTED_EDGE('',*,*,#3230,.T.);
#4282=ORIENTED_EDGE('',*,*,#3226,.F.);
#4283=ORIENTED_EDGE('',*,*,#3231,.F.);
#4284=ORIENTED_EDGE('',*,*,#3232,.T.);
#4285=ORIENTED_EDGE('',*,*,#3233,.T.);
#4286=ORIENTED_EDGE('',*,*,#3229,.F.);
#4287=ORIENTED_EDGE('',*,*,#3234,.F.);
#4288=ORIENTED_EDGE('',*,*,#3235,.T.);
#4289=ORIENTED_EDGE('',*,*,#3236,.T.);
#4290=ORIENTED_EDGE('',*,*,#3232,.F.);
#4291=ORIENTED_EDGE('',*,*,#3237,.F.);
#4292=ORIENTED_EDGE('',*,*,#3238,.T.);
#4293=ORIENTED_EDGE('',*,*,#3239,.T.);
#4294=ORIENTED_EDGE('',*,*,#3235,.F.);
#4295=ORIENTED_EDGE('',*,*,#3240,.F.);
#4296=ORIENTED_EDGE('',*,*,#3241,.T.);
#4297=ORIENTED_EDGE('',*,*,#3242,.T.);
#4298=ORIENTED_EDGE('',*,*,#3238,.F.);
#4299=ORIENTED_EDGE('',*,*,#3243,.F.);
#4300=ORIENTED_EDGE('',*,*,#3244,.T.);
#4301=ORIENTED_EDGE('',*,*,#3245,.T.);
#4302=ORIENTED_EDGE('',*,*,#3241,.F.);
#4303=ORIENTED_EDGE('',*,*,#3246,.F.);
#4304=ORIENTED_EDGE('',*,*,#3247,.T.);
#4305=ORIENTED_EDGE('',*,*,#3248,.T.);
#4306=ORIENTED_EDGE('',*,*,#3244,.F.);
#4307=ORIENTED_EDGE('',*,*,#3249,.F.);
#4308=ORIENTED_EDGE('',*,*,#3250,.T.);
#4309=ORIENTED_EDGE('',*,*,#3251,.T.);
#4310=ORIENTED_EDGE('',*,*,#3247,.F.);
#4311=ORIENTED_EDGE('',*,*,#3252,.F.);
#4312=ORIENTED_EDGE('',*,*,#3218,.T.);
#4313=ORIENTED_EDGE('',*,*,#3253,.T.);
#4314=ORIENTED_EDGE('',*,*,#3250,.F.);
#4315=ORIENTED_EDGE('',*,*,#3254,.F.);
#4316=ORIENTED_EDGE('',*,*,#3255,.T.);
#4317=ORIENTED_EDGE('',*,*,#3256,.T.);
#4318=ORIENTED_EDGE('',*,*,#3257,.F.);
#4319=ORIENTED_EDGE('',*,*,#3258,.F.);
#4320=ORIENTED_EDGE('',*,*,#3259,.T.);
#4321=ORIENTED_EDGE('',*,*,#3260,.T.);
#4322=ORIENTED_EDGE('',*,*,#3255,.F.);
#4323=ORIENTED_EDGE('',*,*,#3261,.F.);
#4324=ORIENTED_EDGE('',*,*,#3262,.T.);
#4325=ORIENTED_EDGE('',*,*,#3263,.T.);
#4326=ORIENTED_EDGE('',*,*,#3259,.F.);
#4327=ORIENTED_EDGE('',*,*,#3264,.F.);
#4328=ORIENTED_EDGE('',*,*,#3265,.T.);
#4329=ORIENTED_EDGE('',*,*,#3266,.T.);
#4330=ORIENTED_EDGE('',*,*,#3262,.F.);
#4331=ORIENTED_EDGE('',*,*,#3267,.F.);
#4332=ORIENTED_EDGE('',*,*,#3257,.T.);
#4333=ORIENTED_EDGE('',*,*,#3268,.T.);
#4334=ORIENTED_EDGE('',*,*,#3265,.F.);
#4335=ORIENTED_EDGE('',*,*,#3269,.F.);
#4336=ORIENTED_EDGE('',*,*,#3270,.T.);
#4337=ORIENTED_EDGE('',*,*,#3271,.T.);
#4338=ORIENTED_EDGE('',*,*,#3272,.F.);
#4339=ORIENTED_EDGE('',*,*,#3273,.F.);
#4340=ORIENTED_EDGE('',*,*,#3274,.T.);
#4341=ORIENTED_EDGE('',*,*,#3275,.T.);
#4342=ORIENTED_EDGE('',*,*,#3270,.F.);
#4343=ORIENTED_EDGE('',*,*,#3276,.F.);
#4344=ORIENTED_EDGE('',*,*,#3277,.T.);
#4345=ORIENTED_EDGE('',*,*,#3278,.T.);
#4346=ORIENTED_EDGE('',*,*,#3274,.F.);
#4347=ORIENTED_EDGE('',*,*,#3279,.F.);
#4348=ORIENTED_EDGE('',*,*,#3280,.T.);
#4349=ORIENTED_EDGE('',*,*,#3281,.T.);
#4350=ORIENTED_EDGE('',*,*,#3277,.F.);
#4351=ORIENTED_EDGE('',*,*,#3282,.F.);
#4352=ORIENTED_EDGE('',*,*,#3272,.T.);
#4353=ORIENTED_EDGE('',*,*,#3283,.T.);
#4354=ORIENTED_EDGE('',*,*,#3280,.F.);
#4355=ORIENTED_EDGE('',*,*,#3284,.F.);
#4356=ORIENTED_EDGE('',*,*,#3285,.T.);
#4357=ORIENTED_EDGE('',*,*,#3286,.T.);
#4358=ORIENTED_EDGE('',*,*,#3287,.F.);
#4359=ORIENTED_EDGE('',*,*,#3288,.F.);
#4360=ORIENTED_EDGE('',*,*,#3289,.T.);
#4361=ORIENTED_EDGE('',*,*,#3290,.T.);
#4362=ORIENTED_EDGE('',*,*,#3285,.F.);
#4363=ORIENTED_EDGE('',*,*,#3291,.F.);
#4364=ORIENTED_EDGE('',*,*,#3292,.T.);
#4365=ORIENTED_EDGE('',*,*,#3293,.T.);
#4366=ORIENTED_EDGE('',*,*,#3289,.F.);
#4367=ORIENTED_EDGE('',*,*,#3294,.F.);
#4368=ORIENTED_EDGE('',*,*,#3295,.T.);
#4369=ORIENTED_EDGE('',*,*,#3296,.T.);
#4370=ORIENTED_EDGE('',*,*,#3292,.F.);
#4371=ORIENTED_EDGE('',*,*,#3297,.F.);
#4372=ORIENTED_EDGE('',*,*,#3298,.T.);
#4373=ORIENTED_EDGE('',*,*,#3299,.T.);
#4374=ORIENTED_EDGE('',*,*,#3295,.F.);
#4375=ORIENTED_EDGE('',*,*,#3300,.F.);
#4376=ORIENTED_EDGE('',*,*,#3301,.T.);
#4377=ORIENTED_EDGE('',*,*,#3302,.T.);
#4378=ORIENTED_EDGE('',*,*,#3298,.F.);
#4379=ORIENTED_EDGE('',*,*,#3303,.F.);
#4380=ORIENTED_EDGE('',*,*,#3304,.T.);
#4381=ORIENTED_EDGE('',*,*,#3305,.T.);
#4382=ORIENTED_EDGE('',*,*,#3301,.F.);
#4383=ORIENTED_EDGE('',*,*,#3306,.F.);
#4384=ORIENTED_EDGE('',*,*,#3307,.T.);
#4385=ORIENTED_EDGE('',*,*,#3308,.T.);
#4386=ORIENTED_EDGE('',*,*,#3304,.F.);
#4387=ORIENTED_EDGE('',*,*,#3309,.F.);
#4388=ORIENTED_EDGE('',*,*,#3310,.T.);
#4389=ORIENTED_EDGE('',*,*,#3311,.T.);
#4390=ORIENTED_EDGE('',*,*,#3307,.F.);
#4391=ORIENTED_EDGE('',*,*,#3312,.F.);
#4392=ORIENTED_EDGE('',*,*,#3313,.T.);
#4393=ORIENTED_EDGE('',*,*,#3314,.T.);
#4394=ORIENTED_EDGE('',*,*,#3310,.F.);
#4395=ORIENTED_EDGE('',*,*,#3315,.F.);
#4396=ORIENTED_EDGE('',*,*,#3316,.T.);
#4397=ORIENTED_EDGE('',*,*,#3317,.T.);
#4398=ORIENTED_EDGE('',*,*,#3313,.F.);
#4399=ORIENTED_EDGE('',*,*,#3318,.F.);
#4400=ORIENTED_EDGE('',*,*,#3319,.T.);
#4401=ORIENTED_EDGE('',*,*,#3320,.T.);
#4402=ORIENTED_EDGE('',*,*,#3316,.F.);
#4403=ORIENTED_EDGE('',*,*,#3321,.F.);
#4404=ORIENTED_EDGE('',*,*,#3322,.T.);
#4405=ORIENTED_EDGE('',*,*,#3323,.T.);
#4406=ORIENTED_EDGE('',*,*,#3319,.F.);
#4407=ORIENTED_EDGE('',*,*,#3324,.F.);
#4408=ORIENTED_EDGE('',*,*,#3325,.T.);
#4409=ORIENTED_EDGE('',*,*,#3326,.T.);
#4410=ORIENTED_EDGE('',*,*,#3322,.F.);
#4411=ORIENTED_EDGE('',*,*,#3327,.F.);
#4412=ORIENTED_EDGE('',*,*,#3328,.T.);
#4413=ORIENTED_EDGE('',*,*,#3329,.T.);
#4414=ORIENTED_EDGE('',*,*,#3325,.F.);
#4415=ORIENTED_EDGE('',*,*,#3330,.F.);
#4416=ORIENTED_EDGE('',*,*,#3331,.T.);
#4417=ORIENTED_EDGE('',*,*,#3332,.T.);
#4418=ORIENTED_EDGE('',*,*,#3328,.F.);
#4419=ORIENTED_EDGE('',*,*,#3333,.F.);
#4420=ORIENTED_EDGE('',*,*,#3334,.T.);
#4421=ORIENTED_EDGE('',*,*,#3335,.T.);
#4422=ORIENTED_EDGE('',*,*,#3331,.F.);
#4423=ORIENTED_EDGE('',*,*,#3336,.F.);
#4424=ORIENTED_EDGE('',*,*,#3337,.T.);
#4425=ORIENTED_EDGE('',*,*,#3338,.T.);
#4426=ORIENTED_EDGE('',*,*,#3334,.F.);
#4427=ORIENTED_EDGE('',*,*,#3339,.F.);
#4428=ORIENTED_EDGE('',*,*,#3340,.T.);
#4429=ORIENTED_EDGE('',*,*,#3341,.T.);
#4430=ORIENTED_EDGE('',*,*,#3337,.F.);
#4431=ORIENTED_EDGE('',*,*,#3342,.F.);
#4432=ORIENTED_EDGE('',*,*,#3343,.T.);
#4433=ORIENTED_EDGE('',*,*,#3344,.T.);
#4434=ORIENTED_EDGE('',*,*,#3340,.F.);
#4435=ORIENTED_EDGE('',*,*,#3345,.F.);
#4436=ORIENTED_EDGE('',*,*,#3346,.T.);
#4437=ORIENTED_EDGE('',*,*,#3347,.T.);
#4438=ORIENTED_EDGE('',*,*,#3343,.F.);
#4439=ORIENTED_EDGE('',*,*,#3348,.F.);
#4440=ORIENTED_EDGE('',*,*,#3349,.T.);
#4441=ORIENTED_EDGE('',*,*,#3350,.T.);
#4442=ORIENTED_EDGE('',*,*,#3346,.F.);
#4443=ORIENTED_EDGE('',*,*,#3351,.F.);
#4444=ORIENTED_EDGE('',*,*,#3352,.T.);
#4445=ORIENTED_EDGE('',*,*,#3353,.T.);
#4446=ORIENTED_EDGE('',*,*,#3349,.F.);
#4447=ORIENTED_EDGE('',*,*,#3354,.F.);
#4448=ORIENTED_EDGE('',*,*,#3355,.T.);
#4449=ORIENTED_EDGE('',*,*,#3356,.T.);
#4450=ORIENTED_EDGE('',*,*,#3352,.F.);
#4451=ORIENTED_EDGE('',*,*,#3357,.F.);
#4452=ORIENTED_EDGE('',*,*,#3358,.T.);
#4453=ORIENTED_EDGE('',*,*,#3359,.T.);
#4454=ORIENTED_EDGE('',*,*,#3355,.F.);
#4455=ORIENTED_EDGE('',*,*,#3360,.F.);
#4456=ORIENTED_EDGE('',*,*,#3361,.T.);
#4457=ORIENTED_EDGE('',*,*,#3362,.T.);
#4458=ORIENTED_EDGE('',*,*,#3358,.F.);
#4459=ORIENTED_EDGE('',*,*,#3363,.F.);
#4460=ORIENTED_EDGE('',*,*,#3364,.T.);
#4461=ORIENTED_EDGE('',*,*,#3365,.T.);
#4462=ORIENTED_EDGE('',*,*,#3361,.F.);
#4463=ORIENTED_EDGE('',*,*,#3366,.F.);
#4464=ORIENTED_EDGE('',*,*,#3367,.T.);
#4465=ORIENTED_EDGE('',*,*,#3368,.T.);
#4466=ORIENTED_EDGE('',*,*,#3364,.F.);
#4467=ORIENTED_EDGE('',*,*,#3369,.F.);
#4468=ORIENTED_EDGE('',*,*,#3370,.T.);
#4469=ORIENTED_EDGE('',*,*,#3371,.T.);
#4470=ORIENTED_EDGE('',*,*,#3367,.F.);
#4471=ORIENTED_EDGE('',*,*,#3372,.F.);
#4472=ORIENTED_EDGE('',*,*,#3373,.T.);
#4473=ORIENTED_EDGE('',*,*,#3374,.T.);
#4474=ORIENTED_EDGE('',*,*,#3370,.F.);
#4475=ORIENTED_EDGE('',*,*,#3375,.F.);
#4476=ORIENTED_EDGE('',*,*,#3376,.T.);
#4477=ORIENTED_EDGE('',*,*,#3377,.T.);
#4478=ORIENTED_EDGE('',*,*,#3373,.F.);
#4479=ORIENTED_EDGE('',*,*,#3378,.F.);
#4480=ORIENTED_EDGE('',*,*,#3379,.T.);
#4481=ORIENTED_EDGE('',*,*,#3380,.T.);
#4482=ORIENTED_EDGE('',*,*,#3376,.F.);
#4483=ORIENTED_EDGE('',*,*,#3381,.F.);
#4484=ORIENTED_EDGE('',*,*,#3382,.T.);
#4485=ORIENTED_EDGE('',*,*,#3383,.T.);
#4486=ORIENTED_EDGE('',*,*,#3379,.F.);
#4487=ORIENTED_EDGE('',*,*,#3384,.F.);
#4488=ORIENTED_EDGE('',*,*,#3385,.T.);
#4489=ORIENTED_EDGE('',*,*,#3386,.T.);
#4490=ORIENTED_EDGE('',*,*,#3382,.F.);
#4491=ORIENTED_EDGE('',*,*,#3387,.F.);
#4492=ORIENTED_EDGE('',*,*,#3388,.T.);
#4493=ORIENTED_EDGE('',*,*,#3389,.T.);
#4494=ORIENTED_EDGE('',*,*,#3385,.F.);
#4495=ORIENTED_EDGE('',*,*,#3390,.F.);
#4496=ORIENTED_EDGE('',*,*,#3391,.T.);
#4497=ORIENTED_EDGE('',*,*,#3392,.T.);
#4498=ORIENTED_EDGE('',*,*,#3388,.F.);
#4499=ORIENTED_EDGE('',*,*,#3393,.F.);
#4500=ORIENTED_EDGE('',*,*,#3394,.T.);
#4501=ORIENTED_EDGE('',*,*,#3395,.T.);
#4502=ORIENTED_EDGE('',*,*,#3391,.F.);
#4503=ORIENTED_EDGE('',*,*,#3396,.F.);
#4504=ORIENTED_EDGE('',*,*,#3397,.T.);
#4505=ORIENTED_EDGE('',*,*,#3398,.T.);
#4506=ORIENTED_EDGE('',*,*,#3394,.F.);
#4507=ORIENTED_EDGE('',*,*,#3399,.F.);
#4508=ORIENTED_EDGE('',*,*,#3400,.T.);
#4509=ORIENTED_EDGE('',*,*,#3401,.T.);
#4510=ORIENTED_EDGE('',*,*,#3397,.F.);
#4511=ORIENTED_EDGE('',*,*,#3402,.F.);
#4512=ORIENTED_EDGE('',*,*,#3403,.T.);
#4513=ORIENTED_EDGE('',*,*,#3404,.T.);
#4514=ORIENTED_EDGE('',*,*,#3400,.F.);
#4515=ORIENTED_EDGE('',*,*,#3405,.F.);
#4516=ORIENTED_EDGE('',*,*,#3406,.T.);
#4517=ORIENTED_EDGE('',*,*,#3407,.T.);
#4518=ORIENTED_EDGE('',*,*,#3403,.F.);
#4519=ORIENTED_EDGE('',*,*,#3408,.F.);
#4520=ORIENTED_EDGE('',*,*,#3409,.T.);
#4521=ORIENTED_EDGE('',*,*,#3410,.T.);
#4522=ORIENTED_EDGE('',*,*,#3406,.F.);
#4523=ORIENTED_EDGE('',*,*,#3411,.F.);
#4524=ORIENTED_EDGE('',*,*,#3412,.T.);
#4525=ORIENTED_EDGE('',*,*,#3413,.T.);
#4526=ORIENTED_EDGE('',*,*,#3409,.F.);
#4527=ORIENTED_EDGE('',*,*,#3414,.F.);
#4528=ORIENTED_EDGE('',*,*,#3415,.T.);
#4529=ORIENTED_EDGE('',*,*,#3416,.T.);
#4530=ORIENTED_EDGE('',*,*,#3412,.F.);
#4531=ORIENTED_EDGE('',*,*,#3417,.F.);
#4532=ORIENTED_EDGE('',*,*,#3418,.T.);
#4533=ORIENTED_EDGE('',*,*,#3419,.T.);
#4534=ORIENTED_EDGE('',*,*,#3415,.F.);
#4535=ORIENTED_EDGE('',*,*,#3420,.F.);
#4536=ORIENTED_EDGE('',*,*,#3421,.T.);
#4537=ORIENTED_EDGE('',*,*,#3422,.T.);
#4538=ORIENTED_EDGE('',*,*,#3418,.F.);
#4539=ORIENTED_EDGE('',*,*,#3423,.F.);
#4540=ORIENTED_EDGE('',*,*,#3424,.T.);
#4541=ORIENTED_EDGE('',*,*,#3425,.T.);
#4542=ORIENTED_EDGE('',*,*,#3421,.F.);
#4543=ORIENTED_EDGE('',*,*,#3426,.F.);
#4544=ORIENTED_EDGE('',*,*,#3427,.T.);
#4545=ORIENTED_EDGE('',*,*,#3428,.T.);
#4546=ORIENTED_EDGE('',*,*,#3424,.F.);
#4547=ORIENTED_EDGE('',*,*,#3429,.F.);
#4548=ORIENTED_EDGE('',*,*,#3430,.T.);
#4549=ORIENTED_EDGE('',*,*,#3431,.T.);
#4550=ORIENTED_EDGE('',*,*,#3427,.F.);
#4551=ORIENTED_EDGE('',*,*,#3432,.F.);
#4552=ORIENTED_EDGE('',*,*,#3433,.T.);
#4553=ORIENTED_EDGE('',*,*,#3434,.T.);
#4554=ORIENTED_EDGE('',*,*,#3430,.F.);
#4555=ORIENTED_EDGE('',*,*,#3435,.F.);
#4556=ORIENTED_EDGE('',*,*,#3436,.T.);
#4557=ORIENTED_EDGE('',*,*,#3437,.T.);
#4558=ORIENTED_EDGE('',*,*,#3433,.F.);
#4559=ORIENTED_EDGE('',*,*,#3438,.F.);
#4560=ORIENTED_EDGE('',*,*,#3439,.T.);
#4561=ORIENTED_EDGE('',*,*,#3440,.T.);
#4562=ORIENTED_EDGE('',*,*,#3436,.F.);
#4563=ORIENTED_EDGE('',*,*,#3441,.F.);
#4564=ORIENTED_EDGE('',*,*,#3442,.T.);
#4565=ORIENTED_EDGE('',*,*,#3443,.T.);
#4566=ORIENTED_EDGE('',*,*,#3439,.F.);
#4567=ORIENTED_EDGE('',*,*,#3444,.F.);
#4568=ORIENTED_EDGE('',*,*,#3445,.T.);
#4569=ORIENTED_EDGE('',*,*,#3446,.T.);
#4570=ORIENTED_EDGE('',*,*,#3442,.F.);
#4571=ORIENTED_EDGE('',*,*,#3447,.F.);
#4572=ORIENTED_EDGE('',*,*,#3448,.T.);
#4573=ORIENTED_EDGE('',*,*,#3449,.T.);
#4574=ORIENTED_EDGE('',*,*,#3445,.F.);
#4575=ORIENTED_EDGE('',*,*,#3450,.F.);
#4576=ORIENTED_EDGE('',*,*,#3451,.T.);
#4577=ORIENTED_EDGE('',*,*,#3452,.T.);
#4578=ORIENTED_EDGE('',*,*,#3448,.F.);
#4579=ORIENTED_EDGE('',*,*,#3453,.F.);
#4580=ORIENTED_EDGE('',*,*,#3454,.T.);
#4581=ORIENTED_EDGE('',*,*,#3455,.T.);
#4582=ORIENTED_EDGE('',*,*,#3451,.F.);
#4583=ORIENTED_EDGE('',*,*,#3456,.F.);
#4584=ORIENTED_EDGE('',*,*,#3457,.T.);
#4585=ORIENTED_EDGE('',*,*,#3458,.T.);
#4586=ORIENTED_EDGE('',*,*,#3454,.F.);
#4587=ORIENTED_EDGE('',*,*,#3459,.F.);
#4588=ORIENTED_EDGE('',*,*,#3460,.T.);
#4589=ORIENTED_EDGE('',*,*,#3461,.T.);
#4590=ORIENTED_EDGE('',*,*,#3457,.F.);
#4591=ORIENTED_EDGE('',*,*,#3462,.F.);
#4592=ORIENTED_EDGE('',*,*,#3463,.T.);
#4593=ORIENTED_EDGE('',*,*,#3464,.T.);
#4594=ORIENTED_EDGE('',*,*,#3460,.F.);
#4595=ORIENTED_EDGE('',*,*,#3465,.F.);
#4596=ORIENTED_EDGE('',*,*,#3466,.T.);
#4597=ORIENTED_EDGE('',*,*,#3467,.T.);
#4598=ORIENTED_EDGE('',*,*,#3463,.F.);
#4599=ORIENTED_EDGE('',*,*,#3468,.F.);
#4600=ORIENTED_EDGE('',*,*,#3469,.T.);
#4601=ORIENTED_EDGE('',*,*,#3470,.T.);
#4602=ORIENTED_EDGE('',*,*,#3466,.F.);
#4603=ORIENTED_EDGE('',*,*,#3471,.F.);
#4604=ORIENTED_EDGE('',*,*,#3472,.T.);
#4605=ORIENTED_EDGE('',*,*,#3473,.T.);
#4606=ORIENTED_EDGE('',*,*,#3469,.F.);
#4607=ORIENTED_EDGE('',*,*,#3474,.F.);
#4608=ORIENTED_EDGE('',*,*,#3475,.T.);
#4609=ORIENTED_EDGE('',*,*,#3476,.T.);
#4610=ORIENTED_EDGE('',*,*,#3472,.F.);
#4611=ORIENTED_EDGE('',*,*,#3477,.F.);
#4612=ORIENTED_EDGE('',*,*,#3478,.T.);
#4613=ORIENTED_EDGE('',*,*,#3479,.T.);
#4614=ORIENTED_EDGE('',*,*,#3475,.F.);
#4615=ORIENTED_EDGE('',*,*,#3480,.F.);
#4616=ORIENTED_EDGE('',*,*,#3481,.T.);
#4617=ORIENTED_EDGE('',*,*,#3482,.T.);
#4618=ORIENTED_EDGE('',*,*,#3478,.F.);
#4619=ORIENTED_EDGE('',*,*,#3483,.F.);
#4620=ORIENTED_EDGE('',*,*,#3484,.T.);
#4621=ORIENTED_EDGE('',*,*,#3485,.T.);
#4622=ORIENTED_EDGE('',*,*,#3481,.F.);
#4623=ORIENTED_EDGE('',*,*,#3486,.F.);
#4624=ORIENTED_EDGE('',*,*,#3487,.T.);
#4625=ORIENTED_EDGE('',*,*,#3488,.T.);
#4626=ORIENTED_EDGE('',*,*,#3484,.F.);
#4627=ORIENTED_EDGE('',*,*,#3489,.F.);
#4628=ORIENTED_EDGE('',*,*,#3490,.T.);
#4629=ORIENTED_EDGE('',*,*,#3491,.T.);
#4630=ORIENTED_EDGE('',*,*,#3487,.F.);
#4631=ORIENTED_EDGE('',*,*,#3492,.F.);
#4632=ORIENTED_EDGE('',*,*,#3493,.T.);
#4633=ORIENTED_EDGE('',*,*,#3494,.T.);
#4634=ORIENTED_EDGE('',*,*,#3490,.F.);
#4635=ORIENTED_EDGE('',*,*,#3495,.F.);
#4636=ORIENTED_EDGE('',*,*,#3496,.T.);
#4637=ORIENTED_EDGE('',*,*,#3497,.T.);
#4638=ORIENTED_EDGE('',*,*,#3493,.F.);
#4639=ORIENTED_EDGE('',*,*,#3498,.F.);
#4640=ORIENTED_EDGE('',*,*,#3499,.T.);
#4641=ORIENTED_EDGE('',*,*,#3500,.T.);
#4642=ORIENTED_EDGE('',*,*,#3496,.F.);
#4643=ORIENTED_EDGE('',*,*,#3501,.F.);
#4644=ORIENTED_EDGE('',*,*,#3502,.T.);
#4645=ORIENTED_EDGE('',*,*,#3503,.T.);
#4646=ORIENTED_EDGE('',*,*,#3499,.F.);
#4647=ORIENTED_EDGE('',*,*,#3504,.F.);
#4648=ORIENTED_EDGE('',*,*,#3505,.T.);
#4649=ORIENTED_EDGE('',*,*,#3506,.T.);
#4650=ORIENTED_EDGE('',*,*,#3502,.F.);
#4651=ORIENTED_EDGE('',*,*,#3507,.F.);
#4652=ORIENTED_EDGE('',*,*,#3508,.T.);
#4653=ORIENTED_EDGE('',*,*,#3509,.T.);
#4654=ORIENTED_EDGE('',*,*,#3505,.F.);
#4655=ORIENTED_EDGE('',*,*,#3510,.F.);
#4656=ORIENTED_EDGE('',*,*,#3511,.T.);
#4657=ORIENTED_EDGE('',*,*,#3512,.T.);
#4658=ORIENTED_EDGE('',*,*,#3508,.F.);
#4659=ORIENTED_EDGE('',*,*,#3513,.F.);
#4660=ORIENTED_EDGE('',*,*,#3514,.T.);
#4661=ORIENTED_EDGE('',*,*,#3515,.T.);
#4662=ORIENTED_EDGE('',*,*,#3511,.F.);
#4663=ORIENTED_EDGE('',*,*,#3516,.F.);
#4664=ORIENTED_EDGE('',*,*,#3517,.T.);
#4665=ORIENTED_EDGE('',*,*,#3518,.T.);
#4666=ORIENTED_EDGE('',*,*,#3514,.F.);
#4667=ORIENTED_EDGE('',*,*,#3519,.F.);
#4668=ORIENTED_EDGE('',*,*,#3520,.T.);
#4669=ORIENTED_EDGE('',*,*,#3521,.T.);
#4670=ORIENTED_EDGE('',*,*,#3517,.F.);
#4671=ORIENTED_EDGE('',*,*,#3522,.F.);
#4672=ORIENTED_EDGE('',*,*,#3523,.T.);
#4673=ORIENTED_EDGE('',*,*,#3524,.T.);
#4674=ORIENTED_EDGE('',*,*,#3520,.F.);
#4675=ORIENTED_EDGE('',*,*,#3525,.F.);
#4676=ORIENTED_EDGE('',*,*,#3526,.T.);
#4677=ORIENTED_EDGE('',*,*,#3527,.T.);
#4678=ORIENTED_EDGE('',*,*,#3523,.F.);
#4679=ORIENTED_EDGE('',*,*,#3528,.F.);
#4680=ORIENTED_EDGE('',*,*,#3529,.T.);
#4681=ORIENTED_EDGE('',*,*,#3530,.T.);
#4682=ORIENTED_EDGE('',*,*,#3526,.F.);
#4683=ORIENTED_EDGE('',*,*,#3531,.F.);
#4684=ORIENTED_EDGE('',*,*,#3532,.T.);
#4685=ORIENTED_EDGE('',*,*,#3533,.T.);
#4686=ORIENTED_EDGE('',*,*,#3529,.F.);
#4687=ORIENTED_EDGE('',*,*,#3534,.F.);
#4688=ORIENTED_EDGE('',*,*,#3535,.T.);
#4689=ORIENTED_EDGE('',*,*,#3536,.T.);
#4690=ORIENTED_EDGE('',*,*,#3532,.F.);
#4691=ORIENTED_EDGE('',*,*,#3537,.F.);
#4692=ORIENTED_EDGE('',*,*,#3538,.T.);
#4693=ORIENTED_EDGE('',*,*,#3539,.T.);
#4694=ORIENTED_EDGE('',*,*,#3535,.F.);
#4695=ORIENTED_EDGE('',*,*,#3540,.F.);
#4696=ORIENTED_EDGE('',*,*,#3541,.T.);
#4697=ORIENTED_EDGE('',*,*,#3542,.T.);
#4698=ORIENTED_EDGE('',*,*,#3538,.F.);
#4699=ORIENTED_EDGE('',*,*,#3543,.F.);
#4700=ORIENTED_EDGE('',*,*,#3544,.T.);
#4701=ORIENTED_EDGE('',*,*,#3545,.T.);
#4702=ORIENTED_EDGE('',*,*,#3541,.F.);
#4703=ORIENTED_EDGE('',*,*,#3546,.F.);
#4704=ORIENTED_EDGE('',*,*,#3547,.T.);
#4705=ORIENTED_EDGE('',*,*,#3548,.T.);
#4706=ORIENTED_EDGE('',*,*,#3544,.F.);
#4707=ORIENTED_EDGE('',*,*,#3549,.F.);
#4708=ORIENTED_EDGE('',*,*,#3550,.T.);
#4709=ORIENTED_EDGE('',*,*,#3551,.T.);
#4710=ORIENTED_EDGE('',*,*,#3547,.F.);
#4711=ORIENTED_EDGE('',*,*,#3552,.F.);
#4712=ORIENTED_EDGE('',*,*,#3553,.T.);
#4713=ORIENTED_EDGE('',*,*,#3554,.T.);
#4714=ORIENTED_EDGE('',*,*,#3550,.F.);
#4715=ORIENTED_EDGE('',*,*,#3555,.F.);
#4716=ORIENTED_EDGE('',*,*,#3556,.T.);
#4717=ORIENTED_EDGE('',*,*,#3557,.T.);
#4718=ORIENTED_EDGE('',*,*,#3553,.F.);
#4719=ORIENTED_EDGE('',*,*,#3558,.F.);
#4720=ORIENTED_EDGE('',*,*,#3559,.T.);
#4721=ORIENTED_EDGE('',*,*,#3560,.T.);
#4722=ORIENTED_EDGE('',*,*,#3556,.F.);
#4723=ORIENTED_EDGE('',*,*,#3561,.F.);
#4724=ORIENTED_EDGE('',*,*,#3562,.T.);
#4725=ORIENTED_EDGE('',*,*,#3563,.T.);
#4726=ORIENTED_EDGE('',*,*,#3559,.F.);
#4727=ORIENTED_EDGE('',*,*,#3564,.F.);
#4728=ORIENTED_EDGE('',*,*,#3565,.T.);
#4729=ORIENTED_EDGE('',*,*,#3566,.T.);
#4730=ORIENTED_EDGE('',*,*,#3562,.F.);
#4731=ORIENTED_EDGE('',*,*,#3567,.F.);
#4732=ORIENTED_EDGE('',*,*,#3568,.T.);
#4733=ORIENTED_EDGE('',*,*,#3569,.T.);
#4734=ORIENTED_EDGE('',*,*,#3565,.F.);
#4735=ORIENTED_EDGE('',*,*,#3570,.F.);
#4736=ORIENTED_EDGE('',*,*,#3571,.T.);
#4737=ORIENTED_EDGE('',*,*,#3572,.T.);
#4738=ORIENTED_EDGE('',*,*,#3568,.F.);
#4739=ORIENTED_EDGE('',*,*,#3573,.F.);
#4740=ORIENTED_EDGE('',*,*,#3574,.T.);
#4741=ORIENTED_EDGE('',*,*,#3575,.T.);
#4742=ORIENTED_EDGE('',*,*,#3571,.F.);
#4743=ORIENTED_EDGE('',*,*,#3576,.F.);
#4744=ORIENTED_EDGE('',*,*,#3577,.T.);
#4745=ORIENTED_EDGE('',*,*,#3578,.T.);
#4746=ORIENTED_EDGE('',*,*,#3574,.F.);
#4747=ORIENTED_EDGE('',*,*,#3579,.F.);
#4748=ORIENTED_EDGE('',*,*,#3580,.T.);
#4749=ORIENTED_EDGE('',*,*,#3581,.T.);
#4750=ORIENTED_EDGE('',*,*,#3577,.F.);
#4751=ORIENTED_EDGE('',*,*,#3582,.F.);
#4752=ORIENTED_EDGE('',*,*,#3583,.T.);
#4753=ORIENTED_EDGE('',*,*,#3584,.T.);
#4754=ORIENTED_EDGE('',*,*,#3580,.F.);
#4755=ORIENTED_EDGE('',*,*,#3585,.F.);
#4756=ORIENTED_EDGE('',*,*,#3586,.T.);
#4757=ORIENTED_EDGE('',*,*,#3587,.T.);
#4758=ORIENTED_EDGE('',*,*,#3583,.F.);
#4759=ORIENTED_EDGE('',*,*,#3588,.F.);
#4760=ORIENTED_EDGE('',*,*,#3589,.T.);
#4761=ORIENTED_EDGE('',*,*,#3590,.T.);
#4762=ORIENTED_EDGE('',*,*,#3586,.F.);
#4763=ORIENTED_EDGE('',*,*,#3591,.F.);
#4764=ORIENTED_EDGE('',*,*,#3592,.T.);
#4765=ORIENTED_EDGE('',*,*,#3593,.T.);
#4766=ORIENTED_EDGE('',*,*,#3589,.F.);
#4767=ORIENTED_EDGE('',*,*,#3594,.F.);
#4768=ORIENTED_EDGE('',*,*,#3595,.T.);
#4769=ORIENTED_EDGE('',*,*,#3596,.T.);
#4770=ORIENTED_EDGE('',*,*,#3592,.F.);
#4771=ORIENTED_EDGE('',*,*,#3597,.F.);
#4772=ORIENTED_EDGE('',*,*,#3598,.T.);
#4773=ORIENTED_EDGE('',*,*,#3599,.T.);
#4774=ORIENTED_EDGE('',*,*,#3595,.F.);
#4775=ORIENTED_EDGE('',*,*,#3600,.F.);
#4776=ORIENTED_EDGE('',*,*,#3601,.T.);
#4777=ORIENTED_EDGE('',*,*,#3602,.T.);
#4778=ORIENTED_EDGE('',*,*,#3598,.F.);
#4779=ORIENTED_EDGE('',*,*,#3603,.F.);
#4780=ORIENTED_EDGE('',*,*,#3604,.T.);
#4781=ORIENTED_EDGE('',*,*,#3605,.T.);
#4782=ORIENTED_EDGE('',*,*,#3601,.F.);
#4783=ORIENTED_EDGE('',*,*,#3606,.F.);
#4784=ORIENTED_EDGE('',*,*,#3607,.T.);
#4785=ORIENTED_EDGE('',*,*,#3608,.T.);
#4786=ORIENTED_EDGE('',*,*,#3604,.F.);
#4787=ORIENTED_EDGE('',*,*,#3609,.F.);
#4788=ORIENTED_EDGE('',*,*,#3610,.T.);
#4789=ORIENTED_EDGE('',*,*,#3611,.T.);
#4790=ORIENTED_EDGE('',*,*,#3607,.F.);
#4791=ORIENTED_EDGE('',*,*,#3612,.F.);
#4792=ORIENTED_EDGE('',*,*,#3613,.T.);
#4793=ORIENTED_EDGE('',*,*,#3614,.T.);
#4794=ORIENTED_EDGE('',*,*,#3610,.F.);
#4795=ORIENTED_EDGE('',*,*,#3615,.F.);
#4796=ORIENTED_EDGE('',*,*,#3616,.T.);
#4797=ORIENTED_EDGE('',*,*,#3617,.T.);
#4798=ORIENTED_EDGE('',*,*,#3613,.F.);
#4799=ORIENTED_EDGE('',*,*,#3618,.F.);
#4800=ORIENTED_EDGE('',*,*,#3619,.T.);
#4801=ORIENTED_EDGE('',*,*,#3620,.T.);
#4802=ORIENTED_EDGE('',*,*,#3616,.F.);
#4803=ORIENTED_EDGE('',*,*,#3621,.F.);
#4804=ORIENTED_EDGE('',*,*,#3622,.T.);
#4805=ORIENTED_EDGE('',*,*,#3623,.T.);
#4806=ORIENTED_EDGE('',*,*,#3619,.F.);
#4807=ORIENTED_EDGE('',*,*,#3624,.F.);
#4808=ORIENTED_EDGE('',*,*,#3625,.T.);
#4809=ORIENTED_EDGE('',*,*,#3626,.T.);
#4810=ORIENTED_EDGE('',*,*,#3622,.F.);
#4811=ORIENTED_EDGE('',*,*,#3627,.F.);
#4812=ORIENTED_EDGE('',*,*,#3628,.T.);
#4813=ORIENTED_EDGE('',*,*,#3629,.T.);
#4814=ORIENTED_EDGE('',*,*,#3625,.F.);
#4815=ORIENTED_EDGE('',*,*,#3630,.F.);
#4816=ORIENTED_EDGE('',*,*,#3631,.T.);
#4817=ORIENTED_EDGE('',*,*,#3632,.T.);
#4818=ORIENTED_EDGE('',*,*,#3628,.F.);
#4819=ORIENTED_EDGE('',*,*,#3633,.F.);
#4820=ORIENTED_EDGE('',*,*,#3634,.T.);
#4821=ORIENTED_EDGE('',*,*,#3635,.T.);
#4822=ORIENTED_EDGE('',*,*,#3631,.F.);
#4823=ORIENTED_EDGE('',*,*,#3636,.F.);
#4824=ORIENTED_EDGE('',*,*,#3637,.T.);
#4825=ORIENTED_EDGE('',*,*,#3638,.T.);
#4826=ORIENTED_EDGE('',*,*,#3634,.F.);
#4827=ORIENTED_EDGE('',*,*,#3639,.F.);
#4828=ORIENTED_EDGE('',*,*,#3640,.T.);
#4829=ORIENTED_EDGE('',*,*,#3641,.T.);
#4830=ORIENTED_EDGE('',*,*,#3637,.F.);
#4831=ORIENTED_EDGE('',*,*,#3642,.F.);
#4832=ORIENTED_EDGE('',*,*,#3643,.T.);
#4833=ORIENTED_EDGE('',*,*,#3644,.T.);
#4834=ORIENTED_EDGE('',*,*,#3640,.F.);
#4835=ORIENTED_EDGE('',*,*,#3645,.F.);
#4836=ORIENTED_EDGE('',*,*,#3646,.T.);
#4837=ORIENTED_EDGE('',*,*,#3647,.T.);
#4838=ORIENTED_EDGE('',*,*,#3643,.F.);
#4839=ORIENTED_EDGE('',*,*,#3648,.F.);
#4840=ORIENTED_EDGE('',*,*,#3649,.T.);
#4841=ORIENTED_EDGE('',*,*,#3650,.T.);
#4842=ORIENTED_EDGE('',*,*,#3646,.F.);
#4843=ORIENTED_EDGE('',*,*,#3651,.F.);
#4844=ORIENTED_EDGE('',*,*,#3652,.T.);
#4845=ORIENTED_EDGE('',*,*,#3653,.T.);
#4846=ORIENTED_EDGE('',*,*,#3649,.F.);
#4847=ORIENTED_EDGE('',*,*,#3654,.F.);
#4848=ORIENTED_EDGE('',*,*,#3655,.T.);
#4849=ORIENTED_EDGE('',*,*,#3656,.T.);
#4850=ORIENTED_EDGE('',*,*,#3652,.F.);
#4851=ORIENTED_EDGE('',*,*,#3657,.F.);
#4852=ORIENTED_EDGE('',*,*,#3658,.T.);
#4853=ORIENTED_EDGE('',*,*,#3659,.T.);
#4854=ORIENTED_EDGE('',*,*,#3655,.F.);
#4855=ORIENTED_EDGE('',*,*,#3660,.F.);
#4856=ORIENTED_EDGE('',*,*,#3661,.T.);
#4857=ORIENTED_EDGE('',*,*,#3662,.T.);
#4858=ORIENTED_EDGE('',*,*,#3658,.F.);
#4859=ORIENTED_EDGE('',*,*,#3663,.F.);
#4860=ORIENTED_EDGE('',*,*,#3664,.T.);
#4861=ORIENTED_EDGE('',*,*,#3665,.T.);
#4862=ORIENTED_EDGE('',*,*,#3661,.F.);
#4863=ORIENTED_EDGE('',*,*,#3666,.F.);
#4864=ORIENTED_EDGE('',*,*,#3667,.T.);
#4865=ORIENTED_EDGE('',*,*,#3668,.T.);
#4866=ORIENTED_EDGE('',*,*,#3664,.F.);
#4867=ORIENTED_EDGE('',*,*,#3669,.F.);
#4868=ORIENTED_EDGE('',*,*,#3670,.T.);
#4869=ORIENTED_EDGE('',*,*,#3671,.T.);
#4870=ORIENTED_EDGE('',*,*,#3667,.F.);
#4871=ORIENTED_EDGE('',*,*,#3672,.F.);
#4872=ORIENTED_EDGE('',*,*,#3673,.T.);
#4873=ORIENTED_EDGE('',*,*,#3674,.T.);
#4874=ORIENTED_EDGE('',*,*,#3670,.F.);
#4875=ORIENTED_EDGE('',*,*,#3675,.F.);
#4876=ORIENTED_EDGE('',*,*,#3676,.T.);
#4877=ORIENTED_EDGE('',*,*,#3677,.T.);
#4878=ORIENTED_EDGE('',*,*,#3673,.F.);
#4879=ORIENTED_EDGE('',*,*,#3678,.F.);
#4880=ORIENTED_EDGE('',*,*,#3679,.T.);
#4881=ORIENTED_EDGE('',*,*,#3680,.T.);
#4882=ORIENTED_EDGE('',*,*,#3676,.F.);
#4883=ORIENTED_EDGE('',*,*,#3681,.F.);
#4884=ORIENTED_EDGE('',*,*,#3682,.T.);
#4885=ORIENTED_EDGE('',*,*,#3683,.T.);
#4886=ORIENTED_EDGE('',*,*,#3679,.F.);
#4887=ORIENTED_EDGE('',*,*,#3684,.F.);
#4888=ORIENTED_EDGE('',*,*,#3685,.T.);
#4889=ORIENTED_EDGE('',*,*,#3686,.T.);
#4890=ORIENTED_EDGE('',*,*,#3682,.F.);
#4891=ORIENTED_EDGE('',*,*,#3687,.F.);
#4892=ORIENTED_EDGE('',*,*,#3688,.T.);
#4893=ORIENTED_EDGE('',*,*,#3689,.T.);
#4894=ORIENTED_EDGE('',*,*,#3685,.F.);
#4895=ORIENTED_EDGE('',*,*,#3690,.F.);
#4896=ORIENTED_EDGE('',*,*,#3691,.T.);
#4897=ORIENTED_EDGE('',*,*,#3692,.T.);
#4898=ORIENTED_EDGE('',*,*,#3688,.F.);
#4899=ORIENTED_EDGE('',*,*,#3693,.F.);
#4900=ORIENTED_EDGE('',*,*,#3694,.T.);
#4901=ORIENTED_EDGE('',*,*,#3695,.T.);
#4902=ORIENTED_EDGE('',*,*,#3691,.F.);
#4903=ORIENTED_EDGE('',*,*,#3696,.F.);
#4904=ORIENTED_EDGE('',*,*,#3697,.T.);
#4905=ORIENTED_EDGE('',*,*,#3698,.T.);
#4906=ORIENTED_EDGE('',*,*,#3694,.F.);
#4907=ORIENTED_EDGE('',*,*,#3699,.F.);
#4908=ORIENTED_EDGE('',*,*,#3700,.T.);
#4909=ORIENTED_EDGE('',*,*,#3701,.T.);
#4910=ORIENTED_EDGE('',*,*,#3697,.F.);
#4911=ORIENTED_EDGE('',*,*,#3702,.F.);
#4912=ORIENTED_EDGE('',*,*,#3703,.T.);
#4913=ORIENTED_EDGE('',*,*,#3704,.T.);
#4914=ORIENTED_EDGE('',*,*,#3700,.F.);
#4915=ORIENTED_EDGE('',*,*,#3705,.F.);
#4916=ORIENTED_EDGE('',*,*,#3706,.T.);
#4917=ORIENTED_EDGE('',*,*,#3707,.T.);
#4918=ORIENTED_EDGE('',*,*,#3703,.F.);
#4919=ORIENTED_EDGE('',*,*,#3708,.F.);
#4920=ORIENTED_EDGE('',*,*,#3709,.T.);
#4921=ORIENTED_EDGE('',*,*,#3710,.T.);
#4922=ORIENTED_EDGE('',*,*,#3706,.F.);
#4923=ORIENTED_EDGE('',*,*,#3711,.F.);
#4924=ORIENTED_EDGE('',*,*,#3712,.T.);
#4925=ORIENTED_EDGE('',*,*,#3713,.T.);
#4926=ORIENTED_EDGE('',*,*,#3709,.F.);
#4927=ORIENTED_EDGE('',*,*,#3714,.F.);
#4928=ORIENTED_EDGE('',*,*,#3715,.T.);
#4929=ORIENTED_EDGE('',*,*,#3716,.T.);
#4930=ORIENTED_EDGE('',*,*,#3712,.F.);
#4931=ORIENTED_EDGE('',*,*,#3717,.F.);
#4932=ORIENTED_EDGE('',*,*,#3718,.T.);
#4933=ORIENTED_EDGE('',*,*,#3719,.T.);
#4934=ORIENTED_EDGE('',*,*,#3715,.F.);
#4935=ORIENTED_EDGE('',*,*,#3720,.F.);
#4936=ORIENTED_EDGE('',*,*,#3721,.T.);
#4937=ORIENTED_EDGE('',*,*,#3722,.T.);
#4938=ORIENTED_EDGE('',*,*,#3718,.F.);
#4939=ORIENTED_EDGE('',*,*,#3723,.F.);
#4940=ORIENTED_EDGE('',*,*,#3724,.T.);
#4941=ORIENTED_EDGE('',*,*,#3725,.T.);
#4942=ORIENTED_EDGE('',*,*,#3721,.F.);
#4943=ORIENTED_EDGE('',*,*,#3726,.F.);
#4944=ORIENTED_EDGE('',*,*,#3727,.T.);
#4945=ORIENTED_EDGE('',*,*,#3728,.T.);
#4946=ORIENTED_EDGE('',*,*,#3724,.F.);
#4947=ORIENTED_EDGE('',*,*,#3729,.F.);
#4948=ORIENTED_EDGE('',*,*,#3730,.T.);
#4949=ORIENTED_EDGE('',*,*,#3731,.T.);
#4950=ORIENTED_EDGE('',*,*,#3727,.F.);
#4951=ORIENTED_EDGE('',*,*,#3732,.F.);
#4952=ORIENTED_EDGE('',*,*,#3733,.T.);
#4953=ORIENTED_EDGE('',*,*,#3734,.T.);
#4954=ORIENTED_EDGE('',*,*,#3730,.F.);
#4955=ORIENTED_EDGE('',*,*,#3735,.F.);
#4956=ORIENTED_EDGE('',*,*,#3736,.T.);
#4957=ORIENTED_EDGE('',*,*,#3737,.T.);
#4958=ORIENTED_EDGE('',*,*,#3733,.F.);
#4959=ORIENTED_EDGE('',*,*,#3738,.F.);
#4960=ORIENTED_EDGE('',*,*,#3739,.T.);
#4961=ORIENTED_EDGE('',*,*,#3740,.T.);
#4962=ORIENTED_EDGE('',*,*,#3736,.F.);
#4963=ORIENTED_EDGE('',*,*,#3741,.F.);
#4964=ORIENTED_EDGE('',*,*,#3742,.T.);
#4965=ORIENTED_EDGE('',*,*,#3743,.T.);
#4966=ORIENTED_EDGE('',*,*,#3739,.F.);
#4967=ORIENTED_EDGE('',*,*,#3744,.F.);
#4968=ORIENTED_EDGE('',*,*,#3745,.T.);
#4969=ORIENTED_EDGE('',*,*,#3746,.T.);
#4970=ORIENTED_EDGE('',*,*,#3742,.F.);
#4971=ORIENTED_EDGE('',*,*,#3747,.F.);
#4972=ORIENTED_EDGE('',*,*,#3748,.T.);
#4973=ORIENTED_EDGE('',*,*,#3749,.T.);
#4974=ORIENTED_EDGE('',*,*,#3745,.F.);
#4975=ORIENTED_EDGE('',*,*,#3750,.F.);
#4976=ORIENTED_EDGE('',*,*,#3751,.T.);
#4977=ORIENTED_EDGE('',*,*,#3752,.T.);
#4978=ORIENTED_EDGE('',*,*,#3748,.F.);
#4979=ORIENTED_EDGE('',*,*,#3753,.F.);
#4980=ORIENTED_EDGE('',*,*,#3754,.T.);
#4981=ORIENTED_EDGE('',*,*,#3755,.T.);
#4982=ORIENTED_EDGE('',*,*,#3751,.F.);
#4983=ORIENTED_EDGE('',*,*,#3756,.F.);
#4984=ORIENTED_EDGE('',*,*,#3757,.T.);
#4985=ORIENTED_EDGE('',*,*,#3758,.T.);
#4986=ORIENTED_EDGE('',*,*,#3754,.F.);
#4987=ORIENTED_EDGE('',*,*,#3759,.F.);
#4988=ORIENTED_EDGE('',*,*,#3760,.T.);
#4989=ORIENTED_EDGE('',*,*,#3761,.T.);
#4990=ORIENTED_EDGE('',*,*,#3757,.F.);
#4991=ORIENTED_EDGE('',*,*,#3762,.F.);
#4992=ORIENTED_EDGE('',*,*,#3763,.T.);
#4993=ORIENTED_EDGE('',*,*,#3764,.T.);
#4994=ORIENTED_EDGE('',*,*,#3760,.F.);
#4995=ORIENTED_EDGE('',*,*,#3765,.F.);
#4996=ORIENTED_EDGE('',*,*,#3766,.T.);
#4997=ORIENTED_EDGE('',*,*,#3767,.T.);
#4998=ORIENTED_EDGE('',*,*,#3763,.F.);
#4999=ORIENTED_EDGE('',*,*,#3768,.F.);
#5000=ORIENTED_EDGE('',*,*,#3769,.T.);
#5001=ORIENTED_EDGE('',*,*,#3770,.T.);
#5002=ORIENTED_EDGE('',*,*,#3766,.F.);
#5003=ORIENTED_EDGE('',*,*,#3771,.F.);
#5004=ORIENTED_EDGE('',*,*,#3772,.T.);
#5005=ORIENTED_EDGE('',*,*,#3773,.T.);
#5006=ORIENTED_EDGE('',*,*,#3769,.F.);
#5007=ORIENTED_EDGE('',*,*,#3774,.F.);
#5008=ORIENTED_EDGE('',*,*,#3775,.T.);
#5009=ORIENTED_EDGE('',*,*,#3776,.T.);
#5010=ORIENTED_EDGE('',*,*,#3772,.F.);
#5011=ORIENTED_EDGE('',*,*,#3777,.F.);
#5012=ORIENTED_EDGE('',*,*,#3778,.T.);
#5013=ORIENTED_EDGE('',*,*,#3779,.T.);
#5014=ORIENTED_EDGE('',*,*,#3775,.F.);
#5015=ORIENTED_EDGE('',*,*,#3780,.F.);
#5016=ORIENTED_EDGE('',*,*,#3781,.T.);
#5017=ORIENTED_EDGE('',*,*,#3782,.T.);
#5018=ORIENTED_EDGE('',*,*,#3778,.F.);
#5019=ORIENTED_EDGE('',*,*,#3783,.F.);
#5020=ORIENTED_EDGE('',*,*,#3784,.T.);
#5021=ORIENTED_EDGE('',*,*,#3785,.T.);
#5022=ORIENTED_EDGE('',*,*,#3781,.F.);
#5023=ORIENTED_EDGE('',*,*,#3786,.F.);
#5024=ORIENTED_EDGE('',*,*,#3787,.T.);
#5025=ORIENTED_EDGE('',*,*,#3788,.T.);
#5026=ORIENTED_EDGE('',*,*,#3784,.F.);
#5027=ORIENTED_EDGE('',*,*,#3789,.F.);
#5028=ORIENTED_EDGE('',*,*,#3790,.T.);
#5029=ORIENTED_EDGE('',*,*,#3791,.T.);
#5030=ORIENTED_EDGE('',*,*,#3787,.F.);
#5031=ORIENTED_EDGE('',*,*,#3792,.F.);
#5032=ORIENTED_EDGE('',*,*,#3793,.T.);
#5033=ORIENTED_EDGE('',*,*,#3794,.T.);
#5034=ORIENTED_EDGE('',*,*,#3790,.F.);
#5035=ORIENTED_EDGE('',*,*,#3795,.F.);
#5036=ORIENTED_EDGE('',*,*,#3796,.T.);
#5037=ORIENTED_EDGE('',*,*,#3797,.T.);
#5038=ORIENTED_EDGE('',*,*,#3793,.F.);
#5039=ORIENTED_EDGE('',*,*,#3798,.F.);
#5040=ORIENTED_EDGE('',*,*,#3799,.T.);
#5041=ORIENTED_EDGE('',*,*,#3800,.T.);
#5042=ORIENTED_EDGE('',*,*,#3796,.F.);
#5043=ORIENTED_EDGE('',*,*,#3801,.F.);
#5044=ORIENTED_EDGE('',*,*,#3802,.T.);
#5045=ORIENTED_EDGE('',*,*,#3803,.T.);
#5046=ORIENTED_EDGE('',*,*,#3799,.F.);
#5047=ORIENTED_EDGE('',*,*,#3804,.F.);
#5048=ORIENTED_EDGE('',*,*,#3805,.T.);
#5049=ORIENTED_EDGE('',*,*,#3806,.T.);
#5050=ORIENTED_EDGE('',*,*,#3802,.F.);
#5051=ORIENTED_EDGE('',*,*,#3807,.F.);
#5052=ORIENTED_EDGE('',*,*,#3808,.T.);
#5053=ORIENTED_EDGE('',*,*,#3809,.T.);
#5054=ORIENTED_EDGE('',*,*,#3805,.F.);
#5055=ORIENTED_EDGE('',*,*,#3810,.F.);
#5056=ORIENTED_EDGE('',*,*,#3811,.T.);
#5057=ORIENTED_EDGE('',*,*,#3812,.T.);
#5058=ORIENTED_EDGE('',*,*,#3808,.F.);
#5059=ORIENTED_EDGE('',*,*,#3813,.F.);
#5060=ORIENTED_EDGE('',*,*,#3814,.T.);
#5061=ORIENTED_EDGE('',*,*,#3815,.T.);
#5062=ORIENTED_EDGE('',*,*,#3811,.F.);
#5063=ORIENTED_EDGE('',*,*,#3816,.F.);
#5064=ORIENTED_EDGE('',*,*,#3817,.T.);
#5065=ORIENTED_EDGE('',*,*,#3818,.T.);
#5066=ORIENTED_EDGE('',*,*,#3814,.F.);
#5067=ORIENTED_EDGE('',*,*,#3819,.F.);
#5068=ORIENTED_EDGE('',*,*,#3820,.T.);
#5069=ORIENTED_EDGE('',*,*,#3821,.T.);
#5070=ORIENTED_EDGE('',*,*,#3817,.F.);
#5071=ORIENTED_EDGE('',*,*,#3822,.F.);
#5072=ORIENTED_EDGE('',*,*,#3823,.T.);
#5073=ORIENTED_EDGE('',*,*,#3824,.T.);
#5074=ORIENTED_EDGE('',*,*,#3820,.F.);
#5075=ORIENTED_EDGE('',*,*,#3825,.F.);
#5076=ORIENTED_EDGE('',*,*,#3826,.T.);
#5077=ORIENTED_EDGE('',*,*,#3827,.T.);
#5078=ORIENTED_EDGE('',*,*,#3823,.F.);
#5079=ORIENTED_EDGE('',*,*,#3828,.F.);
#5080=ORIENTED_EDGE('',*,*,#3829,.T.);
#5081=ORIENTED_EDGE('',*,*,#3830,.T.);
#5082=ORIENTED_EDGE('',*,*,#3826,.F.);
#5083=ORIENTED_EDGE('',*,*,#3831,.F.);
#5084=ORIENTED_EDGE('',*,*,#3832,.T.);
#5085=ORIENTED_EDGE('',*,*,#3833,.T.);
#5086=ORIENTED_EDGE('',*,*,#3829,.F.);
#5087=ORIENTED_EDGE('',*,*,#3834,.F.);
#5088=ORIENTED_EDGE('',*,*,#3835,.T.);
#5089=ORIENTED_EDGE('',*,*,#3836,.T.);
#5090=ORIENTED_EDGE('',*,*,#3832,.F.);
#5091=ORIENTED_EDGE('',*,*,#3837,.F.);
#5092=ORIENTED_EDGE('',*,*,#3838,.T.);
#5093=ORIENTED_EDGE('',*,*,#3839,.T.);
#5094=ORIENTED_EDGE('',*,*,#3835,.F.);
#5095=ORIENTED_EDGE('',*,*,#3840,.F.);
#5096=ORIENTED_EDGE('',*,*,#3841,.T.);
#5097=ORIENTED_EDGE('',*,*,#3842,.T.);
#5098=ORIENTED_EDGE('',*,*,#3838,.F.);
#5099=ORIENTED_EDGE('',*,*,#3843,.F.);
#5100=ORIENTED_EDGE('',*,*,#3844,.T.);
#5101=ORIENTED_EDGE('',*,*,#3845,.T.);
#5102=ORIENTED_EDGE('',*,*,#3841,.F.);
#5103=ORIENTED_EDGE('',*,*,#3846,.F.);
#5104=ORIENTED_EDGE('',*,*,#3847,.T.);
#5105=ORIENTED_EDGE('',*,*,#3848,.T.);
#5106=ORIENTED_EDGE('',*,*,#3844,.F.);
#5107=ORIENTED_EDGE('',*,*,#3849,.F.);
#5108=ORIENTED_EDGE('',*,*,#3850,.T.);
#5109=ORIENTED_EDGE('',*,*,#3851,.T.);
#5110=ORIENTED_EDGE('',*,*,#3847,.F.);
#5111=ORIENTED_EDGE('',*,*,#3852,.F.);
#5112=ORIENTED_EDGE('',*,*,#3853,.T.);
#5113=ORIENTED_EDGE('',*,*,#3854,.T.);
#5114=ORIENTED_EDGE('',*,*,#3850,.F.);
#5115=ORIENTED_EDGE('',*,*,#3855,.F.);
#5116=ORIENTED_EDGE('',*,*,#3856,.T.);
#5117=ORIENTED_EDGE('',*,*,#3857,.T.);
#5118=ORIENTED_EDGE('',*,*,#3853,.F.);
#5119=ORIENTED_EDGE('',*,*,#3858,.F.);
#5120=ORIENTED_EDGE('',*,*,#3859,.T.);
#5121=ORIENTED_EDGE('',*,*,#3860,.T.);
#5122=ORIENTED_EDGE('',*,*,#3856,.F.);
#5123=ORIENTED_EDGE('',*,*,#3861,.F.);
#5124=ORIENTED_EDGE('',*,*,#3862,.T.);
#5125=ORIENTED_EDGE('',*,*,#3863,.T.);
#5126=ORIENTED_EDGE('',*,*,#3859,.F.);
#5127=ORIENTED_EDGE('',*,*,#3864,.F.);
#5128=ORIENTED_EDGE('',*,*,#3865,.T.);
#5129=ORIENTED_EDGE('',*,*,#3866,.T.);
#5130=ORIENTED_EDGE('',*,*,#3862,.F.);
#5131=ORIENTED_EDGE('',*,*,#3867,.F.);
#5132=ORIENTED_EDGE('',*,*,#3868,.T.);
#5133=ORIENTED_EDGE('',*,*,#3869,.T.);
#5134=ORIENTED_EDGE('',*,*,#3865,.F.);
#5135=ORIENTED_EDGE('',*,*,#3870,.F.);
#5136=ORIENTED_EDGE('',*,*,#3871,.T.);
#5137=ORIENTED_EDGE('',*,*,#3872,.T.);
#5138=ORIENTED_EDGE('',*,*,#3868,.F.);
#5139=ORIENTED_EDGE('',*,*,#3873,.F.);
#5140=ORIENTED_EDGE('',*,*,#3874,.T.);
#5141=ORIENTED_EDGE('',*,*,#3875,.T.);
#5142=ORIENTED_EDGE('',*,*,#3871,.F.);
#5143=ORIENTED_EDGE('',*,*,#3876,.F.);
#5144=ORIENTED_EDGE('',*,*,#3877,.T.);
#5145=ORIENTED_EDGE('',*,*,#3878,.T.);
#5146=ORIENTED_EDGE('',*,*,#3874,.F.);
#5147=ORIENTED_EDGE('',*,*,#3879,.F.);
#5148=ORIENTED_EDGE('',*,*,#3880,.T.);
#5149=ORIENTED_EDGE('',*,*,#3881,.T.);
#5150=ORIENTED_EDGE('',*,*,#3877,.F.);
#5151=ORIENTED_EDGE('',*,*,#3882,.F.);
#5152=ORIENTED_EDGE('',*,*,#3883,.T.);
#5153=ORIENTED_EDGE('',*,*,#3884,.T.);
#5154=ORIENTED_EDGE('',*,*,#3880,.F.);
#5155=ORIENTED_EDGE('',*,*,#3885,.F.);
#5156=ORIENTED_EDGE('',*,*,#3886,.T.);
#5157=ORIENTED_EDGE('',*,*,#3887,.T.);
#5158=ORIENTED_EDGE('',*,*,#3883,.F.);
#5159=ORIENTED_EDGE('',*,*,#3888,.F.);
#5160=ORIENTED_EDGE('',*,*,#3889,.T.);
#5161=ORIENTED_EDGE('',*,*,#3890,.T.);
#5162=ORIENTED_EDGE('',*,*,#3886,.F.);
#5163=ORIENTED_EDGE('',*,*,#3891,.F.);
#5164=ORIENTED_EDGE('',*,*,#3892,.T.);
#5165=ORIENTED_EDGE('',*,*,#3893,.T.);
#5166=ORIENTED_EDGE('',*,*,#3889,.F.);
#5167=ORIENTED_EDGE('',*,*,#3894,.F.);
#5168=ORIENTED_EDGE('',*,*,#3895,.T.);
#5169=ORIENTED_EDGE('',*,*,#3896,.T.);
#5170=ORIENTED_EDGE('',*,*,#3892,.F.);
#5171=ORIENTED_EDGE('',*,*,#3897,.F.);
#5172=ORIENTED_EDGE('',*,*,#3898,.T.);
#5173=ORIENTED_EDGE('',*,*,#3899,.T.);
#5174=ORIENTED_EDGE('',*,*,#3895,.F.);
#5175=ORIENTED_EDGE('',*,*,#3900,.F.);
#5176=ORIENTED_EDGE('',*,*,#3901,.T.);
#5177=ORIENTED_EDGE('',*,*,#3902,.T.);
#5178=ORIENTED_EDGE('',*,*,#3898,.F.);
#5179=ORIENTED_EDGE('',*,*,#3903,.F.);
#5180=ORIENTED_EDGE('',*,*,#3904,.T.);
#5181=ORIENTED_EDGE('',*,*,#3905,.T.);
#5182=ORIENTED_EDGE('',*,*,#3901,.F.);
#5183=ORIENTED_EDGE('',*,*,#3906,.F.);
#5184=ORIENTED_EDGE('',*,*,#3907,.T.);
#5185=ORIENTED_EDGE('',*,*,#3908,.T.);
#5186=ORIENTED_EDGE('',*,*,#3904,.F.);
#5187=ORIENTED_EDGE('',*,*,#3909,.F.);
#5188=ORIENTED_EDGE('',*,*,#3910,.T.);
#5189=ORIENTED_EDGE('',*,*,#3911,.T.);
#5190=ORIENTED_EDGE('',*,*,#3907,.F.);
#5191=ORIENTED_EDGE('',*,*,#3912,.F.);
#5192=ORIENTED_EDGE('',*,*,#3913,.T.);
#5193=ORIENTED_EDGE('',*,*,#3914,.T.);
#5194=ORIENTED_EDGE('',*,*,#3910,.F.);
#5195=ORIENTED_EDGE('',*,*,#3915,.F.);
#5196=ORIENTED_EDGE('',*,*,#3916,.T.);
#5197=ORIENTED_EDGE('',*,*,#3917,.T.);
#5198=ORIENTED_EDGE('',*,*,#3913,.F.);
#5199=ORIENTED_EDGE('',*,*,#3918,.F.);
#5200=ORIENTED_EDGE('',*,*,#3919,.T.);
#5201=ORIENTED_EDGE('',*,*,#3920,.T.);
#5202=ORIENTED_EDGE('',*,*,#3916,.F.);
#5203=ORIENTED_EDGE('',*,*,#3921,.F.);
#5204=ORIENTED_EDGE('',*,*,#3922,.T.);
#5205=ORIENTED_EDGE('',*,*,#3923,.T.);
#5206=ORIENTED_EDGE('',*,*,#3919,.F.);
#5207=ORIENTED_EDGE('',*,*,#3924,.F.);
#5208=ORIENTED_EDGE('',*,*,#3925,.T.);
#5209=ORIENTED_EDGE('',*,*,#3926,.T.);
#5210=ORIENTED_EDGE('',*,*,#3922,.F.);
#5211=ORIENTED_EDGE('',*,*,#3927,.F.);
#5212=ORIENTED_EDGE('',*,*,#3928,.T.);
#5213=ORIENTED_EDGE('',*,*,#3929,.T.);
#5214=ORIENTED_EDGE('',*,*,#3925,.F.);
#5215=ORIENTED_EDGE('',*,*,#3930,.F.);
#5216=ORIENTED_EDGE('',*,*,#3931,.T.);
#5217=ORIENTED_EDGE('',*,*,#3932,.T.);
#5218=ORIENTED_EDGE('',*,*,#3928,.F.);
#5219=ORIENTED_EDGE('',*,*,#3933,.F.);
#5220=ORIENTED_EDGE('',*,*,#3934,.T.);
#5221=ORIENTED_EDGE('',*,*,#3935,.T.);
#5222=ORIENTED_EDGE('',*,*,#3931,.F.);
#5223=ORIENTED_EDGE('',*,*,#3936,.F.);
#5224=ORIENTED_EDGE('',*,*,#3937,.T.);
#5225=ORIENTED_EDGE('',*,*,#3938,.T.);
#5226=ORIENTED_EDGE('',*,*,#3934,.F.);
#5227=ORIENTED_EDGE('',*,*,#3939,.F.);
#5228=ORIENTED_EDGE('',*,*,#3940,.T.);
#5229=ORIENTED_EDGE('',*,*,#3941,.T.);
#5230=ORIENTED_EDGE('',*,*,#3937,.F.);
#5231=ORIENTED_EDGE('',*,*,#3942,.F.);
#5232=ORIENTED_EDGE('',*,*,#3943,.T.);
#5233=ORIENTED_EDGE('',*,*,#3944,.T.);
#5234=ORIENTED_EDGE('',*,*,#3940,.F.);
#5235=ORIENTED_EDGE('',*,*,#3945,.F.);
#5236=ORIENTED_EDGE('',*,*,#3946,.T.);
#5237=ORIENTED_EDGE('',*,*,#3947,.T.);
#5238=ORIENTED_EDGE('',*,*,#3943,.F.);
#5239=ORIENTED_EDGE('',*,*,#3948,.F.);
#5240=ORIENTED_EDGE('',*,*,#3949,.T.);
#5241=ORIENTED_EDGE('',*,*,#3950,.T.);
#5242=ORIENTED_EDGE('',*,*,#3946,.F.);
#5243=ORIENTED_EDGE('',*,*,#3951,.F.);
#5244=ORIENTED_EDGE('',*,*,#3952,.T.);
#5245=ORIENTED_EDGE('',*,*,#3953,.T.);
#5246=ORIENTED_EDGE('',*,*,#3949,.F.);
#5247=ORIENTED_EDGE('',*,*,#3954,.F.);
#5248=ORIENTED_EDGE('',*,*,#3955,.T.);
#5249=ORIENTED_EDGE('',*,*,#3956,.T.);
#5250=ORIENTED_EDGE('',*,*,#3952,.F.);
#5251=ORIENTED_EDGE('',*,*,#3957,.F.);
#5252=ORIENTED_EDGE('',*,*,#3958,.T.);
#5253=ORIENTED_EDGE('',*,*,#3959,.T.);
#5254=ORIENTED_EDGE('',*,*,#3955,.F.);
#5255=ORIENTED_EDGE('',*,*,#3960,.F.);
#5256=ORIENTED_EDGE('',*,*,#3961,.T.);
#5257=ORIENTED_EDGE('',*,*,#3962,.T.);
#5258=ORIENTED_EDGE('',*,*,#3958,.F.);
#5259=ORIENTED_EDGE('',*,*,#3963,.F.);
#5260=ORIENTED_EDGE('',*,*,#3964,.T.);
#5261=ORIENTED_EDGE('',*,*,#3965,.T.);
#5262=ORIENTED_EDGE('',*,*,#3961,.F.);
#5263=ORIENTED_EDGE('',*,*,#3966,.F.);
#5264=ORIENTED_EDGE('',*,*,#3967,.T.);
#5265=ORIENTED_EDGE('',*,*,#3968,.T.);
#5266=ORIENTED_EDGE('',*,*,#3964,.F.);
#5267=ORIENTED_EDGE('',*,*,#3969,.F.);
#5268=ORIENTED_EDGE('',*,*,#3970,.T.);
#5269=ORIENTED_EDGE('',*,*,#3971,.T.);
#5270=ORIENTED_EDGE('',*,*,#3967,.F.);
#5271=ORIENTED_EDGE('',*,*,#3972,.F.);
#5272=ORIENTED_EDGE('',*,*,#3973,.T.);
#5273=ORIENTED_EDGE('',*,*,#3974,.T.);
#5274=ORIENTED_EDGE('',*,*,#3970,.F.);
#5275=ORIENTED_EDGE('',*,*,#3975,.F.);
#5276=ORIENTED_EDGE('',*,*,#3976,.T.);
#5277=ORIENTED_EDGE('',*,*,#3977,.T.);
#5278=ORIENTED_EDGE('',*,*,#3973,.F.);
#5279=ORIENTED_EDGE('',*,*,#3978,.F.);
#5280=ORIENTED_EDGE('',*,*,#3979,.T.);
#5281=ORIENTED_EDGE('',*,*,#3980,.T.);
#5282=ORIENTED_EDGE('',*,*,#3976,.F.);
#5283=ORIENTED_EDGE('',*,*,#3981,.F.);
#5284=ORIENTED_EDGE('',*,*,#3982,.T.);
#5285=ORIENTED_EDGE('',*,*,#3983,.T.);
#5286=ORIENTED_EDGE('',*,*,#3979,.F.);
#5287=ORIENTED_EDGE('',*,*,#3984,.F.);
#5288=ORIENTED_EDGE('',*,*,#3985,.T.);
#5289=ORIENTED_EDGE('',*,*,#3986,.T.);
#5290=ORIENTED_EDGE('',*,*,#3982,.F.);
#5291=ORIENTED_EDGE('',*,*,#3987,.F.);
#5292=ORIENTED_EDGE('',*,*,#3988,.T.);
#5293=ORIENTED_EDGE('',*,*,#3989,.T.);
#5294=ORIENTED_EDGE('',*,*,#3985,.F.);
#5295=ORIENTED_EDGE('',*,*,#3990,.F.);
#5296=ORIENTED_EDGE('',*,*,#3991,.T.);
#5297=ORIENTED_EDGE('',*,*,#3992,.T.);
#5298=ORIENTED_EDGE('',*,*,#3988,.F.);
#5299=ORIENTED_EDGE('',*,*,#3993,.F.);
#5300=ORIENTED_EDGE('',*,*,#3994,.T.);
#5301=ORIENTED_EDGE('',*,*,#3995,.T.);
#5302=ORIENTED_EDGE('',*,*,#3991,.F.);
#5303=ORIENTED_EDGE('',*,*,#3996,.F.);
#5304=ORIENTED_EDGE('',*,*,#3287,.T.);
#5305=ORIENTED_EDGE('',*,*,#3997,.T.);
#5306=ORIENTED_EDGE('',*,*,#3994,.F.);
#5307=ORIENTED_EDGE('',*,*,#3997,.F.);
#5308=ORIENTED_EDGE('',*,*,#3286,.F.);
#5309=ORIENTED_EDGE('',*,*,#3290,.F.);
#5310=ORIENTED_EDGE('',*,*,#3293,.F.);
#5311=ORIENTED_EDGE('',*,*,#3296,.F.);
#5312=ORIENTED_EDGE('',*,*,#3299,.F.);
#5313=ORIENTED_EDGE('',*,*,#3302,.F.);
#5314=ORIENTED_EDGE('',*,*,#3305,.F.);
#5315=ORIENTED_EDGE('',*,*,#3308,.F.);
#5316=ORIENTED_EDGE('',*,*,#3311,.F.);
#5317=ORIENTED_EDGE('',*,*,#3314,.F.);
#5318=ORIENTED_EDGE('',*,*,#3317,.F.);
#5319=ORIENTED_EDGE('',*,*,#3320,.F.);
#5320=ORIENTED_EDGE('',*,*,#3323,.F.);
#5321=ORIENTED_EDGE('',*,*,#3326,.F.);
#5322=ORIENTED_EDGE('',*,*,#3329,.F.);
#5323=ORIENTED_EDGE('',*,*,#3332,.F.);
#5324=ORIENTED_EDGE('',*,*,#3335,.F.);
#5325=ORIENTED_EDGE('',*,*,#3338,.F.);
#5326=ORIENTED_EDGE('',*,*,#3341,.F.);
#5327=ORIENTED_EDGE('',*,*,#3344,.F.);
#5328=ORIENTED_EDGE('',*,*,#3347,.F.);
#5329=ORIENTED_EDGE('',*,*,#3350,.F.);
#5330=ORIENTED_EDGE('',*,*,#3353,.F.);
#5331=ORIENTED_EDGE('',*,*,#3356,.F.);
#5332=ORIENTED_EDGE('',*,*,#3359,.F.);
#5333=ORIENTED_EDGE('',*,*,#3362,.F.);
#5334=ORIENTED_EDGE('',*,*,#3365,.F.);
#5335=ORIENTED_EDGE('',*,*,#3368,.F.);
#5336=ORIENTED_EDGE('',*,*,#3371,.F.);
#5337=ORIENTED_EDGE('',*,*,#3374,.F.);
#5338=ORIENTED_EDGE('',*,*,#3377,.F.);
#5339=ORIENTED_EDGE('',*,*,#3380,.F.);
#5340=ORIENTED_EDGE('',*,*,#3383,.F.);
#5341=ORIENTED_EDGE('',*,*,#3386,.F.);
#5342=ORIENTED_EDGE('',*,*,#3389,.F.);
#5343=ORIENTED_EDGE('',*,*,#3392,.F.);
#5344=ORIENTED_EDGE('',*,*,#3395,.F.);
#5345=ORIENTED_EDGE('',*,*,#3398,.F.);
#5346=ORIENTED_EDGE('',*,*,#3401,.F.);
#5347=ORIENTED_EDGE('',*,*,#3404,.F.);
#5348=ORIENTED_EDGE('',*,*,#3407,.F.);
#5349=ORIENTED_EDGE('',*,*,#3410,.F.);
#5350=ORIENTED_EDGE('',*,*,#3413,.F.);
#5351=ORIENTED_EDGE('',*,*,#3416,.F.);
#5352=ORIENTED_EDGE('',*,*,#3419,.F.);
#5353=ORIENTED_EDGE('',*,*,#3422,.F.);
#5354=ORIENTED_EDGE('',*,*,#3425,.F.);
#5355=ORIENTED_EDGE('',*,*,#3428,.F.);
#5356=ORIENTED_EDGE('',*,*,#3431,.F.);
#5357=ORIENTED_EDGE('',*,*,#3434,.F.);
#5358=ORIENTED_EDGE('',*,*,#3437,.F.);
#5359=ORIENTED_EDGE('',*,*,#3440,.F.);
#5360=ORIENTED_EDGE('',*,*,#3443,.F.);
#5361=ORIENTED_EDGE('',*,*,#3446,.F.);
#5362=ORIENTED_EDGE('',*,*,#3449,.F.);
#5363=ORIENTED_EDGE('',*,*,#3452,.F.);
#5364=ORIENTED_EDGE('',*,*,#3455,.F.);
#5365=ORIENTED_EDGE('',*,*,#3458,.F.);
#5366=ORIENTED_EDGE('',*,*,#3461,.F.);
#5367=ORIENTED_EDGE('',*,*,#3464,.F.);
#5368=ORIENTED_EDGE('',*,*,#3467,.F.);
#5369=ORIENTED_EDGE('',*,*,#3470,.F.);
#5370=ORIENTED_EDGE('',*,*,#3473,.F.);
#5371=ORIENTED_EDGE('',*,*,#3476,.F.);
#5372=ORIENTED_EDGE('',*,*,#3479,.F.);
#5373=ORIENTED_EDGE('',*,*,#3482,.F.);
#5374=ORIENTED_EDGE('',*,*,#3485,.F.);
#5375=ORIENTED_EDGE('',*,*,#3488,.F.);
#5376=ORIENTED_EDGE('',*,*,#3491,.F.);
#5377=ORIENTED_EDGE('',*,*,#3494,.F.);
#5378=ORIENTED_EDGE('',*,*,#3497,.F.);
#5379=ORIENTED_EDGE('',*,*,#3500,.F.);
#5380=ORIENTED_EDGE('',*,*,#3503,.F.);
#5381=ORIENTED_EDGE('',*,*,#3506,.F.);
#5382=ORIENTED_EDGE('',*,*,#3509,.F.);
#5383=ORIENTED_EDGE('',*,*,#3512,.F.);
#5384=ORIENTED_EDGE('',*,*,#3515,.F.);
#5385=ORIENTED_EDGE('',*,*,#3518,.F.);
#5386=ORIENTED_EDGE('',*,*,#3521,.F.);
#5387=ORIENTED_EDGE('',*,*,#3524,.F.);
#5388=ORIENTED_EDGE('',*,*,#3527,.F.);
#5389=ORIENTED_EDGE('',*,*,#3530,.F.);
#5390=ORIENTED_EDGE('',*,*,#3533,.F.);
#5391=ORIENTED_EDGE('',*,*,#3536,.F.);
#5392=ORIENTED_EDGE('',*,*,#3539,.F.);
#5393=ORIENTED_EDGE('',*,*,#3542,.F.);
#5394=ORIENTED_EDGE('',*,*,#3545,.F.);
#5395=ORIENTED_EDGE('',*,*,#3548,.F.);
#5396=ORIENTED_EDGE('',*,*,#3551,.F.);
#5397=ORIENTED_EDGE('',*,*,#3554,.F.);
#5398=ORIENTED_EDGE('',*,*,#3557,.F.);
#5399=ORIENTED_EDGE('',*,*,#3560,.F.);
#5400=ORIENTED_EDGE('',*,*,#3563,.F.);
#5401=ORIENTED_EDGE('',*,*,#3566,.F.);
#5402=ORIENTED_EDGE('',*,*,#3569,.F.);
#5403=ORIENTED_EDGE('',*,*,#3572,.F.);
#5404=ORIENTED_EDGE('',*,*,#3575,.F.);
#5405=ORIENTED_EDGE('',*,*,#3578,.F.);
#5406=ORIENTED_EDGE('',*,*,#3581,.F.);
#5407=ORIENTED_EDGE('',*,*,#3584,.F.);
#5408=ORIENTED_EDGE('',*,*,#3587,.F.);
#5409=ORIENTED_EDGE('',*,*,#3590,.F.);
#5410=ORIENTED_EDGE('',*,*,#3593,.F.);
#5411=ORIENTED_EDGE('',*,*,#3596,.F.);
#5412=ORIENTED_EDGE('',*,*,#3599,.F.);
#5413=ORIENTED_EDGE('',*,*,#3602,.F.);
#5414=ORIENTED_EDGE('',*,*,#3605,.F.);
#5415=ORIENTED_EDGE('',*,*,#3608,.F.);
#5416=ORIENTED_EDGE('',*,*,#3611,.F.);
#5417=ORIENTED_EDGE('',*,*,#3614,.F.);
#5418=ORIENTED_EDGE('',*,*,#3617,.F.);
#5419=ORIENTED_EDGE('',*,*,#3620,.F.);
#5420=ORIENTED_EDGE('',*,*,#3623,.F.);
#5421=ORIENTED_EDGE('',*,*,#3626,.F.);
#5422=ORIENTED_EDGE('',*,*,#3629,.F.);
#5423=ORIENTED_EDGE('',*,*,#3632,.F.);
#5424=ORIENTED_EDGE('',*,*,#3635,.F.);
#5425=ORIENTED_EDGE('',*,*,#3638,.F.);
#5426=ORIENTED_EDGE('',*,*,#3641,.F.);
#5427=ORIENTED_EDGE('',*,*,#3644,.F.);
#5428=ORIENTED_EDGE('',*,*,#3647,.F.);
#5429=ORIENTED_EDGE('',*,*,#3650,.F.);
#5430=ORIENTED_EDGE('',*,*,#3653,.F.);
#5431=ORIENTED_EDGE('',*,*,#3656,.F.);
#5432=ORIENTED_EDGE('',*,*,#3659,.F.);
#5433=ORIENTED_EDGE('',*,*,#3662,.F.);
#5434=ORIENTED_EDGE('',*,*,#3665,.F.);
#5435=ORIENTED_EDGE('',*,*,#3668,.F.);
#5436=ORIENTED_EDGE('',*,*,#3671,.F.);
#5437=ORIENTED_EDGE('',*,*,#3674,.F.);
#5438=ORIENTED_EDGE('',*,*,#3677,.F.);
#5439=ORIENTED_EDGE('',*,*,#3680,.F.);
#5440=ORIENTED_EDGE('',*,*,#3683,.F.);
#5441=ORIENTED_EDGE('',*,*,#3686,.F.);
#5442=ORIENTED_EDGE('',*,*,#3689,.F.);
#5443=ORIENTED_EDGE('',*,*,#3692,.F.);
#5444=ORIENTED_EDGE('',*,*,#3695,.F.);
#5445=ORIENTED_EDGE('',*,*,#3698,.F.);
#5446=ORIENTED_EDGE('',*,*,#3701,.F.);
#5447=ORIENTED_EDGE('',*,*,#3704,.F.);
#5448=ORIENTED_EDGE('',*,*,#3707,.F.);
#5449=ORIENTED_EDGE('',*,*,#3710,.F.);
#5450=ORIENTED_EDGE('',*,*,#3713,.F.);
#5451=ORIENTED_EDGE('',*,*,#3716,.F.);
#5452=ORIENTED_EDGE('',*,*,#3719,.F.);
#5453=ORIENTED_EDGE('',*,*,#3722,.F.);
#5454=ORIENTED_EDGE('',*,*,#3725,.F.);
#5455=ORIENTED_EDGE('',*,*,#3728,.F.);
#5456=ORIENTED_EDGE('',*,*,#3731,.F.);
#5457=ORIENTED_EDGE('',*,*,#3734,.F.);
#5458=ORIENTED_EDGE('',*,*,#3737,.F.);
#5459=ORIENTED_EDGE('',*,*,#3740,.F.);
#5460=ORIENTED_EDGE('',*,*,#3743,.F.);
#5461=ORIENTED_EDGE('',*,*,#3746,.F.);
#5462=ORIENTED_EDGE('',*,*,#3749,.F.);
#5463=ORIENTED_EDGE('',*,*,#3752,.F.);
#5464=ORIENTED_EDGE('',*,*,#3755,.F.);
#5465=ORIENTED_EDGE('',*,*,#3758,.F.);
#5466=ORIENTED_EDGE('',*,*,#3761,.F.);
#5467=ORIENTED_EDGE('',*,*,#3764,.F.);
#5468=ORIENTED_EDGE('',*,*,#3767,.F.);
#5469=ORIENTED_EDGE('',*,*,#3770,.F.);
#5470=ORIENTED_EDGE('',*,*,#3773,.F.);
#5471=ORIENTED_EDGE('',*,*,#3776,.F.);
#5472=ORIENTED_EDGE('',*,*,#3779,.F.);
#5473=ORIENTED_EDGE('',*,*,#3782,.F.);
#5474=ORIENTED_EDGE('',*,*,#3785,.F.);
#5475=ORIENTED_EDGE('',*,*,#3788,.F.);
#5476=ORIENTED_EDGE('',*,*,#3791,.F.);
#5477=ORIENTED_EDGE('',*,*,#3794,.F.);
#5478=ORIENTED_EDGE('',*,*,#3797,.F.);
#5479=ORIENTED_EDGE('',*,*,#3800,.F.);
#5480=ORIENTED_EDGE('',*,*,#3803,.F.);
#5481=ORIENTED_EDGE('',*,*,#3806,.F.);
#5482=ORIENTED_EDGE('',*,*,#3809,.F.);
#5483=ORIENTED_EDGE('',*,*,#3812,.F.);
#5484=ORIENTED_EDGE('',*,*,#3815,.F.);
#5485=ORIENTED_EDGE('',*,*,#3818,.F.);
#5486=ORIENTED_EDGE('',*,*,#3821,.F.);
#5487=ORIENTED_EDGE('',*,*,#3824,.F.);
#5488=ORIENTED_EDGE('',*,*,#3827,.F.);
#5489=ORIENTED_EDGE('',*,*,#3830,.F.);
#5490=ORIENTED_EDGE('',*,*,#3833,.F.);
#5491=ORIENTED_EDGE('',*,*,#3836,.F.);
#5492=ORIENTED_EDGE('',*,*,#3839,.F.);
#5493=ORIENTED_EDGE('',*,*,#3842,.F.);
#5494=ORIENTED_EDGE('',*,*,#3845,.F.);
#5495=ORIENTED_EDGE('',*,*,#3848,.F.);
#5496=ORIENTED_EDGE('',*,*,#3851,.F.);
#5497=ORIENTED_EDGE('',*,*,#3854,.F.);
#5498=ORIENTED_EDGE('',*,*,#3857,.F.);
#5499=ORIENTED_EDGE('',*,*,#3860,.F.);
#5500=ORIENTED_EDGE('',*,*,#3863,.F.);
#5501=ORIENTED_EDGE('',*,*,#3866,.F.);
#5502=ORIENTED_EDGE('',*,*,#3869,.F.);
#5503=ORIENTED_EDGE('',*,*,#3872,.F.);
#5504=ORIENTED_EDGE('',*,*,#3875,.F.);
#5505=ORIENTED_EDGE('',*,*,#3878,.F.);
#5506=ORIENTED_EDGE('',*,*,#3881,.F.);
#5507=ORIENTED_EDGE('',*,*,#3884,.F.);
#5508=ORIENTED_EDGE('',*,*,#3887,.F.);
#5509=ORIENTED_EDGE('',*,*,#3890,.F.);
#5510=ORIENTED_EDGE('',*,*,#3893,.F.);
#5511=ORIENTED_EDGE('',*,*,#3896,.F.);
#5512=ORIENTED_EDGE('',*,*,#3899,.F.);
#5513=ORIENTED_EDGE('',*,*,#3902,.F.);
#5514=ORIENTED_EDGE('',*,*,#3905,.F.);
#5515=ORIENTED_EDGE('',*,*,#3908,.F.);
#5516=ORIENTED_EDGE('',*,*,#3911,.F.);
#5517=ORIENTED_EDGE('',*,*,#3914,.F.);
#5518=ORIENTED_EDGE('',*,*,#3917,.F.);
#5519=ORIENTED_EDGE('',*,*,#3920,.F.);
#5520=ORIENTED_EDGE('',*,*,#3923,.F.);
#5521=ORIENTED_EDGE('',*,*,#3926,.F.);
#5522=ORIENTED_EDGE('',*,*,#3929,.F.);
#5523=ORIENTED_EDGE('',*,*,#3932,.F.);
#5524=ORIENTED_EDGE('',*,*,#3935,.F.);
#5525=ORIENTED_EDGE('',*,*,#3938,.F.);
#5526=ORIENTED_EDGE('',*,*,#3941,.F.);
#5527=ORIENTED_EDGE('',*,*,#3944,.F.);
#5528=ORIENTED_EDGE('',*,*,#3947,.F.);
#5529=ORIENTED_EDGE('',*,*,#3950,.F.);
#5530=ORIENTED_EDGE('',*,*,#3953,.F.);
#5531=ORIENTED_EDGE('',*,*,#3956,.F.);
#5532=ORIENTED_EDGE('',*,*,#3959,.F.);
#5533=ORIENTED_EDGE('',*,*,#3962,.F.);
#5534=ORIENTED_EDGE('',*,*,#3965,.F.);
#5535=ORIENTED_EDGE('',*,*,#3968,.F.);
#5536=ORIENTED_EDGE('',*,*,#3971,.F.);
#5537=ORIENTED_EDGE('',*,*,#3974,.F.);
#5538=ORIENTED_EDGE('',*,*,#3977,.F.);
#5539=ORIENTED_EDGE('',*,*,#3980,.F.);
#5540=ORIENTED_EDGE('',*,*,#3983,.F.);
#5541=ORIENTED_EDGE('',*,*,#3986,.F.);
#5542=ORIENTED_EDGE('',*,*,#3989,.F.);
#5543=ORIENTED_EDGE('',*,*,#3992,.F.);
#5544=ORIENTED_EDGE('',*,*,#3995,.F.);
#5545=ORIENTED_EDGE('',*,*,#3283,.F.);
#5546=ORIENTED_EDGE('',*,*,#3271,.F.);
#5547=ORIENTED_EDGE('',*,*,#3275,.F.);
#5548=ORIENTED_EDGE('',*,*,#3278,.F.);
#5549=ORIENTED_EDGE('',*,*,#3281,.F.);
#5550=ORIENTED_EDGE('',*,*,#3268,.F.);
#5551=ORIENTED_EDGE('',*,*,#3256,.F.);
#5552=ORIENTED_EDGE('',*,*,#3260,.F.);
#5553=ORIENTED_EDGE('',*,*,#3263,.F.);
#5554=ORIENTED_EDGE('',*,*,#3266,.F.);
#5555=ORIENTED_EDGE('',*,*,#3253,.F.);
#5556=ORIENTED_EDGE('',*,*,#3217,.F.);
#5557=ORIENTED_EDGE('',*,*,#3221,.F.);
#5558=ORIENTED_EDGE('',*,*,#3224,.F.);
#5559=ORIENTED_EDGE('',*,*,#3227,.F.);
#5560=ORIENTED_EDGE('',*,*,#3230,.F.);
#5561=ORIENTED_EDGE('',*,*,#3233,.F.);
#5562=ORIENTED_EDGE('',*,*,#3236,.F.);
#5563=ORIENTED_EDGE('',*,*,#3239,.F.);
#5564=ORIENTED_EDGE('',*,*,#3242,.F.);
#5565=ORIENTED_EDGE('',*,*,#3245,.F.);
#5566=ORIENTED_EDGE('',*,*,#3248,.F.);
#5567=ORIENTED_EDGE('',*,*,#3251,.F.);
#5568=ORIENTED_EDGE('',*,*,#3214,.F.);
#5569=ORIENTED_EDGE('',*,*,#3202,.F.);
#5570=ORIENTED_EDGE('',*,*,#3206,.F.);
#5571=ORIENTED_EDGE('',*,*,#3209,.F.);
#5572=ORIENTED_EDGE('',*,*,#3212,.F.);
#5573=ORIENTED_EDGE('',*,*,#3199,.F.);
#5574=ORIENTED_EDGE('',*,*,#3178,.F.);
#5575=ORIENTED_EDGE('',*,*,#3182,.F.);
#5576=ORIENTED_EDGE('',*,*,#3185,.F.);
#5577=ORIENTED_EDGE('',*,*,#3188,.F.);
#5578=ORIENTED_EDGE('',*,*,#3191,.F.);
#5579=ORIENTED_EDGE('',*,*,#3194,.F.);
#5580=ORIENTED_EDGE('',*,*,#3197,.F.);
#5581=ORIENTED_EDGE('',*,*,#3998,.F.);
#5582=ORIENTED_EDGE('',*,*,#3999,.T.);
#5583=ORIENTED_EDGE('',*,*,#4000,.T.);
#5584=ORIENTED_EDGE('',*,*,#4001,.F.);
#5585=ORIENTED_EDGE('',*,*,#4002,.F.);
#5586=ORIENTED_EDGE('',*,*,#4003,.T.);
#5587=ORIENTED_EDGE('',*,*,#4004,.T.);
#5588=ORIENTED_EDGE('',*,*,#3999,.F.);
#5589=ORIENTED_EDGE('',*,*,#4005,.F.);
#5590=ORIENTED_EDGE('',*,*,#4006,.T.);
#5591=ORIENTED_EDGE('',*,*,#4007,.T.);
#5592=ORIENTED_EDGE('',*,*,#4003,.F.);
#5593=ORIENTED_EDGE('',*,*,#4008,.F.);
#5594=ORIENTED_EDGE('',*,*,#4009,.T.);
#5595=ORIENTED_EDGE('',*,*,#4010,.T.);
#5596=ORIENTED_EDGE('',*,*,#4006,.F.);
#5597=ORIENTED_EDGE('',*,*,#4011,.F.);
#5598=ORIENTED_EDGE('',*,*,#4012,.T.);
#5599=ORIENTED_EDGE('',*,*,#4013,.T.);
#5600=ORIENTED_EDGE('',*,*,#4009,.F.);
#5601=ORIENTED_EDGE('',*,*,#4014,.F.);
#5602=ORIENTED_EDGE('',*,*,#4015,.T.);
#5603=ORIENTED_EDGE('',*,*,#4016,.T.);
#5604=ORIENTED_EDGE('',*,*,#4012,.F.);
#5605=ORIENTED_EDGE('',*,*,#4017,.F.);
#5606=ORIENTED_EDGE('',*,*,#4018,.T.);
#5607=ORIENTED_EDGE('',*,*,#4019,.T.);
#5608=ORIENTED_EDGE('',*,*,#4015,.F.);
#5609=ORIENTED_EDGE('',*,*,#4020,.F.);
#5610=ORIENTED_EDGE('',*,*,#4021,.T.);
#5611=ORIENTED_EDGE('',*,*,#4022,.T.);
#5612=ORIENTED_EDGE('',*,*,#4018,.F.);
#5613=ORIENTED_EDGE('',*,*,#4023,.F.);
#5614=ORIENTED_EDGE('',*,*,#4024,.T.);
#5615=ORIENTED_EDGE('',*,*,#4025,.T.);
#5616=ORIENTED_EDGE('',*,*,#4021,.F.);
#5617=ORIENTED_EDGE('',*,*,#4026,.F.);
#5618=ORIENTED_EDGE('',*,*,#4027,.T.);
#5619=ORIENTED_EDGE('',*,*,#4028,.T.);
#5620=ORIENTED_EDGE('',*,*,#4024,.F.);
#5621=ORIENTED_EDGE('',*,*,#4029,.F.);
#5622=ORIENTED_EDGE('',*,*,#4030,.T.);
#5623=ORIENTED_EDGE('',*,*,#4031,.T.);
#5624=ORIENTED_EDGE('',*,*,#4027,.F.);
#5625=ORIENTED_EDGE('',*,*,#4032,.F.);
#5626=ORIENTED_EDGE('',*,*,#4033,.T.);
#5627=ORIENTED_EDGE('',*,*,#4034,.T.);
#5628=ORIENTED_EDGE('',*,*,#4030,.F.);
#5629=ORIENTED_EDGE('',*,*,#4035,.F.);
#5630=ORIENTED_EDGE('',*,*,#4001,.T.);
#5631=ORIENTED_EDGE('',*,*,#4036,.T.);
#5632=ORIENTED_EDGE('',*,*,#4033,.F.);
#5633=ORIENTED_EDGE('',*,*,#4036,.F.);
#5634=ORIENTED_EDGE('',*,*,#4000,.F.);
#5635=ORIENTED_EDGE('',*,*,#4004,.F.);
#5636=ORIENTED_EDGE('',*,*,#4007,.F.);
#5637=ORIENTED_EDGE('',*,*,#4010,.F.);
#5638=ORIENTED_EDGE('',*,*,#4013,.F.);
#5639=ORIENTED_EDGE('',*,*,#4016,.F.);
#5640=ORIENTED_EDGE('',*,*,#4019,.F.);
#5641=ORIENTED_EDGE('',*,*,#4022,.F.);
#5642=ORIENTED_EDGE('',*,*,#4025,.F.);
#5643=ORIENTED_EDGE('',*,*,#4028,.F.);
#5644=ORIENTED_EDGE('',*,*,#4031,.F.);
#5645=ORIENTED_EDGE('',*,*,#4034,.F.);
#5646=ORIENTED_EDGE('',*,*,#4037,.F.);
#5647=ORIENTED_EDGE('',*,*,#4038,.T.);
#5648=ORIENTED_EDGE('',*,*,#4039,.T.);
#5649=ORIENTED_EDGE('',*,*,#4040,.F.);
#5650=ORIENTED_EDGE('',*,*,#4041,.F.);
#5651=ORIENTED_EDGE('',*,*,#4042,.T.);
#5652=ORIENTED_EDGE('',*,*,#4043,.T.);
#5653=ORIENTED_EDGE('',*,*,#4038,.F.);
#5654=ORIENTED_EDGE('',*,*,#4044,.F.);
#5655=ORIENTED_EDGE('',*,*,#4045,.T.);
#5656=ORIENTED_EDGE('',*,*,#4046,.T.);
#5657=ORIENTED_EDGE('',*,*,#4042,.F.);
#5658=ORIENTED_EDGE('',*,*,#4047,.F.);
#5659=ORIENTED_EDGE('',*,*,#4048,.T.);
#5660=ORIENTED_EDGE('',*,*,#4049,.T.);
#5661=ORIENTED_EDGE('',*,*,#4045,.F.);
#5662=ORIENTED_EDGE('',*,*,#4050,.F.);
#5663=ORIENTED_EDGE('',*,*,#4051,.T.);
#5664=ORIENTED_EDGE('',*,*,#4052,.T.);
#5665=ORIENTED_EDGE('',*,*,#4048,.F.);
#5666=ORIENTED_EDGE('',*,*,#4053,.F.);
#5667=ORIENTED_EDGE('',*,*,#4040,.T.);
#5668=ORIENTED_EDGE('',*,*,#4054,.T.);
#5669=ORIENTED_EDGE('',*,*,#4051,.F.);
#5670=ORIENTED_EDGE('',*,*,#4054,.F.);
#5671=ORIENTED_EDGE('',*,*,#4039,.F.);
#5672=ORIENTED_EDGE('',*,*,#4043,.F.);
#5673=ORIENTED_EDGE('',*,*,#4046,.F.);
#5674=ORIENTED_EDGE('',*,*,#4049,.F.);
#5675=ORIENTED_EDGE('',*,*,#4052,.F.);
#5676=ORIENTED_EDGE('',*,*,#3269,.T.);
#5677=ORIENTED_EDGE('',*,*,#3282,.T.);
#5678=ORIENTED_EDGE('',*,*,#3279,.T.);
#5679=ORIENTED_EDGE('',*,*,#3276,.T.);
#5680=ORIENTED_EDGE('',*,*,#3273,.T.);
#5681=ORIENTED_EDGE('',*,*,#3254,.T.);
#5682=ORIENTED_EDGE('',*,*,#3267,.T.);
#5683=ORIENTED_EDGE('',*,*,#3264,.T.);
#5684=ORIENTED_EDGE('',*,*,#3261,.T.);
#5685=ORIENTED_EDGE('',*,*,#3258,.T.);
#5686=ORIENTED_EDGE('',*,*,#3215,.T.);
#5687=ORIENTED_EDGE('',*,*,#3252,.T.);
#5688=ORIENTED_EDGE('',*,*,#3249,.T.);
#5689=ORIENTED_EDGE('',*,*,#3246,.T.);
#5690=ORIENTED_EDGE('',*,*,#3243,.T.);
#5691=ORIENTED_EDGE('',*,*,#3240,.T.);
#5692=ORIENTED_EDGE('',*,*,#3237,.T.);
#5693=ORIENTED_EDGE('',*,*,#3234,.T.);
#5694=ORIENTED_EDGE('',*,*,#3231,.T.);
#5695=ORIENTED_EDGE('',*,*,#3228,.T.);
#5696=ORIENTED_EDGE('',*,*,#3225,.T.);
#5697=ORIENTED_EDGE('',*,*,#3222,.T.);
#5698=ORIENTED_EDGE('',*,*,#3219,.T.);
#5699=ORIENTED_EDGE('',*,*,#3200,.T.);
#5700=ORIENTED_EDGE('',*,*,#3213,.T.);
#5701=ORIENTED_EDGE('',*,*,#3210,.T.);
#5702=ORIENTED_EDGE('',*,*,#3207,.T.);
#5703=ORIENTED_EDGE('',*,*,#3204,.T.);
#5704=ORIENTED_EDGE('',*,*,#3176,.T.);
#5705=ORIENTED_EDGE('',*,*,#3198,.T.);
#5706=ORIENTED_EDGE('',*,*,#3195,.T.);
#5707=ORIENTED_EDGE('',*,*,#3192,.T.);
#5708=ORIENTED_EDGE('',*,*,#3189,.T.);
#5709=ORIENTED_EDGE('',*,*,#3186,.T.);
#5710=ORIENTED_EDGE('',*,*,#3183,.T.);
#5711=ORIENTED_EDGE('',*,*,#3180,.T.);
#5712=ORIENTED_EDGE('',*,*,#4055,.F.);
#5713=ORIENTED_EDGE('',*,*,#4056,.T.);
#5714=ORIENTED_EDGE('',*,*,#4057,.F.);
#5715=ORIENTED_EDGE('',*,*,#4058,.F.);
#5716=ORIENTED_EDGE('',*,*,#4059,.F.);
#5717=ORIENTED_EDGE('',*,*,#4060,.T.);
#5718=ORIENTED_EDGE('',*,*,#4061,.F.);
#5719=ORIENTED_EDGE('',*,*,#4056,.F.);
#5720=ORIENTED_EDGE('',*,*,#4062,.F.);
#5721=ORIENTED_EDGE('',*,*,#4063,.T.);
#5722=ORIENTED_EDGE('',*,*,#4064,.F.);
#5723=ORIENTED_EDGE('',*,*,#4060,.F.);
#5724=ORIENTED_EDGE('',*,*,#4065,.F.);
#5725=ORIENTED_EDGE('',*,*,#4058,.T.);
#5726=ORIENTED_EDGE('',*,*,#4066,.F.);
#5727=ORIENTED_EDGE('',*,*,#4063,.F.);
#5728=ORIENTED_EDGE('',*,*,#4067,.F.);
#5729=ORIENTED_EDGE('',*,*,#4068,.T.);
#5730=ORIENTED_EDGE('',*,*,#4069,.F.);
#5731=ORIENTED_EDGE('',*,*,#4068,.F.);
#5732=ORIENTED_EDGE('',*,*,#4067,.T.);
#5733=ORIENTED_EDGE('',*,*,#4070,.T.);
#5734=ORIENTED_EDGE('',*,*,#4071,.F.);
#5735=ORIENTED_EDGE('',*,*,#4072,.T.);
#5736=ORIENTED_EDGE('',*,*,#4073,.F.);
#5737=ORIENTED_EDGE('',*,*,#4072,.F.);
#5738=ORIENTED_EDGE('',*,*,#4071,.T.);
#5739=ORIENTED_EDGE('',*,*,#4074,.T.);
#5740=ORIENTED_EDGE('',*,*,#4075,.F.);
#5741=ORIENTED_EDGE('',*,*,#4076,.T.);
#5742=ORIENTED_EDGE('',*,*,#4077,.F.);
#5743=ORIENTED_EDGE('',*,*,#4076,.F.);
#5744=ORIENTED_EDGE('',*,*,#4075,.T.);
#5745=ORIENTED_EDGE('',*,*,#4078,.T.);
#5746=ORIENTED_EDGE('',*,*,#4079,.F.);
#5747=ORIENTED_EDGE('',*,*,#4080,.T.);
#5748=ORIENTED_EDGE('',*,*,#4081,.F.);
#5749=ORIENTED_EDGE('',*,*,#4080,.F.);
#5750=ORIENTED_EDGE('',*,*,#4079,.T.);
#5751=ORIENTED_EDGE('',*,*,#4082,.T.);
#5752=ORIENTED_EDGE('',*,*,#4083,.F.);
#5753=ORIENTED_EDGE('',*,*,#4084,.T.);
#5754=ORIENTED_EDGE('',*,*,#4085,.F.);
#5755=ORIENTED_EDGE('',*,*,#4086,.F.);
#5756=ORIENTED_EDGE('',*,*,#4087,.F.);
#5757=ORIENTED_EDGE('',*,*,#4088,.T.);
#5758=ORIENTED_EDGE('',*,*,#4089,.F.);
#5759=ORIENTED_EDGE('',*,*,#4084,.F.);
#5760=ORIENTED_EDGE('',*,*,#4090,.F.);
#5761=ORIENTED_EDGE('',*,*,#4091,.T.);
#5762=ORIENTED_EDGE('',*,*,#4092,.F.);
#5763=ORIENTED_EDGE('',*,*,#4088,.F.);
#5764=ORIENTED_EDGE('',*,*,#4093,.F.);
#5765=ORIENTED_EDGE('',*,*,#4086,.T.);
#5766=ORIENTED_EDGE('',*,*,#4094,.F.);
#5767=ORIENTED_EDGE('',*,*,#4091,.F.);
#5768=ORIENTED_EDGE('',*,*,#4095,.F.);
#5769=ORIENTED_EDGE('',*,*,#4096,.T.);
#5770=ORIENTED_EDGE('',*,*,#4097,.F.);
#5771=ORIENTED_EDGE('',*,*,#4098,.F.);
#5772=ORIENTED_EDGE('',*,*,#4099,.F.);
#5773=ORIENTED_EDGE('',*,*,#4100,.T.);
#5774=ORIENTED_EDGE('',*,*,#4101,.F.);
#5775=ORIENTED_EDGE('',*,*,#4096,.F.);
#5776=ORIENTED_EDGE('',*,*,#4102,.F.);
#5777=ORIENTED_EDGE('',*,*,#4103,.T.);
#5778=ORIENTED_EDGE('',*,*,#4104,.F.);
#5779=ORIENTED_EDGE('',*,*,#4100,.F.);
#5780=ORIENTED_EDGE('',*,*,#4105,.F.);
#5781=ORIENTED_EDGE('',*,*,#4098,.T.);
#5782=ORIENTED_EDGE('',*,*,#4106,.F.);
#5783=ORIENTED_EDGE('',*,*,#4103,.F.);
#5784=ORIENTED_EDGE('',*,*,#4107,.F.);
#5785=ORIENTED_EDGE('',*,*,#4108,.T.);
#5786=ORIENTED_EDGE('',*,*,#4109,.F.);
#5787=ORIENTED_EDGE('',*,*,#4110,.F.);
#5788=ORIENTED_EDGE('',*,*,#4111,.F.);
#5789=ORIENTED_EDGE('',*,*,#4112,.T.);
#5790=ORIENTED_EDGE('',*,*,#4113,.F.);
#5791=ORIENTED_EDGE('',*,*,#4108,.F.);
#5792=ORIENTED_EDGE('',*,*,#4114,.F.);
#5793=ORIENTED_EDGE('',*,*,#4115,.T.);
#5794=ORIENTED_EDGE('',*,*,#4116,.F.);
#5795=ORIENTED_EDGE('',*,*,#4112,.F.);
#5796=ORIENTED_EDGE('',*,*,#4117,.F.);
#5797=ORIENTED_EDGE('',*,*,#4110,.T.);
#5798=ORIENTED_EDGE('',*,*,#4118,.F.);
#5799=ORIENTED_EDGE('',*,*,#4115,.F.);
#5800=ORIENTED_EDGE('',*,*,#4119,.F.);
#5801=ORIENTED_EDGE('',*,*,#4120,.T.);
#5802=ORIENTED_EDGE('',*,*,#4121,.F.);
#5803=ORIENTED_EDGE('',*,*,#4122,.F.);
#5804=ORIENTED_EDGE('',*,*,#4123,.F.);
#5805=ORIENTED_EDGE('',*,*,#4124,.T.);
#5806=ORIENTED_EDGE('',*,*,#4125,.F.);
#5807=ORIENTED_EDGE('',*,*,#4120,.F.);
#5808=ORIENTED_EDGE('',*,*,#4126,.F.);
#5809=ORIENTED_EDGE('',*,*,#4127,.T.);
#5810=ORIENTED_EDGE('',*,*,#4128,.F.);
#5811=ORIENTED_EDGE('',*,*,#4124,.F.);
#5812=ORIENTED_EDGE('',*,*,#4129,.F.);
#5813=ORIENTED_EDGE('',*,*,#4122,.T.);
#5814=ORIENTED_EDGE('',*,*,#4130,.F.);
#5815=ORIENTED_EDGE('',*,*,#4127,.F.);
#5816=ORIENTED_EDGE('',*,*,#4131,.F.);
#5817=ORIENTED_EDGE('',*,*,#4132,.T.);
#5818=ORIENTED_EDGE('',*,*,#4133,.F.);
#5819=ORIENTED_EDGE('',*,*,#4134,.F.);
#5820=ORIENTED_EDGE('',*,*,#4135,.F.);
#5821=ORIENTED_EDGE('',*,*,#4136,.T.);
#5822=ORIENTED_EDGE('',*,*,#4137,.F.);
#5823=ORIENTED_EDGE('',*,*,#4132,.F.);
#5824=ORIENTED_EDGE('',*,*,#4138,.F.);
#5825=ORIENTED_EDGE('',*,*,#4139,.T.);
#5826=ORIENTED_EDGE('',*,*,#4140,.F.);
#5827=ORIENTED_EDGE('',*,*,#4136,.F.);
#5828=ORIENTED_EDGE('',*,*,#4141,.F.);
#5829=ORIENTED_EDGE('',*,*,#4134,.T.);
#5830=ORIENTED_EDGE('',*,*,#4142,.F.);
#5831=ORIENTED_EDGE('',*,*,#4139,.F.);
#5832=ORIENTED_EDGE('',*,*,#4143,.F.);
#5833=ORIENTED_EDGE('',*,*,#4144,.T.);
#5834=ORIENTED_EDGE('',*,*,#4145,.F.);
#5835=ORIENTED_EDGE('',*,*,#4146,.F.);
#5836=ORIENTED_EDGE('',*,*,#4147,.F.);
#5837=ORIENTED_EDGE('',*,*,#4148,.T.);
#5838=ORIENTED_EDGE('',*,*,#4149,.F.);
#5839=ORIENTED_EDGE('',*,*,#4144,.F.);
#5840=ORIENTED_EDGE('',*,*,#4150,.F.);
#5841=ORIENTED_EDGE('',*,*,#4151,.T.);
#5842=ORIENTED_EDGE('',*,*,#4152,.F.);
#5843=ORIENTED_EDGE('',*,*,#4148,.F.);
#5844=ORIENTED_EDGE('',*,*,#4153,.F.);
#5845=ORIENTED_EDGE('',*,*,#4146,.T.);
#5846=ORIENTED_EDGE('',*,*,#4154,.F.);
#5847=ORIENTED_EDGE('',*,*,#4151,.F.);
#5848=ORIENTED_EDGE('',*,*,#4155,.F.);
#5849=ORIENTED_EDGE('',*,*,#4156,.T.);
#5850=ORIENTED_EDGE('',*,*,#4157,.F.);
#5851=ORIENTED_EDGE('',*,*,#4158,.F.);
#5852=ORIENTED_EDGE('',*,*,#4159,.F.);
#5853=ORIENTED_EDGE('',*,*,#4160,.T.);
#5854=ORIENTED_EDGE('',*,*,#4161,.F.);
#5855=ORIENTED_EDGE('',*,*,#4156,.F.);
#5856=ORIENTED_EDGE('',*,*,#4162,.F.);
#5857=ORIENTED_EDGE('',*,*,#4163,.T.);
#5858=ORIENTED_EDGE('',*,*,#4164,.F.);
#5859=ORIENTED_EDGE('',*,*,#4160,.F.);
#5860=ORIENTED_EDGE('',*,*,#4165,.F.);
#5861=ORIENTED_EDGE('',*,*,#4158,.T.);
#5862=ORIENTED_EDGE('',*,*,#4166,.F.);
#5863=ORIENTED_EDGE('',*,*,#4163,.F.);
#5864=ORIENTED_EDGE('',*,*,#4167,.F.);
#5865=ORIENTED_EDGE('',*,*,#4168,.T.);
#5866=ORIENTED_EDGE('',*,*,#4169,.F.);
#5867=ORIENTED_EDGE('',*,*,#4170,.F.);
#5868=ORIENTED_EDGE('',*,*,#4171,.F.);
#5869=ORIENTED_EDGE('',*,*,#4172,.T.);
#5870=ORIENTED_EDGE('',*,*,#4173,.F.);
#5871=ORIENTED_EDGE('',*,*,#4168,.F.);
#5872=ORIENTED_EDGE('',*,*,#4174,.F.);
#5873=ORIENTED_EDGE('',*,*,#4175,.T.);
#5874=ORIENTED_EDGE('',*,*,#4176,.F.);
#5875=ORIENTED_EDGE('',*,*,#4172,.F.);
#5876=ORIENTED_EDGE('',*,*,#4177,.F.);
#5877=ORIENTED_EDGE('',*,*,#4170,.T.);
#5878=ORIENTED_EDGE('',*,*,#4178,.F.);
#5879=ORIENTED_EDGE('',*,*,#4175,.F.);
#5880=ORIENTED_EDGE('',*,*,#4179,.F.);
#5881=ORIENTED_EDGE('',*,*,#4180,.T.);
#5882=ORIENTED_EDGE('',*,*,#4181,.F.);
#5883=ORIENTED_EDGE('',*,*,#4182,.F.);
#5884=ORIENTED_EDGE('',*,*,#4183,.F.);
#5885=ORIENTED_EDGE('',*,*,#4184,.T.);
#5886=ORIENTED_EDGE('',*,*,#4185,.F.);
#5887=ORIENTED_EDGE('',*,*,#4180,.F.);
#5888=ORIENTED_EDGE('',*,*,#4186,.F.);
#5889=ORIENTED_EDGE('',*,*,#4187,.T.);
#5890=ORIENTED_EDGE('',*,*,#4188,.F.);
#5891=ORIENTED_EDGE('',*,*,#4184,.F.);
#5892=ORIENTED_EDGE('',*,*,#4189,.F.);
#5893=ORIENTED_EDGE('',*,*,#4182,.T.);
#5894=ORIENTED_EDGE('',*,*,#4190,.F.);
#5895=ORIENTED_EDGE('',*,*,#4187,.F.);
#5896=ORIENTED_EDGE('',*,*,#4191,.F.);
#5897=ORIENTED_EDGE('',*,*,#4192,.T.);
#5898=ORIENTED_EDGE('',*,*,#4193,.F.);
#5899=ORIENTED_EDGE('',*,*,#4194,.F.);
#5900=ORIENTED_EDGE('',*,*,#4195,.F.);
#5901=ORIENTED_EDGE('',*,*,#4194,.T.);
#5902=ORIENTED_EDGE('',*,*,#4196,.F.);
#5903=ORIENTED_EDGE('',*,*,#4197,.F.);
#5904=ORIENTED_EDGE('',*,*,#4198,.F.);
#5905=ORIENTED_EDGE('',*,*,#4197,.T.);
#5906=ORIENTED_EDGE('',*,*,#4199,.F.);
#5907=ORIENTED_EDGE('',*,*,#4200,.F.);
#5908=ORIENTED_EDGE('',*,*,#4201,.F.);
#5909=ORIENTED_EDGE('',*,*,#4200,.T.);
#5910=ORIENTED_EDGE('',*,*,#4202,.F.);
#5911=ORIENTED_EDGE('',*,*,#4192,.F.);
#5912=ORIENTED_EDGE('',*,*,#4202,.T.);
#5913=ORIENTED_EDGE('',*,*,#4199,.T.);
#5914=ORIENTED_EDGE('',*,*,#4196,.T.);
#5915=ORIENTED_EDGE('',*,*,#4193,.T.);
#5916=ORIENTED_EDGE('',*,*,#4055,.T.);
#5917=ORIENTED_EDGE('',*,*,#4065,.T.);
#5918=ORIENTED_EDGE('',*,*,#4062,.T.);
#5919=ORIENTED_EDGE('',*,*,#4059,.T.);
#5920=ORIENTED_EDGE('',*,*,#4095,.T.);
#5921=ORIENTED_EDGE('',*,*,#4105,.T.);
#5922=ORIENTED_EDGE('',*,*,#4102,.T.);
#5923=ORIENTED_EDGE('',*,*,#4099,.T.);
#5924=ORIENTED_EDGE('',*,*,#4107,.T.);
#5925=ORIENTED_EDGE('',*,*,#4117,.T.);
#5926=ORIENTED_EDGE('',*,*,#4114,.T.);
#5927=ORIENTED_EDGE('',*,*,#4111,.T.);
#5928=ORIENTED_EDGE('',*,*,#4119,.T.);
#5929=ORIENTED_EDGE('',*,*,#4129,.T.);
#5930=ORIENTED_EDGE('',*,*,#4126,.T.);
#5931=ORIENTED_EDGE('',*,*,#4123,.T.);
#5932=ORIENTED_EDGE('',*,*,#4131,.T.);
#5933=ORIENTED_EDGE('',*,*,#4141,.T.);
#5934=ORIENTED_EDGE('',*,*,#4138,.T.);
#5935=ORIENTED_EDGE('',*,*,#4135,.T.);
#5936=ORIENTED_EDGE('',*,*,#4143,.T.);
#5937=ORIENTED_EDGE('',*,*,#4153,.T.);
#5938=ORIENTED_EDGE('',*,*,#4150,.T.);
#5939=ORIENTED_EDGE('',*,*,#4147,.T.);
#5940=ORIENTED_EDGE('',*,*,#4155,.T.);
#5941=ORIENTED_EDGE('',*,*,#4165,.T.);
#5942=ORIENTED_EDGE('',*,*,#4162,.T.);
#5943=ORIENTED_EDGE('',*,*,#4159,.T.);
#5944=ORIENTED_EDGE('',*,*,#4167,.T.);
#5945=ORIENTED_EDGE('',*,*,#4177,.T.);
#5946=ORIENTED_EDGE('',*,*,#4174,.T.);
#5947=ORIENTED_EDGE('',*,*,#4171,.T.);
#5948=ORIENTED_EDGE('',*,*,#4179,.T.);
#5949=ORIENTED_EDGE('',*,*,#4189,.T.);
#5950=ORIENTED_EDGE('',*,*,#4186,.T.);
#5951=ORIENTED_EDGE('',*,*,#4183,.T.);
#5952=ORIENTED_EDGE('',*,*,#4083,.T.);
#5953=ORIENTED_EDGE('',*,*,#4093,.T.);
#5954=ORIENTED_EDGE('',*,*,#4090,.T.);
#5955=ORIENTED_EDGE('',*,*,#4087,.T.);
#5956=ORIENTED_EDGE('',*,*,#4037,.T.);
#5957=ORIENTED_EDGE('',*,*,#4053,.T.);
#5958=ORIENTED_EDGE('',*,*,#4050,.T.);
#5959=ORIENTED_EDGE('',*,*,#4047,.T.);
#5960=ORIENTED_EDGE('',*,*,#4044,.T.);
#5961=ORIENTED_EDGE('',*,*,#4041,.T.);
#5962=ORIENTED_EDGE('',*,*,#3998,.T.);
#5963=ORIENTED_EDGE('',*,*,#4035,.T.);
#5964=ORIENTED_EDGE('',*,*,#4032,.T.);
#5965=ORIENTED_EDGE('',*,*,#4029,.T.);
#5966=ORIENTED_EDGE('',*,*,#4026,.T.);
#5967=ORIENTED_EDGE('',*,*,#4023,.T.);
#5968=ORIENTED_EDGE('',*,*,#4020,.T.);
#5969=ORIENTED_EDGE('',*,*,#4017,.T.);
#5970=ORIENTED_EDGE('',*,*,#4014,.T.);
#5971=ORIENTED_EDGE('',*,*,#4011,.T.);
#5972=ORIENTED_EDGE('',*,*,#4008,.T.);
#5973=ORIENTED_EDGE('',*,*,#4005,.T.);
#5974=ORIENTED_EDGE('',*,*,#4002,.T.);
#5975=ORIENTED_EDGE('',*,*,#3284,.T.);
#5976=ORIENTED_EDGE('',*,*,#3996,.T.);
#5977=ORIENTED_EDGE('',*,*,#3993,.T.);
#5978=ORIENTED_EDGE('',*,*,#3990,.T.);
#5979=ORIENTED_EDGE('',*,*,#3987,.T.);
#5980=ORIENTED_EDGE('',*,*,#3984,.T.);
#5981=ORIENTED_EDGE('',*,*,#3981,.T.);
#5982=ORIENTED_EDGE('',*,*,#3978,.T.);
#5983=ORIENTED_EDGE('',*,*,#3975,.T.);
#5984=ORIENTED_EDGE('',*,*,#3972,.T.);
#5985=ORIENTED_EDGE('',*,*,#3969,.T.);
#5986=ORIENTED_EDGE('',*,*,#3966,.T.);
#5987=ORIENTED_EDGE('',*,*,#3963,.T.);
#5988=ORIENTED_EDGE('',*,*,#3960,.T.);
#5989=ORIENTED_EDGE('',*,*,#3957,.T.);
#5990=ORIENTED_EDGE('',*,*,#3954,.T.);
#5991=ORIENTED_EDGE('',*,*,#3951,.T.);
#5992=ORIENTED_EDGE('',*,*,#3948,.T.);
#5993=ORIENTED_EDGE('',*,*,#3945,.T.);
#5994=ORIENTED_EDGE('',*,*,#3942,.T.);
#5995=ORIENTED_EDGE('',*,*,#3939,.T.);
#5996=ORIENTED_EDGE('',*,*,#3936,.T.);
#5997=ORIENTED_EDGE('',*,*,#3933,.T.);
#5998=ORIENTED_EDGE('',*,*,#3930,.T.);
#5999=ORIENTED_EDGE('',*,*,#3927,.T.);
#6000=ORIENTED_EDGE('',*,*,#3924,.T.);
#6001=ORIENTED_EDGE('',*,*,#3921,.T.);
#6002=ORIENTED_EDGE('',*,*,#3918,.T.);
#6003=ORIENTED_EDGE('',*,*,#3915,.T.);
#6004=ORIENTED_EDGE('',*,*,#3912,.T.);
#6005=ORIENTED_EDGE('',*,*,#3909,.T.);
#6006=ORIENTED_EDGE('',*,*,#3906,.T.);
#6007=ORIENTED_EDGE('',*,*,#3903,.T.);
#6008=ORIENTED_EDGE('',*,*,#3900,.T.);
#6009=ORIENTED_EDGE('',*,*,#3897,.T.);
#6010=ORIENTED_EDGE('',*,*,#3894,.T.);
#6011=ORIENTED_EDGE('',*,*,#3891,.T.);
#6012=ORIENTED_EDGE('',*,*,#3888,.T.);
#6013=ORIENTED_EDGE('',*,*,#3885,.T.);
#6014=ORIENTED_EDGE('',*,*,#3882,.T.);
#6015=ORIENTED_EDGE('',*,*,#3879,.T.);
#6016=ORIENTED_EDGE('',*,*,#3876,.T.);
#6017=ORIENTED_EDGE('',*,*,#3873,.T.);
#6018=ORIENTED_EDGE('',*,*,#3870,.T.);
#6019=ORIENTED_EDGE('',*,*,#3867,.T.);
#6020=ORIENTED_EDGE('',*,*,#3864,.T.);
#6021=ORIENTED_EDGE('',*,*,#3861,.T.);
#6022=ORIENTED_EDGE('',*,*,#3858,.T.);
#6023=ORIENTED_EDGE('',*,*,#3855,.T.);
#6024=ORIENTED_EDGE('',*,*,#3852,.T.);
#6025=ORIENTED_EDGE('',*,*,#3849,.T.);
#6026=ORIENTED_EDGE('',*,*,#3846,.T.);
#6027=ORIENTED_EDGE('',*,*,#3843,.T.);
#6028=ORIENTED_EDGE('',*,*,#3840,.T.);
#6029=ORIENTED_EDGE('',*,*,#3837,.T.);
#6030=ORIENTED_EDGE('',*,*,#3834,.T.);
#6031=ORIENTED_EDGE('',*,*,#3831,.T.);
#6032=ORIENTED_EDGE('',*,*,#3828,.T.);
#6033=ORIENTED_EDGE('',*,*,#3825,.T.);
#6034=ORIENTED_EDGE('',*,*,#3822,.T.);
#6035=ORIENTED_EDGE('',*,*,#3819,.T.);
#6036=ORIENTED_EDGE('',*,*,#3816,.T.);
#6037=ORIENTED_EDGE('',*,*,#3813,.T.);
#6038=ORIENTED_EDGE('',*,*,#3810,.T.);
#6039=ORIENTED_EDGE('',*,*,#3807,.T.);
#6040=ORIENTED_EDGE('',*,*,#3804,.T.);
#6041=ORIENTED_EDGE('',*,*,#3801,.T.);
#6042=ORIENTED_EDGE('',*,*,#3798,.T.);
#6043=ORIENTED_EDGE('',*,*,#3795,.T.);
#6044=ORIENTED_EDGE('',*,*,#3792,.T.);
#6045=ORIENTED_EDGE('',*,*,#3789,.T.);
#6046=ORIENTED_EDGE('',*,*,#3786,.T.);
#6047=ORIENTED_EDGE('',*,*,#3783,.T.);
#6048=ORIENTED_EDGE('',*,*,#3780,.T.);
#6049=ORIENTED_EDGE('',*,*,#3777,.T.);
#6050=ORIENTED_EDGE('',*,*,#3774,.T.);
#6051=ORIENTED_EDGE('',*,*,#3771,.T.);
#6052=ORIENTED_EDGE('',*,*,#3768,.T.);
#6053=ORIENTED_EDGE('',*,*,#3765,.T.);
#6054=ORIENTED_EDGE('',*,*,#3762,.T.);
#6055=ORIENTED_EDGE('',*,*,#3759,.T.);
#6056=ORIENTED_EDGE('',*,*,#3756,.T.);
#6057=ORIENTED_EDGE('',*,*,#3753,.T.);
#6058=ORIENTED_EDGE('',*,*,#3750,.T.);
#6059=ORIENTED_EDGE('',*,*,#3747,.T.);
#6060=ORIENTED_EDGE('',*,*,#3744,.T.);
#6061=ORIENTED_EDGE('',*,*,#3741,.T.);
#6062=ORIENTED_EDGE('',*,*,#3738,.T.);
#6063=ORIENTED_EDGE('',*,*,#3735,.T.);
#6064=ORIENTED_EDGE('',*,*,#3732,.T.);
#6065=ORIENTED_EDGE('',*,*,#3729,.T.);
#6066=ORIENTED_EDGE('',*,*,#3726,.T.);
#6067=ORIENTED_EDGE('',*,*,#3723,.T.);
#6068=ORIENTED_EDGE('',*,*,#3720,.T.);
#6069=ORIENTED_EDGE('',*,*,#3717,.T.);
#6070=ORIENTED_EDGE('',*,*,#3714,.T.);
#6071=ORIENTED_EDGE('',*,*,#3711,.T.);
#6072=ORIENTED_EDGE('',*,*,#3708,.T.);
#6073=ORIENTED_EDGE('',*,*,#3705,.T.);
#6074=ORIENTED_EDGE('',*,*,#3702,.T.);
#6075=ORIENTED_EDGE('',*,*,#3699,.T.);
#6076=ORIENTED_EDGE('',*,*,#3696,.T.);
#6077=ORIENTED_EDGE('',*,*,#3693,.T.);
#6078=ORIENTED_EDGE('',*,*,#3690,.T.);
#6079=ORIENTED_EDGE('',*,*,#3687,.T.);
#6080=ORIENTED_EDGE('',*,*,#3684,.T.);
#6081=ORIENTED_EDGE('',*,*,#3681,.T.);
#6082=ORIENTED_EDGE('',*,*,#3678,.T.);
#6083=ORIENTED_EDGE('',*,*,#3675,.T.);
#6084=ORIENTED_EDGE('',*,*,#3672,.T.);
#6085=ORIENTED_EDGE('',*,*,#3669,.T.);
#6086=ORIENTED_EDGE('',*,*,#3666,.T.);
#6087=ORIENTED_EDGE('',*,*,#3663,.T.);
#6088=ORIENTED_EDGE('',*,*,#3660,.T.);
#6089=ORIENTED_EDGE('',*,*,#3657,.T.);
#6090=ORIENTED_EDGE('',*,*,#3654,.T.);
#6091=ORIENTED_EDGE('',*,*,#3651,.T.);
#6092=ORIENTED_EDGE('',*,*,#3648,.T.);
#6093=ORIENTED_EDGE('',*,*,#3645,.T.);
#6094=ORIENTED_EDGE('',*,*,#3642,.T.);
#6095=ORIENTED_EDGE('',*,*,#3639,.T.);
#6096=ORIENTED_EDGE('',*,*,#3636,.T.);
#6097=ORIENTED_EDGE('',*,*,#3633,.T.);
#6098=ORIENTED_EDGE('',*,*,#3630,.T.);
#6099=ORIENTED_EDGE('',*,*,#3627,.T.);
#6100=ORIENTED_EDGE('',*,*,#3624,.T.);
#6101=ORIENTED_EDGE('',*,*,#3621,.T.);
#6102=ORIENTED_EDGE('',*,*,#3618,.T.);
#6103=ORIENTED_EDGE('',*,*,#3615,.T.);
#6104=ORIENTED_EDGE('',*,*,#3612,.T.);
#6105=ORIENTED_EDGE('',*,*,#3609,.T.);
#6106=ORIENTED_EDGE('',*,*,#3606,.T.);
#6107=ORIENTED_EDGE('',*,*,#3603,.T.);
#6108=ORIENTED_EDGE('',*,*,#3600,.T.);
#6109=ORIENTED_EDGE('',*,*,#3597,.T.);
#6110=ORIENTED_EDGE('',*,*,#3594,.T.);
#6111=ORIENTED_EDGE('',*,*,#3591,.T.);
#6112=ORIENTED_EDGE('',*,*,#3588,.T.);
#6113=ORIENTED_EDGE('',*,*,#3585,.T.);
#6114=ORIENTED_EDGE('',*,*,#3582,.T.);
#6115=ORIENTED_EDGE('',*,*,#3579,.T.);
#6116=ORIENTED_EDGE('',*,*,#3576,.T.);
#6117=ORIENTED_EDGE('',*,*,#3573,.T.);
#6118=ORIENTED_EDGE('',*,*,#3570,.T.);
#6119=ORIENTED_EDGE('',*,*,#3567,.T.);
#6120=ORIENTED_EDGE('',*,*,#3564,.T.);
#6121=ORIENTED_EDGE('',*,*,#3561,.T.);
#6122=ORIENTED_EDGE('',*,*,#3558,.T.);
#6123=ORIENTED_EDGE('',*,*,#3555,.T.);
#6124=ORIENTED_EDGE('',*,*,#3552,.T.);
#6125=ORIENTED_EDGE('',*,*,#3549,.T.);
#6126=ORIENTED_EDGE('',*,*,#3546,.T.);
#6127=ORIENTED_EDGE('',*,*,#3543,.T.);
#6128=ORIENTED_EDGE('',*,*,#3540,.T.);
#6129=ORIENTED_EDGE('',*,*,#3537,.T.);
#6130=ORIENTED_EDGE('',*,*,#3534,.T.);
#6131=ORIENTED_EDGE('',*,*,#3531,.T.);
#6132=ORIENTED_EDGE('',*,*,#3528,.T.);
#6133=ORIENTED_EDGE('',*,*,#3525,.T.);
#6134=ORIENTED_EDGE('',*,*,#3522,.T.);
#6135=ORIENTED_EDGE('',*,*,#3519,.T.);
#6136=ORIENTED_EDGE('',*,*,#3516,.T.);
#6137=ORIENTED_EDGE('',*,*,#3513,.T.);
#6138=ORIENTED_EDGE('',*,*,#3510,.T.);
#6139=ORIENTED_EDGE('',*,*,#3507,.T.);
#6140=ORIENTED_EDGE('',*,*,#3504,.T.);
#6141=ORIENTED_EDGE('',*,*,#3501,.T.);
#6142=ORIENTED_EDGE('',*,*,#3498,.T.);
#6143=ORIENTED_EDGE('',*,*,#3495,.T.);
#6144=ORIENTED_EDGE('',*,*,#3492,.T.);
#6145=ORIENTED_EDGE('',*,*,#3489,.T.);
#6146=ORIENTED_EDGE('',*,*,#3486,.T.);
#6147=ORIENTED_EDGE('',*,*,#3483,.T.);
#6148=ORIENTED_EDGE('',*,*,#3480,.T.);
#6149=ORIENTED_EDGE('',*,*,#3477,.T.);
#6150=ORIENTED_EDGE('',*,*,#3474,.T.);
#6151=ORIENTED_EDGE('',*,*,#3471,.T.);
#6152=ORIENTED_EDGE('',*,*,#3468,.T.);
#6153=ORIENTED_EDGE('',*,*,#3465,.T.);
#6154=ORIENTED_EDGE('',*,*,#3462,.T.);
#6155=ORIENTED_EDGE('',*,*,#3459,.T.);
#6156=ORIENTED_EDGE('',*,*,#3456,.T.);
#6157=ORIENTED_EDGE('',*,*,#3453,.T.);
#6158=ORIENTED_EDGE('',*,*,#3450,.T.);
#6159=ORIENTED_EDGE('',*,*,#3447,.T.);
#6160=ORIENTED_EDGE('',*,*,#3444,.T.);
#6161=ORIENTED_EDGE('',*,*,#3441,.T.);
#6162=ORIENTED_EDGE('',*,*,#3438,.T.);
#6163=ORIENTED_EDGE('',*,*,#3435,.T.);
#6164=ORIENTED_EDGE('',*,*,#3432,.T.);
#6165=ORIENTED_EDGE('',*,*,#3429,.T.);
#6166=ORIENTED_EDGE('',*,*,#3426,.T.);
#6167=ORIENTED_EDGE('',*,*,#3423,.T.);
#6168=ORIENTED_EDGE('',*,*,#3420,.T.);
#6169=ORIENTED_EDGE('',*,*,#3417,.T.);
#6170=ORIENTED_EDGE('',*,*,#3414,.T.);
#6171=ORIENTED_EDGE('',*,*,#3411,.T.);
#6172=ORIENTED_EDGE('',*,*,#3408,.T.);
#6173=ORIENTED_EDGE('',*,*,#3405,.T.);
#6174=ORIENTED_EDGE('',*,*,#3402,.T.);
#6175=ORIENTED_EDGE('',*,*,#3399,.T.);
#6176=ORIENTED_EDGE('',*,*,#3396,.T.);
#6177=ORIENTED_EDGE('',*,*,#3393,.T.);
#6178=ORIENTED_EDGE('',*,*,#3390,.T.);
#6179=ORIENTED_EDGE('',*,*,#3387,.T.);
#6180=ORIENTED_EDGE('',*,*,#3384,.T.);
#6181=ORIENTED_EDGE('',*,*,#3381,.T.);
#6182=ORIENTED_EDGE('',*,*,#3378,.T.);
#6183=ORIENTED_EDGE('',*,*,#3375,.T.);
#6184=ORIENTED_EDGE('',*,*,#3372,.T.);
#6185=ORIENTED_EDGE('',*,*,#3369,.T.);
#6186=ORIENTED_EDGE('',*,*,#3366,.T.);
#6187=ORIENTED_EDGE('',*,*,#3363,.T.);
#6188=ORIENTED_EDGE('',*,*,#3360,.T.);
#6189=ORIENTED_EDGE('',*,*,#3357,.T.);
#6190=ORIENTED_EDGE('',*,*,#3354,.T.);
#6191=ORIENTED_EDGE('',*,*,#3351,.T.);
#6192=ORIENTED_EDGE('',*,*,#3348,.T.);
#6193=ORIENTED_EDGE('',*,*,#3345,.T.);
#6194=ORIENTED_EDGE('',*,*,#3342,.T.);
#6195=ORIENTED_EDGE('',*,*,#3339,.T.);
#6196=ORIENTED_EDGE('',*,*,#3336,.T.);
#6197=ORIENTED_EDGE('',*,*,#3333,.T.);
#6198=ORIENTED_EDGE('',*,*,#3330,.T.);
#6199=ORIENTED_EDGE('',*,*,#3327,.T.);
#6200=ORIENTED_EDGE('',*,*,#3324,.T.);
#6201=ORIENTED_EDGE('',*,*,#3321,.T.);
#6202=ORIENTED_EDGE('',*,*,#3318,.T.);
#6203=ORIENTED_EDGE('',*,*,#3315,.T.);
#6204=ORIENTED_EDGE('',*,*,#3312,.T.);
#6205=ORIENTED_EDGE('',*,*,#3309,.T.);
#6206=ORIENTED_EDGE('',*,*,#3306,.T.);
#6207=ORIENTED_EDGE('',*,*,#3303,.T.);
#6208=ORIENTED_EDGE('',*,*,#3300,.T.);
#6209=ORIENTED_EDGE('',*,*,#3297,.T.);
#6210=ORIENTED_EDGE('',*,*,#3294,.T.);
#6211=ORIENTED_EDGE('',*,*,#3291,.T.);
#6212=ORIENTED_EDGE('',*,*,#3288,.T.);
#6213=ORIENTED_EDGE('',*,*,#4201,.T.);
#6214=ORIENTED_EDGE('',*,*,#4191,.T.);
#6215=ORIENTED_EDGE('',*,*,#4195,.T.);
#6216=ORIENTED_EDGE('',*,*,#4198,.T.);
#6217=ORIENTED_EDGE('',*,*,#4069,.T.);
#6218=ORIENTED_EDGE('',*,*,#4077,.T.);
#6219=ORIENTED_EDGE('',*,*,#4085,.T.);
#6220=ORIENTED_EDGE('',*,*,#4089,.T.);
#6221=ORIENTED_EDGE('',*,*,#4092,.T.);
#6222=ORIENTED_EDGE('',*,*,#4094,.T.);
#6223=ORIENTED_EDGE('',*,*,#4181,.T.);
#6224=ORIENTED_EDGE('',*,*,#4185,.T.);
#6225=ORIENTED_EDGE('',*,*,#4188,.T.);
#6226=ORIENTED_EDGE('',*,*,#4190,.T.);
#6227=ORIENTED_EDGE('',*,*,#4169,.T.);
#6228=ORIENTED_EDGE('',*,*,#4173,.T.);
#6229=ORIENTED_EDGE('',*,*,#4176,.T.);
#6230=ORIENTED_EDGE('',*,*,#4178,.T.);
#6231=ORIENTED_EDGE('',*,*,#4157,.T.);
#6232=ORIENTED_EDGE('',*,*,#4161,.T.);
#6233=ORIENTED_EDGE('',*,*,#4164,.T.);
#6234=ORIENTED_EDGE('',*,*,#4166,.T.);
#6235=ORIENTED_EDGE('',*,*,#4145,.T.);
#6236=ORIENTED_EDGE('',*,*,#4149,.T.);
#6237=ORIENTED_EDGE('',*,*,#4152,.T.);
#6238=ORIENTED_EDGE('',*,*,#4154,.T.);
#6239=ORIENTED_EDGE('',*,*,#4133,.T.);
#6240=ORIENTED_EDGE('',*,*,#4137,.T.);
#6241=ORIENTED_EDGE('',*,*,#4140,.T.);
#6242=ORIENTED_EDGE('',*,*,#4142,.T.);
#6243=ORIENTED_EDGE('',*,*,#4121,.T.);
#6244=ORIENTED_EDGE('',*,*,#4125,.T.);
#6245=ORIENTED_EDGE('',*,*,#4128,.T.);
#6246=ORIENTED_EDGE('',*,*,#4130,.T.);
#6247=ORIENTED_EDGE('',*,*,#4109,.T.);
#6248=ORIENTED_EDGE('',*,*,#4113,.T.);
#6249=ORIENTED_EDGE('',*,*,#4116,.T.);
#6250=ORIENTED_EDGE('',*,*,#4118,.T.);
#6251=ORIENTED_EDGE('',*,*,#4097,.T.);
#6252=ORIENTED_EDGE('',*,*,#4101,.T.);
#6253=ORIENTED_EDGE('',*,*,#4104,.T.);
#6254=ORIENTED_EDGE('',*,*,#4106,.T.);
#6255=ORIENTED_EDGE('',*,*,#4081,.T.);
#6256=ORIENTED_EDGE('',*,*,#4073,.T.);
#6257=ORIENTED_EDGE('',*,*,#4057,.T.);
#6258=ORIENTED_EDGE('',*,*,#4061,.T.);
#6259=ORIENTED_EDGE('',*,*,#4064,.T.);
#6260=ORIENTED_EDGE('',*,*,#4066,.T.);
#6261=ORIENTED_EDGE('',*,*,#4074,.F.);
#6262=ORIENTED_EDGE('',*,*,#4203,.T.);
#6263=ORIENTED_EDGE('',*,*,#4204,.T.);
#6264=ORIENTED_EDGE('',*,*,#4203,.F.);
#6265=ORIENTED_EDGE('',*,*,#4204,.F.);
#6266=ORIENTED_EDGE('',*,*,#4082,.F.);
#6267=ORIENTED_EDGE('',*,*,#4205,.T.);
#6268=ORIENTED_EDGE('',*,*,#4206,.T.);
#6269=ORIENTED_EDGE('',*,*,#4205,.F.);
#6270=ORIENTED_EDGE('',*,*,#4206,.F.);
#6271=ORIENTED_EDGE('',*,*,#4078,.F.);
#6272=ORIENTED_EDGE('',*,*,#4207,.T.);
#6273=ORIENTED_EDGE('',*,*,#4208,.T.);
#6274=ORIENTED_EDGE('',*,*,#4207,.F.);
#6275=ORIENTED_EDGE('',*,*,#4208,.F.);
#6276=ORIENTED_EDGE('',*,*,#4070,.F.);
#6277=ORIENTED_EDGE('',*,*,#4209,.T.);
#6278=ORIENTED_EDGE('',*,*,#4210,.T.);
#6279=ORIENTED_EDGE('',*,*,#4209,.F.);
#6280=ORIENTED_EDGE('',*,*,#4210,.F.);
#6281=(
BOUNDED_SURFACE()
B_SPLINE_SURFACE(3,1,((#7825,#7826),(#7827,#7828),(#7829,#7830),(#7831,
#7832)),.UNSPECIFIED.,.F.,.F.,.F.)
B_SPLINE_SURFACE_WITH_KNOTS((4,4),(2,2),(-1.,0.),(0.,0.045),
 .UNSPECIFIED.)
GEOMETRIC_REPRESENTATION_ITEM()
RATIONAL_B_SPLINE_SURFACE(((1.,1.),(1.,1.),(1.,1.),(1.,1.)))
REPRESENTATION_ITEM('')
SURFACE()
);
#6282=(
BOUNDED_SURFACE()
B_SPLINE_SURFACE(3,1,((#7847,#7848),(#7849,#7850),(#7851,#7852),(#7853,
#7854)),.UNSPECIFIED.,.F.,.F.,.F.)
B_SPLINE_SURFACE_WITH_KNOTS((4,4),(2,2),(-1.,0.),(0.,0.045),
 .UNSPECIFIED.)
GEOMETRIC_REPRESENTATION_ITEM()
RATIONAL_B_SPLINE_SURFACE(((1.,1.),(1.,1.),(1.,1.),(1.,1.)))
REPRESENTATION_ITEM('')
SURFACE()
);
#6283=(
BOUNDED_SURFACE()
B_SPLINE_SURFACE(3,1,((#7866,#7867),(#7868,#7869),(#7870,#7871),(#7872,
#7873)),.UNSPECIFIED.,.F.,.F.,.F.)
B_SPLINE_SURFACE_WITH_KNOTS((4,4),(2,2),(-1.,0.),(0.,0.045),
 .UNSPECIFIED.)
GEOMETRIC_REPRESENTATION_ITEM()
RATIONAL_B_SPLINE_SURFACE(((1.,1.),(1.,1.),(1.,1.),(1.,1.)))
REPRESENTATION_ITEM('')
SURFACE()
);
#6284=(
BOUNDED_SURFACE()
B_SPLINE_SURFACE(3,1,((#7885,#7886),(#7887,#7888),(#7889,#7890),(#7891,
#7892)),.UNSPECIFIED.,.F.,.F.,.F.)
B_SPLINE_SURFACE_WITH_KNOTS((4,4),(2,2),(-1.,0.),(0.,0.045),
 .UNSPECIFIED.)
GEOMETRIC_REPRESENTATION_ITEM()
RATIONAL_B_SPLINE_SURFACE(((1.,1.),(1.,1.),(1.,1.),(1.,1.)))
REPRESENTATION_ITEM('')
SURFACE()
);
#6285=(
BOUNDED_SURFACE()
B_SPLINE_SURFACE(3,1,((#7916,#7917),(#7918,#7919),(#7920,#7921),(#7922,
#7923)),.UNSPECIFIED.,.F.,.F.,.F.)
B_SPLINE_SURFACE_WITH_KNOTS((4,4),(2,2),(-1.,0.),(0.,0.045),
 .UNSPECIFIED.)
GEOMETRIC_REPRESENTATION_ITEM()
RATIONAL_B_SPLINE_SURFACE(((1.,1.),(1.,1.),(1.,1.),(1.,1.)))
REPRESENTATION_ITEM('')
SURFACE()
);
#6286=(
BOUNDED_SURFACE()
B_SPLINE_SURFACE(3,1,((#7935,#7936),(#7937,#7938),(#7939,#7940),(#7941,
#7942)),.UNSPECIFIED.,.F.,.F.,.F.)
B_SPLINE_SURFACE_WITH_KNOTS((4,4),(2,2),(-1.,0.),(0.,0.045),
 .UNSPECIFIED.)
GEOMETRIC_REPRESENTATION_ITEM()
RATIONAL_B_SPLINE_SURFACE(((1.,1.),(1.,1.),(1.,1.),(1.,1.)))
REPRESENTATION_ITEM('')
SURFACE()
);
#6287=(
BOUNDED_SURFACE()
B_SPLINE_SURFACE(3,1,((#7951,#7952),(#7953,#7954),(#7955,#7956),(#7957,
#7958)),.UNSPECIFIED.,.F.,.F.,.F.)
B_SPLINE_SURFACE_WITH_KNOTS((4,4),(2,2),(-1.,0.),(0.,0.045),
 .UNSPECIFIED.)
GEOMETRIC_REPRESENTATION_ITEM()
RATIONAL_B_SPLINE_SURFACE(((1.,1.),(1.,1.),(1.,1.),(1.,1.)))
REPRESENTATION_ITEM('')
SURFACE()
);
#6288=(
BOUNDED_SURFACE()
B_SPLINE_SURFACE(3,1,((#7973,#7974),(#7975,#7976),(#7977,#7978),(#7979,
#7980)),.UNSPECIFIED.,.F.,.F.,.F.)
B_SPLINE_SURFACE_WITH_KNOTS((4,4),(2,2),(-1.,0.),(0.,0.045),
 .UNSPECIFIED.)
GEOMETRIC_REPRESENTATION_ITEM()
RATIONAL_B_SPLINE_SURFACE(((1.,1.),(1.,1.),(1.,1.),(1.,1.)))
REPRESENTATION_ITEM('')
SURFACE()
);
#6289=(
BOUNDED_SURFACE()
B_SPLINE_SURFACE(3,1,((#7992,#7993),(#7994,#7995),(#7996,#7997),(#7998,
#7999)),.UNSPECIFIED.,.F.,.F.,.F.)
B_SPLINE_SURFACE_WITH_KNOTS((4,4),(2,2),(-1.,0.),(0.,0.045),
 .UNSPECIFIED.)
GEOMETRIC_REPRESENTATION_ITEM()
RATIONAL_B_SPLINE_SURFACE(((1.,1.),(1.,1.),(1.,1.),(1.,1.)))
REPRESENTATION_ITEM('')
SURFACE()
);
#6290=(
BOUNDED_SURFACE()
B_SPLINE_SURFACE(3,1,((#8011,#8012),(#8013,#8014),(#8015,#8016),(#8017,
#8018)),.UNSPECIFIED.,.F.,.F.,.F.)
B_SPLINE_SURFACE_WITH_KNOTS((4,4),(2,2),(-1.,0.),(0.,0.045),
 .UNSPECIFIED.)
GEOMETRIC_REPRESENTATION_ITEM()
RATIONAL_B_SPLINE_SURFACE(((1.,1.),(1.,1.),(1.,1.),(1.,1.)))
REPRESENTATION_ITEM('')
SURFACE()
);
#6291=(
BOUNDED_SURFACE()
B_SPLINE_SURFACE(3,1,((#8030,#8031),(#8032,#8033),(#8034,#8035),(#8036,
#8037)),.UNSPECIFIED.,.F.,.F.,.F.)
B_SPLINE_SURFACE_WITH_KNOTS((4,4),(2,2),(-1.,0.),(0.,0.045),
 .UNSPECIFIED.)
GEOMETRIC_REPRESENTATION_ITEM()
RATIONAL_B_SPLINE_SURFACE(((1.,1.),(1.,1.),(1.,1.),(1.,1.)))
REPRESENTATION_ITEM('')
SURFACE()
);
#6292=(
BOUNDED_SURFACE()
B_SPLINE_SURFACE(3,1,((#8046,#8047),(#8048,#8049),(#8050,#8051),(#8052,
#8053)),.UNSPECIFIED.,.F.,.F.,.F.)
B_SPLINE_SURFACE_WITH_KNOTS((4,4),(2,2),(-1.,0.),(0.,0.045),
 .UNSPECIFIED.)
GEOMETRIC_REPRESENTATION_ITEM()
RATIONAL_B_SPLINE_SURFACE(((1.,1.),(1.,1.),(1.,1.),(1.,1.)))
REPRESENTATION_ITEM('')
SURFACE()
);
#6293=(
BOUNDED_SURFACE()
B_SPLINE_SURFACE(3,1,((#8068,#8069),(#8070,#8071),(#8072,#8073),(#8074,
#8075)),.UNSPECIFIED.,.F.,.F.,.F.)
B_SPLINE_SURFACE_WITH_KNOTS((4,4),(2,2),(-1.,0.),(0.,0.045),
 .UNSPECIFIED.)
GEOMETRIC_REPRESENTATION_ITEM()
RATIONAL_B_SPLINE_SURFACE(((1.,1.),(1.,1.),(1.,1.),(1.,1.)))
REPRESENTATION_ITEM('')
SURFACE()
);
#6294=(
BOUNDED_SURFACE()
B_SPLINE_SURFACE(3,1,((#8087,#8088),(#8089,#8090),(#8091,#8092),(#8093,
#8094)),.UNSPECIFIED.,.F.,.F.,.F.)
B_SPLINE_SURFACE_WITH_KNOTS((4,4),(2,2),(-1.,0.),(0.,0.045),
 .UNSPECIFIED.)
GEOMETRIC_REPRESENTATION_ITEM()
RATIONAL_B_SPLINE_SURFACE(((1.,1.),(1.,1.),(1.,1.),(1.,1.)))
REPRESENTATION_ITEM('')
SURFACE()
);
#6295=(
BOUNDED_SURFACE()
B_SPLINE_SURFACE(3,1,((#8106,#8107),(#8108,#8109),(#8110,#8111),(#8112,
#8113)),.UNSPECIFIED.,.F.,.F.,.F.)
B_SPLINE_SURFACE_WITH_KNOTS((4,4),(2,2),(-1.,0.),(0.,0.045),
 .UNSPECIFIED.)
GEOMETRIC_REPRESENTATION_ITEM()
RATIONAL_B_SPLINE_SURFACE(((1.,1.),(1.,1.),(1.,1.),(1.,1.)))
REPRESENTATION_ITEM('')
SURFACE()
);
#6296=(
BOUNDED_SURFACE()
B_SPLINE_SURFACE(3,1,((#8125,#8126),(#8127,#8128),(#8129,#8130),(#8131,
#8132)),.UNSPECIFIED.,.F.,.F.,.F.)
B_SPLINE_SURFACE_WITH_KNOTS((4,4),(2,2),(-1.,0.),(0.,0.045),
 .UNSPECIFIED.)
GEOMETRIC_REPRESENTATION_ITEM()
RATIONAL_B_SPLINE_SURFACE(((1.,1.),(1.,1.),(1.,1.),(1.,1.)))
REPRESENTATION_ITEM('')
SURFACE()
);
#6297=(
BOUNDED_SURFACE()
B_SPLINE_SURFACE(3,1,((#8156,#8157),(#8158,#8159),(#8160,#8161),(#8162,
#8163)),.UNSPECIFIED.,.F.,.F.,.F.)
B_SPLINE_SURFACE_WITH_KNOTS((4,4),(2,2),(-1.,0.),(0.,0.045),
 .UNSPECIFIED.)
GEOMETRIC_REPRESENTATION_ITEM()
RATIONAL_B_SPLINE_SURFACE(((1.,1.),(1.,1.),(1.,1.),(1.,1.)))
REPRESENTATION_ITEM('')
SURFACE()
);
#6298=(
BOUNDED_SURFACE()
B_SPLINE_SURFACE(3,1,((#8175,#8176),(#8177,#8178),(#8179,#8180),(#8181,
#8182)),.UNSPECIFIED.,.F.,.F.,.F.)
B_SPLINE_SURFACE_WITH_KNOTS((4,4),(2,2),(-1.,0.),(0.,0.045),
 .UNSPECIFIED.)
GEOMETRIC_REPRESENTATION_ITEM()
RATIONAL_B_SPLINE_SURFACE(((1.,1.),(1.,1.),(1.,1.),(1.,1.)))
REPRESENTATION_ITEM('')
SURFACE()
);
#6299=(
BOUNDED_SURFACE()
B_SPLINE_SURFACE(3,1,((#8194,#8195),(#8196,#8197),(#8198,#8199),(#8200,
#8201)),.UNSPECIFIED.,.F.,.F.,.F.)
B_SPLINE_SURFACE_WITH_KNOTS((4,4),(2,2),(-1.,0.),(0.,0.045),
 .UNSPECIFIED.)
GEOMETRIC_REPRESENTATION_ITEM()
RATIONAL_B_SPLINE_SURFACE(((1.,1.),(1.,1.),(1.,1.),(1.,1.)))
REPRESENTATION_ITEM('')
SURFACE()
);
#6300=(
BOUNDED_SURFACE()
B_SPLINE_SURFACE(3,1,((#8213,#8214),(#8215,#8216),(#8217,#8218),(#8219,
#8220)),.UNSPECIFIED.,.F.,.F.,.F.)
B_SPLINE_SURFACE_WITH_KNOTS((4,4),(2,2),(-1.,0.),(0.,0.045),
 .UNSPECIFIED.)
GEOMETRIC_REPRESENTATION_ITEM()
RATIONAL_B_SPLINE_SURFACE(((1.,1.),(1.,1.),(1.,1.),(1.,1.)))
REPRESENTATION_ITEM('')
SURFACE()
);
#6301=(
BOUNDED_SURFACE()
B_SPLINE_SURFACE(3,1,((#8232,#8233),(#8234,#8235),(#8236,#8237),(#8238,
#8239)),.UNSPECIFIED.,.F.,.F.,.F.)
B_SPLINE_SURFACE_WITH_KNOTS((4,4),(2,2),(-1.,0.),(0.,0.045),
 .UNSPECIFIED.)
GEOMETRIC_REPRESENTATION_ITEM()
RATIONAL_B_SPLINE_SURFACE(((1.,1.),(1.,1.),(1.,1.),(1.,1.)))
REPRESENTATION_ITEM('')
SURFACE()
);
#6302=(
BOUNDED_SURFACE()
B_SPLINE_SURFACE(3,1,((#8251,#8252),(#8253,#8254),(#8255,#8256),(#8257,
#8258)),.UNSPECIFIED.,.F.,.F.,.F.)
B_SPLINE_SURFACE_WITH_KNOTS((4,4),(2,2),(-1.,0.),(0.,0.045),
 .UNSPECIFIED.)
GEOMETRIC_REPRESENTATION_ITEM()
RATIONAL_B_SPLINE_SURFACE(((1.,1.),(1.,1.),(1.,1.),(1.,1.)))
REPRESENTATION_ITEM('')
SURFACE()
);
#6303=(
BOUNDED_SURFACE()
B_SPLINE_SURFACE(3,1,((#8267,#8268),(#8269,#8270),(#8271,#8272),(#8273,
#8274)),.UNSPECIFIED.,.F.,.F.,.F.)
B_SPLINE_SURFACE_WITH_KNOTS((4,4),(2,2),(-1.,0.),(0.,0.045),
 .UNSPECIFIED.)
GEOMETRIC_REPRESENTATION_ITEM()
RATIONAL_B_SPLINE_SURFACE(((1.,1.),(1.,1.),(1.,1.),(1.,1.)))
REPRESENTATION_ITEM('')
SURFACE()
);
#6304=(
BOUNDED_SURFACE()
B_SPLINE_SURFACE(3,1,((#8289,#8290),(#8291,#8292),(#8293,#8294),(#8295,
#8296)),.UNSPECIFIED.,.F.,.F.,.F.)
B_SPLINE_SURFACE_WITH_KNOTS((4,4),(2,2),(-1.,0.),(0.,0.045),
 .UNSPECIFIED.)
GEOMETRIC_REPRESENTATION_ITEM()
RATIONAL_B_SPLINE_SURFACE(((1.,1.),(1.,1.),(1.,1.),(1.,1.)))
REPRESENTATION_ITEM('')
SURFACE()
);
#6305=(
BOUNDED_SURFACE()
B_SPLINE_SURFACE(3,1,((#8308,#8309),(#8310,#8311),(#8312,#8313),(#8314,
#8315)),.UNSPECIFIED.,.F.,.F.,.F.)
B_SPLINE_SURFACE_WITH_KNOTS((4,4),(2,2),(-1.,0.),(0.,0.045),
 .UNSPECIFIED.)
GEOMETRIC_REPRESENTATION_ITEM()
RATIONAL_B_SPLINE_SURFACE(((1.,1.),(1.,1.),(1.,1.),(1.,1.)))
REPRESENTATION_ITEM('')
SURFACE()
);
#6306=(
BOUNDED_SURFACE()
B_SPLINE_SURFACE(3,1,((#8327,#8328),(#8329,#8330),(#8331,#8332),(#8333,
#8334)),.UNSPECIFIED.,.F.,.F.,.F.)
B_SPLINE_SURFACE_WITH_KNOTS((4,4),(2,2),(-1.,0.),(0.,0.045),
 .UNSPECIFIED.)
GEOMETRIC_REPRESENTATION_ITEM()
RATIONAL_B_SPLINE_SURFACE(((1.,1.),(1.,1.),(1.,1.),(1.,1.)))
REPRESENTATION_ITEM('')
SURFACE()
);
#6307=(
BOUNDED_SURFACE()
B_SPLINE_SURFACE(3,1,((#8346,#8347),(#8348,#8349),(#8350,#8351),(#8352,
#8353)),.UNSPECIFIED.,.F.,.F.,.F.)
B_SPLINE_SURFACE_WITH_KNOTS((4,4),(2,2),(-1.,0.),(0.,0.045),
 .UNSPECIFIED.)
GEOMETRIC_REPRESENTATION_ITEM()
RATIONAL_B_SPLINE_SURFACE(((1.,1.),(1.,1.),(1.,1.),(1.,1.)))
REPRESENTATION_ITEM('')
SURFACE()
);
#6308=(
BOUNDED_SURFACE()
B_SPLINE_SURFACE(3,1,((#8362,#8363),(#8364,#8365),(#8366,#8367),(#8368,
#8369)),.UNSPECIFIED.,.F.,.F.,.F.)
B_SPLINE_SURFACE_WITH_KNOTS((4,4),(2,2),(-1.,0.),(0.,0.045),
 .UNSPECIFIED.)
GEOMETRIC_REPRESENTATION_ITEM()
RATIONAL_B_SPLINE_SURFACE(((1.,1.),(1.,1.),(1.,1.),(1.,1.)))
REPRESENTATION_ITEM('')
SURFACE()
);
#6309=(
BOUNDED_SURFACE()
B_SPLINE_SURFACE(3,1,((#8384,#8385),(#8386,#8387),(#8388,#8389),(#8390,
#8391)),.UNSPECIFIED.,.F.,.F.,.F.)
B_SPLINE_SURFACE_WITH_KNOTS((4,4),(2,2),(-1.,0.),(0.,0.045),
 .UNSPECIFIED.)
GEOMETRIC_REPRESENTATION_ITEM()
RATIONAL_B_SPLINE_SURFACE(((1.,1.),(1.,1.),(1.,1.),(1.,1.)))
REPRESENTATION_ITEM('')
SURFACE()
);
#6310=(
BOUNDED_SURFACE()
B_SPLINE_SURFACE(3,1,((#8403,#8404),(#8405,#8406),(#8407,#8408),(#8409,
#8410)),.UNSPECIFIED.,.F.,.F.,.F.)
B_SPLINE_SURFACE_WITH_KNOTS((4,4),(2,2),(-1.,0.),(0.,0.045),
 .UNSPECIFIED.)
GEOMETRIC_REPRESENTATION_ITEM()
RATIONAL_B_SPLINE_SURFACE(((1.,1.),(1.,1.),(1.,1.),(1.,1.)))
REPRESENTATION_ITEM('')
SURFACE()
);
#6311=(
BOUNDED_SURFACE()
B_SPLINE_SURFACE(3,1,((#8422,#8423),(#8424,#8425),(#8426,#8427),(#8428,
#8429)),.UNSPECIFIED.,.F.,.F.,.F.)
B_SPLINE_SURFACE_WITH_KNOTS((4,4),(2,2),(-1.,0.),(0.,0.045),
 .UNSPECIFIED.)
GEOMETRIC_REPRESENTATION_ITEM()
RATIONAL_B_SPLINE_SURFACE(((1.,1.),(1.,1.),(1.,1.),(1.,1.)))
REPRESENTATION_ITEM('')
SURFACE()
);
#6312=(
BOUNDED_SURFACE()
B_SPLINE_SURFACE(3,1,((#8441,#8442),(#8443,#8444),(#8445,#8446),(#8447,
#8448)),.UNSPECIFIED.,.F.,.F.,.F.)
B_SPLINE_SURFACE_WITH_KNOTS((4,4),(2,2),(-1.,0.),(0.,0.045),
 .UNSPECIFIED.)
GEOMETRIC_REPRESENTATION_ITEM()
RATIONAL_B_SPLINE_SURFACE(((1.,1.),(1.,1.),(1.,1.),(1.,1.)))
REPRESENTATION_ITEM('')
SURFACE()
);
#6313=(
BOUNDED_SURFACE()
B_SPLINE_SURFACE(3,1,((#8457,#8458),(#8459,#8460),(#8461,#8462),(#8463,
#8464)),.UNSPECIFIED.,.F.,.F.,.F.)
B_SPLINE_SURFACE_WITH_KNOTS((4,4),(2,2),(-1.,0.),(0.,0.045),
 .UNSPECIFIED.)
GEOMETRIC_REPRESENTATION_ITEM()
RATIONAL_B_SPLINE_SURFACE(((1.,1.),(1.,1.),(1.,1.),(1.,1.)))
REPRESENTATION_ITEM('')
SURFACE()
);
#6314=(
BOUNDED_SURFACE()
B_SPLINE_SURFACE(3,1,((#8479,#8480),(#8481,#8482),(#8483,#8484),(#8485,
#8486)),.UNSPECIFIED.,.F.,.F.,.F.)
B_SPLINE_SURFACE_WITH_KNOTS((4,4),(2,2),(-1.,0.),(0.,0.045),
 .UNSPECIFIED.)
GEOMETRIC_REPRESENTATION_ITEM()
RATIONAL_B_SPLINE_SURFACE(((1.,1.),(1.,1.),(1.,1.),(1.,1.)))
REPRESENTATION_ITEM('')
SURFACE()
);
#6315=(
BOUNDED_SURFACE()
B_SPLINE_SURFACE(3,1,((#8498,#8499),(#8500,#8501),(#8502,#8503),(#8504,
#8505)),.UNSPECIFIED.,.F.,.F.,.F.)
B_SPLINE_SURFACE_WITH_KNOTS((4,4),(2,2),(-1.,0.),(0.,0.045),
 .UNSPECIFIED.)
GEOMETRIC_REPRESENTATION_ITEM()
RATIONAL_B_SPLINE_SURFACE(((1.,1.),(1.,1.),(1.,1.),(1.,1.)))
REPRESENTATION_ITEM('')
SURFACE()
);
#6316=(
BOUNDED_SURFACE()
B_SPLINE_SURFACE(3,1,((#8517,#8518),(#8519,#8520),(#8521,#8522),(#8523,
#8524)),.UNSPECIFIED.,.F.,.F.,.F.)
B_SPLINE_SURFACE_WITH_KNOTS((4,4),(2,2),(-1.,0.),(0.,0.045),
 .UNSPECIFIED.)
GEOMETRIC_REPRESENTATION_ITEM()
RATIONAL_B_SPLINE_SURFACE(((1.,1.),(1.,1.),(1.,1.),(1.,1.)))
REPRESENTATION_ITEM('')
SURFACE()
);
#6317=(
BOUNDED_SURFACE()
B_SPLINE_SURFACE(3,1,((#8536,#8537),(#8538,#8539),(#8540,#8541),(#8542,
#8543)),.UNSPECIFIED.,.F.,.F.,.F.)
B_SPLINE_SURFACE_WITH_KNOTS((4,4),(2,2),(-1.,0.),(0.,0.045),
 .UNSPECIFIED.)
GEOMETRIC_REPRESENTATION_ITEM()
RATIONAL_B_SPLINE_SURFACE(((1.,1.),(1.,1.),(1.,1.),(1.,1.)))
REPRESENTATION_ITEM('')
SURFACE()
);
#6318=(
BOUNDED_SURFACE()
B_SPLINE_SURFACE(3,1,((#8555,#8556),(#8557,#8558),(#8559,#8560),(#8561,
#8562)),.UNSPECIFIED.,.F.,.F.,.F.)
B_SPLINE_SURFACE_WITH_KNOTS((4,4),(2,2),(-1.,0.),(0.,0.045),
 .UNSPECIFIED.)
GEOMETRIC_REPRESENTATION_ITEM()
RATIONAL_B_SPLINE_SURFACE(((1.,1.),(1.,1.),(1.,1.),(1.,1.)))
REPRESENTATION_ITEM('')
SURFACE()
);
#6319=(
BOUNDED_SURFACE()
B_SPLINE_SURFACE(3,1,((#8574,#8575),(#8576,#8577),(#8578,#8579),(#8580,
#8581)),.UNSPECIFIED.,.F.,.F.,.F.)
B_SPLINE_SURFACE_WITH_KNOTS((4,4),(2,2),(-1.,0.),(0.,0.045),
 .UNSPECIFIED.)
GEOMETRIC_REPRESENTATION_ITEM()
RATIONAL_B_SPLINE_SURFACE(((1.,1.),(1.,1.),(1.,1.),(1.,1.)))
REPRESENTATION_ITEM('')
SURFACE()
);
#6320=(
BOUNDED_SURFACE()
B_SPLINE_SURFACE(3,1,((#8605,#8606),(#8607,#8608),(#8609,#8610),(#8611,
#8612)),.UNSPECIFIED.,.F.,.F.,.F.)
B_SPLINE_SURFACE_WITH_KNOTS((4,4),(2,2),(-1.,0.),(0.,0.045),
 .UNSPECIFIED.)
GEOMETRIC_REPRESENTATION_ITEM()
RATIONAL_B_SPLINE_SURFACE(((1.,1.),(1.,1.),(1.,1.),(1.,1.)))
REPRESENTATION_ITEM('')
SURFACE()
);
#6321=(
BOUNDED_SURFACE()
B_SPLINE_SURFACE(3,1,((#8624,#8625),(#8626,#8627),(#8628,#8629),(#8630,
#8631)),.UNSPECIFIED.,.F.,.F.,.F.)
B_SPLINE_SURFACE_WITH_KNOTS((4,4),(2,2),(-1.,0.),(0.,0.045),
 .UNSPECIFIED.)
GEOMETRIC_REPRESENTATION_ITEM()
RATIONAL_B_SPLINE_SURFACE(((1.,1.),(1.,1.),(1.,1.),(1.,1.)))
REPRESENTATION_ITEM('')
SURFACE()
);
#6322=(
BOUNDED_SURFACE()
B_SPLINE_SURFACE(3,1,((#8643,#8644),(#8645,#8646),(#8647,#8648),(#8649,
#8650)),.UNSPECIFIED.,.F.,.F.,.F.)
B_SPLINE_SURFACE_WITH_KNOTS((4,4),(2,2),(-1.,0.),(0.,0.045),
 .UNSPECIFIED.)
GEOMETRIC_REPRESENTATION_ITEM()
RATIONAL_B_SPLINE_SURFACE(((1.,1.),(1.,1.),(1.,1.),(1.,1.)))
REPRESENTATION_ITEM('')
SURFACE()
);
#6323=(
BOUNDED_SURFACE()
B_SPLINE_SURFACE(3,1,((#8662,#8663),(#8664,#8665),(#8666,#8667),(#8668,
#8669)),.UNSPECIFIED.,.F.,.F.,.F.)
B_SPLINE_SURFACE_WITH_KNOTS((4,4),(2,2),(-1.,0.),(0.,0.045),
 .UNSPECIFIED.)
GEOMETRIC_REPRESENTATION_ITEM()
RATIONAL_B_SPLINE_SURFACE(((1.,1.),(1.,1.),(1.,1.),(1.,1.)))
REPRESENTATION_ITEM('')
SURFACE()
);
#6324=(
BOUNDED_SURFACE()
B_SPLINE_SURFACE(3,1,((#8693,#8694),(#8695,#8696),(#8697,#8698),(#8699,
#8700)),.UNSPECIFIED.,.F.,.F.,.F.)
B_SPLINE_SURFACE_WITH_KNOTS((4,4),(2,2),(-1.,0.),(0.,0.045),
 .UNSPECIFIED.)
GEOMETRIC_REPRESENTATION_ITEM()
RATIONAL_B_SPLINE_SURFACE(((1.,1.),(1.,1.),(1.,1.),(1.,1.)))
REPRESENTATION_ITEM('')
SURFACE()
);
#6325=(
BOUNDED_SURFACE()
B_SPLINE_SURFACE(3,1,((#8712,#8713),(#8714,#8715),(#8716,#8717),(#8718,
#8719)),.UNSPECIFIED.,.F.,.F.,.F.)
B_SPLINE_SURFACE_WITH_KNOTS((4,4),(2,2),(-1.,0.),(0.,0.045),
 .UNSPECIFIED.)
GEOMETRIC_REPRESENTATION_ITEM()
RATIONAL_B_SPLINE_SURFACE(((1.,1.),(1.,1.),(1.,1.),(1.,1.)))
REPRESENTATION_ITEM('')
SURFACE()
);
#6326=(
BOUNDED_SURFACE()
B_SPLINE_SURFACE(3,1,((#8749,#8750),(#8751,#8752),(#8753,#8754),(#8755,
#8756)),.UNSPECIFIED.,.F.,.F.,.F.)
B_SPLINE_SURFACE_WITH_KNOTS((4,4),(2,2),(-1.,0.),(0.,0.045),
 .UNSPECIFIED.)
GEOMETRIC_REPRESENTATION_ITEM()
RATIONAL_B_SPLINE_SURFACE(((1.,1.),(1.,1.),(1.,1.),(1.,1.)))
REPRESENTATION_ITEM('')
SURFACE()
);
#6327=(
BOUNDED_SURFACE()
B_SPLINE_SURFACE(3,1,((#8768,#8769),(#8770,#8771),(#8772,#8773),(#8774,
#8775)),.UNSPECIFIED.,.F.,.F.,.F.)
B_SPLINE_SURFACE_WITH_KNOTS((4,4),(2,2),(-1.,0.),(0.,0.045),
 .UNSPECIFIED.)
GEOMETRIC_REPRESENTATION_ITEM()
RATIONAL_B_SPLINE_SURFACE(((1.,1.),(1.,1.),(1.,1.),(1.,1.)))
REPRESENTATION_ITEM('')
SURFACE()
);
#6328=(
BOUNDED_SURFACE()
B_SPLINE_SURFACE(3,1,((#8787,#8788),(#8789,#8790),(#8791,#8792),(#8793,
#8794)),.UNSPECIFIED.,.F.,.F.,.F.)
B_SPLINE_SURFACE_WITH_KNOTS((4,4),(2,2),(-1.,0.),(0.,0.045),
 .UNSPECIFIED.)
GEOMETRIC_REPRESENTATION_ITEM()
RATIONAL_B_SPLINE_SURFACE(((1.,1.),(1.,1.),(1.,1.),(1.,1.)))
REPRESENTATION_ITEM('')
SURFACE()
);
#6329=(
BOUNDED_SURFACE()
B_SPLINE_SURFACE(3,1,((#8806,#8807),(#8808,#8809),(#8810,#8811),(#8812,
#8813)),.UNSPECIFIED.,.F.,.F.,.F.)
B_SPLINE_SURFACE_WITH_KNOTS((4,4),(2,2),(-1.,0.),(0.,0.045),
 .UNSPECIFIED.)
GEOMETRIC_REPRESENTATION_ITEM()
RATIONAL_B_SPLINE_SURFACE(((1.,1.),(1.,1.),(1.,1.),(1.,1.)))
REPRESENTATION_ITEM('')
SURFACE()
);
#6330=(
BOUNDED_SURFACE()
B_SPLINE_SURFACE(3,1,((#8825,#8826),(#8827,#8828),(#8829,#8830),(#8831,
#8832)),.UNSPECIFIED.,.F.,.F.,.F.)
B_SPLINE_SURFACE_WITH_KNOTS((4,4),(2,2),(-1.,0.),(0.,0.045),
 .UNSPECIFIED.)
GEOMETRIC_REPRESENTATION_ITEM()
RATIONAL_B_SPLINE_SURFACE(((1.,1.),(1.,1.),(1.,1.),(1.,1.)))
REPRESENTATION_ITEM('')
SURFACE()
);
#6331=(
BOUNDED_SURFACE()
B_SPLINE_SURFACE(3,1,((#8844,#8845),(#8846,#8847),(#8848,#8849),(#8850,
#8851)),.UNSPECIFIED.,.F.,.F.,.F.)
B_SPLINE_SURFACE_WITH_KNOTS((4,4),(2,2),(-1.,0.),(0.,0.045),
 .UNSPECIFIED.)
GEOMETRIC_REPRESENTATION_ITEM()
RATIONAL_B_SPLINE_SURFACE(((1.,1.),(1.,1.),(1.,1.),(1.,1.)))
REPRESENTATION_ITEM('')
SURFACE()
);
#6332=(
BOUNDED_SURFACE()
B_SPLINE_SURFACE(3,1,((#8863,#8864),(#8865,#8866),(#8867,#8868),(#8869,
#8870)),.UNSPECIFIED.,.F.,.F.,.F.)
B_SPLINE_SURFACE_WITH_KNOTS((4,4),(2,2),(-1.,0.),(0.,0.045),
 .UNSPECIFIED.)
GEOMETRIC_REPRESENTATION_ITEM()
RATIONAL_B_SPLINE_SURFACE(((1.,1.),(1.,1.),(1.,1.),(1.,1.)))
REPRESENTATION_ITEM('')
SURFACE()
);
#6333=(
BOUNDED_SURFACE()
B_SPLINE_SURFACE(3,1,((#8882,#8883),(#8884,#8885),(#8886,#8887),(#8888,
#8889)),.UNSPECIFIED.,.F.,.F.,.F.)
B_SPLINE_SURFACE_WITH_KNOTS((4,4),(2,2),(-1.,0.),(0.,0.045),
 .UNSPECIFIED.)
GEOMETRIC_REPRESENTATION_ITEM()
RATIONAL_B_SPLINE_SURFACE(((1.,1.),(1.,1.),(1.,1.),(1.,1.)))
REPRESENTATION_ITEM('')
SURFACE()
);
#6334=(
BOUNDED_SURFACE()
B_SPLINE_SURFACE(3,1,((#8901,#8902),(#8903,#8904),(#8905,#8906),(#8907,
#8908)),.UNSPECIFIED.,.F.,.F.,.F.)
B_SPLINE_SURFACE_WITH_KNOTS((4,4),(2,2),(-1.,0.),(0.,0.045),
 .UNSPECIFIED.)
GEOMETRIC_REPRESENTATION_ITEM()
RATIONAL_B_SPLINE_SURFACE(((1.,1.),(1.,1.),(1.,1.),(1.,1.)))
REPRESENTATION_ITEM('')
SURFACE()
);
#6335=(
BOUNDED_SURFACE()
B_SPLINE_SURFACE(3,1,((#8920,#8921),(#8922,#8923),(#8924,#8925),(#8926,
#8927)),.UNSPECIFIED.,.F.,.F.,.F.)
B_SPLINE_SURFACE_WITH_KNOTS((4,4),(2,2),(-1.,0.),(0.,0.045),
 .UNSPECIFIED.)
GEOMETRIC_REPRESENTATION_ITEM()
RATIONAL_B_SPLINE_SURFACE(((1.,1.),(1.,1.),(1.,1.),(1.,1.)))
REPRESENTATION_ITEM('')
SURFACE()
);
#6336=(
BOUNDED_SURFACE()
B_SPLINE_SURFACE(3,1,((#8939,#8940),(#8941,#8942),(#8943,#8944),(#8945,
#8946)),.UNSPECIFIED.,.F.,.F.,.F.)
B_SPLINE_SURFACE_WITH_KNOTS((4,4),(2,2),(-1.,0.),(0.,0.045),
 .UNSPECIFIED.)
GEOMETRIC_REPRESENTATION_ITEM()
RATIONAL_B_SPLINE_SURFACE(((1.,1.),(1.,1.),(1.,1.),(1.,1.)))
REPRESENTATION_ITEM('')
SURFACE()
);
#6337=(
BOUNDED_SURFACE()
B_SPLINE_SURFACE(3,1,((#8958,#8959),(#8960,#8961),(#8962,#8963),(#8964,
#8965)),.UNSPECIFIED.,.F.,.F.,.F.)
B_SPLINE_SURFACE_WITH_KNOTS((4,4),(2,2),(-1.,0.),(0.,0.045),
 .UNSPECIFIED.)
GEOMETRIC_REPRESENTATION_ITEM()
RATIONAL_B_SPLINE_SURFACE(((1.,1.),(1.,1.),(1.,1.),(1.,1.)))
REPRESENTATION_ITEM('')
SURFACE()
);
#6338=(
BOUNDED_SURFACE()
B_SPLINE_SURFACE(3,1,((#8977,#8978),(#8979,#8980),(#8981,#8982),(#8983,
#8984)),.UNSPECIFIED.,.F.,.F.,.F.)
B_SPLINE_SURFACE_WITH_KNOTS((4,4),(2,2),(-1.,0.),(0.,0.045),
 .UNSPECIFIED.)
GEOMETRIC_REPRESENTATION_ITEM()
RATIONAL_B_SPLINE_SURFACE(((1.,1.),(1.,1.),(1.,1.),(1.,1.)))
REPRESENTATION_ITEM('')
SURFACE()
);
#6339=(
BOUNDED_SURFACE()
B_SPLINE_SURFACE(3,1,((#8996,#8997),(#8998,#8999),(#9000,#9001),(#9002,
#9003)),.UNSPECIFIED.,.F.,.F.,.F.)
B_SPLINE_SURFACE_WITH_KNOTS((4,4),(2,2),(-1.,0.),(0.,0.045),
 .UNSPECIFIED.)
GEOMETRIC_REPRESENTATION_ITEM()
RATIONAL_B_SPLINE_SURFACE(((1.,1.),(1.,1.),(1.,1.),(1.,1.)))
REPRESENTATION_ITEM('')
SURFACE()
);
#6340=(
BOUNDED_SURFACE()
B_SPLINE_SURFACE(3,1,((#9015,#9016),(#9017,#9018),(#9019,#9020),(#9021,
#9022)),.UNSPECIFIED.,.F.,.F.,.F.)
B_SPLINE_SURFACE_WITH_KNOTS((4,4),(2,2),(-1.,0.),(0.,0.045),
 .UNSPECIFIED.)
GEOMETRIC_REPRESENTATION_ITEM()
RATIONAL_B_SPLINE_SURFACE(((1.,1.),(1.,1.),(1.,1.),(1.,1.)))
REPRESENTATION_ITEM('')
SURFACE()
);
#6341=(
BOUNDED_SURFACE()
B_SPLINE_SURFACE(3,1,((#9034,#9035),(#9036,#9037),(#9038,#9039),(#9040,
#9041)),.UNSPECIFIED.,.F.,.F.,.F.)
B_SPLINE_SURFACE_WITH_KNOTS((4,4),(2,2),(-1.,0.),(0.,0.045),
 .UNSPECIFIED.)
GEOMETRIC_REPRESENTATION_ITEM()
RATIONAL_B_SPLINE_SURFACE(((1.,1.),(1.,1.),(1.,1.),(1.,1.)))
REPRESENTATION_ITEM('')
SURFACE()
);
#6342=(
BOUNDED_SURFACE()
B_SPLINE_SURFACE(3,1,((#9053,#9054),(#9055,#9056),(#9057,#9058),(#9059,
#9060)),.UNSPECIFIED.,.F.,.F.,.F.)
B_SPLINE_SURFACE_WITH_KNOTS((4,4),(2,2),(-1.,0.),(0.,0.045),
 .UNSPECIFIED.)
GEOMETRIC_REPRESENTATION_ITEM()
RATIONAL_B_SPLINE_SURFACE(((1.,1.),(1.,1.),(1.,1.),(1.,1.)))
REPRESENTATION_ITEM('')
SURFACE()
);
#6343=(
BOUNDED_SURFACE()
B_SPLINE_SURFACE(3,1,((#9072,#9073),(#9074,#9075),(#9076,#9077),(#9078,
#9079)),.UNSPECIFIED.,.F.,.F.,.F.)
B_SPLINE_SURFACE_WITH_KNOTS((4,4),(2,2),(-1.,0.),(0.,0.045),
 .UNSPECIFIED.)
GEOMETRIC_REPRESENTATION_ITEM()
RATIONAL_B_SPLINE_SURFACE(((1.,1.),(1.,1.),(1.,1.),(1.,1.)))
REPRESENTATION_ITEM('')
SURFACE()
);
#6344=(
BOUNDED_SURFACE()
B_SPLINE_SURFACE(3,1,((#9091,#9092),(#9093,#9094),(#9095,#9096),(#9097,
#9098)),.UNSPECIFIED.,.F.,.F.,.F.)
B_SPLINE_SURFACE_WITH_KNOTS((4,4),(2,2),(-1.,0.),(0.,0.045),
 .UNSPECIFIED.)
GEOMETRIC_REPRESENTATION_ITEM()
RATIONAL_B_SPLINE_SURFACE(((1.,1.),(1.,1.),(1.,1.),(1.,1.)))
REPRESENTATION_ITEM('')
SURFACE()
);
#6345=(
BOUNDED_SURFACE()
B_SPLINE_SURFACE(3,1,((#9110,#9111),(#9112,#9113),(#9114,#9115),(#9116,
#9117)),.UNSPECIFIED.,.F.,.F.,.F.)
B_SPLINE_SURFACE_WITH_KNOTS((4,4),(2,2),(-1.,0.),(0.,0.045),
 .UNSPECIFIED.)
GEOMETRIC_REPRESENTATION_ITEM()
RATIONAL_B_SPLINE_SURFACE(((1.,1.),(1.,1.),(1.,1.),(1.,1.)))
REPRESENTATION_ITEM('')
SURFACE()
);
#6346=(
BOUNDED_SURFACE()
B_SPLINE_SURFACE(3,1,((#9129,#9130),(#9131,#9132),(#9133,#9134),(#9135,
#9136)),.UNSPECIFIED.,.F.,.F.,.F.)
B_SPLINE_SURFACE_WITH_KNOTS((4,4),(2,2),(-1.,0.),(0.,0.045),
 .UNSPECIFIED.)
GEOMETRIC_REPRESENTATION_ITEM()
RATIONAL_B_SPLINE_SURFACE(((1.,1.),(1.,1.),(1.,1.),(1.,1.)))
REPRESENTATION_ITEM('')
SURFACE()
);
#6347=(
BOUNDED_SURFACE()
B_SPLINE_SURFACE(3,1,((#9160,#9161),(#9162,#9163),(#9164,#9165),(#9166,
#9167)),.UNSPECIFIED.,.F.,.F.,.F.)
B_SPLINE_SURFACE_WITH_KNOTS((4,4),(2,2),(-1.,0.),(0.,0.045),
 .UNSPECIFIED.)
GEOMETRIC_REPRESENTATION_ITEM()
RATIONAL_B_SPLINE_SURFACE(((1.,1.),(1.,1.),(1.,1.),(1.,1.)))
REPRESENTATION_ITEM('')
SURFACE()
);
#6348=(
BOUNDED_SURFACE()
B_SPLINE_SURFACE(3,1,((#9179,#9180),(#9181,#9182),(#9183,#9184),(#9185,
#9186)),.UNSPECIFIED.,.F.,.F.,.F.)
B_SPLINE_SURFACE_WITH_KNOTS((4,4),(2,2),(-1.,0.),(0.,0.045),
 .UNSPECIFIED.)
GEOMETRIC_REPRESENTATION_ITEM()
RATIONAL_B_SPLINE_SURFACE(((1.,1.),(1.,1.),(1.,1.),(1.,1.)))
REPRESENTATION_ITEM('')
SURFACE()
);
#6349=(
BOUNDED_SURFACE()
B_SPLINE_SURFACE(3,1,((#9198,#9199),(#9200,#9201),(#9202,#9203),(#9204,
#9205)),.UNSPECIFIED.,.F.,.F.,.F.)
B_SPLINE_SURFACE_WITH_KNOTS((4,4),(2,2),(-1.,0.),(0.,0.045),
 .UNSPECIFIED.)
GEOMETRIC_REPRESENTATION_ITEM()
RATIONAL_B_SPLINE_SURFACE(((1.,1.),(1.,1.),(1.,1.),(1.,1.)))
REPRESENTATION_ITEM('')
SURFACE()
);
#6350=(
BOUNDED_SURFACE()
B_SPLINE_SURFACE(3,1,((#9217,#9218),(#9219,#9220),(#9221,#9222),(#9223,
#9224)),.UNSPECIFIED.,.F.,.F.,.F.)
B_SPLINE_SURFACE_WITH_KNOTS((4,4),(2,2),(-1.,0.),(0.,0.045),
 .UNSPECIFIED.)
GEOMETRIC_REPRESENTATION_ITEM()
RATIONAL_B_SPLINE_SURFACE(((1.,1.),(1.,1.),(1.,1.),(1.,1.)))
REPRESENTATION_ITEM('')
SURFACE()
);
#6351=(
BOUNDED_SURFACE()
B_SPLINE_SURFACE(3,1,((#9248,#9249),(#9250,#9251),(#9252,#9253),(#9254,
#9255)),.UNSPECIFIED.,.F.,.F.,.F.)
B_SPLINE_SURFACE_WITH_KNOTS((4,4),(2,2),(-1.,0.),(0.,0.045),
 .UNSPECIFIED.)
GEOMETRIC_REPRESENTATION_ITEM()
RATIONAL_B_SPLINE_SURFACE(((1.,1.),(1.,1.),(1.,1.),(1.,1.)))
REPRESENTATION_ITEM('')
SURFACE()
);
#6352=(
BOUNDED_SURFACE()
B_SPLINE_SURFACE(3,1,((#9267,#9268),(#9269,#9270),(#9271,#9272),(#9273,
#9274)),.UNSPECIFIED.,.F.,.F.,.F.)
B_SPLINE_SURFACE_WITH_KNOTS((4,4),(2,2),(-1.,0.),(0.,0.045),
 .UNSPECIFIED.)
GEOMETRIC_REPRESENTATION_ITEM()
RATIONAL_B_SPLINE_SURFACE(((1.,1.),(1.,1.),(1.,1.),(1.,1.)))
REPRESENTATION_ITEM('')
SURFACE()
);
#6353=(
BOUNDED_SURFACE()
B_SPLINE_SURFACE(3,1,((#9286,#9287),(#9288,#9289),(#9290,#9291),(#9292,
#9293)),.UNSPECIFIED.,.F.,.F.,.F.)
B_SPLINE_SURFACE_WITH_KNOTS((4,4),(2,2),(-1.,0.),(0.,0.045),
 .UNSPECIFIED.)
GEOMETRIC_REPRESENTATION_ITEM()
RATIONAL_B_SPLINE_SURFACE(((1.,1.),(1.,1.),(1.,1.),(1.,1.)))
REPRESENTATION_ITEM('')
SURFACE()
);
#6354=(
BOUNDED_SURFACE()
B_SPLINE_SURFACE(3,1,((#9305,#9306),(#9307,#9308),(#9309,#9310),(#9311,
#9312)),.UNSPECIFIED.,.F.,.F.,.F.)
B_SPLINE_SURFACE_WITH_KNOTS((4,4),(2,2),(-1.,0.),(0.,0.045),
 .UNSPECIFIED.)
GEOMETRIC_REPRESENTATION_ITEM()
RATIONAL_B_SPLINE_SURFACE(((1.,1.),(1.,1.),(1.,1.),(1.,1.)))
REPRESENTATION_ITEM('')
SURFACE()
);
#6355=(
BOUNDED_SURFACE()
B_SPLINE_SURFACE(3,1,((#9324,#9325),(#9326,#9327),(#9328,#9329),(#9330,
#9331)),.UNSPECIFIED.,.F.,.F.,.F.)
B_SPLINE_SURFACE_WITH_KNOTS((4,4),(2,2),(-1.,0.),(0.,0.045),
 .UNSPECIFIED.)
GEOMETRIC_REPRESENTATION_ITEM()
RATIONAL_B_SPLINE_SURFACE(((1.,1.),(1.,1.),(1.,1.),(1.,1.)))
REPRESENTATION_ITEM('')
SURFACE()
);
#6356=(
BOUNDED_SURFACE()
B_SPLINE_SURFACE(3,1,((#9343,#9344),(#9345,#9346),(#9347,#9348),(#9349,
#9350)),.UNSPECIFIED.,.F.,.F.,.F.)
B_SPLINE_SURFACE_WITH_KNOTS((4,4),(2,2),(-1.,0.),(0.,0.045),
 .UNSPECIFIED.)
GEOMETRIC_REPRESENTATION_ITEM()
RATIONAL_B_SPLINE_SURFACE(((1.,1.),(1.,1.),(1.,1.),(1.,1.)))
REPRESENTATION_ITEM('')
SURFACE()
);
#6357=(
BOUNDED_SURFACE()
B_SPLINE_SURFACE(3,1,((#9362,#9363),(#9364,#9365),(#9366,#9367),(#9368,
#9369)),.UNSPECIFIED.,.F.,.F.,.F.)
B_SPLINE_SURFACE_WITH_KNOTS((4,4),(2,2),(-1.,0.),(0.,0.045),
 .UNSPECIFIED.)
GEOMETRIC_REPRESENTATION_ITEM()
RATIONAL_B_SPLINE_SURFACE(((1.,1.),(1.,1.),(1.,1.),(1.,1.)))
REPRESENTATION_ITEM('')
SURFACE()
);
#6358=(
BOUNDED_SURFACE()
B_SPLINE_SURFACE(3,1,((#9381,#9382),(#9383,#9384),(#9385,#9386),(#9387,
#9388)),.UNSPECIFIED.,.F.,.F.,.F.)
B_SPLINE_SURFACE_WITH_KNOTS((4,4),(2,2),(-1.,0.),(0.,0.045),
 .UNSPECIFIED.)
GEOMETRIC_REPRESENTATION_ITEM()
RATIONAL_B_SPLINE_SURFACE(((1.,1.),(1.,1.),(1.,1.),(1.,1.)))
REPRESENTATION_ITEM('')
SURFACE()
);
#6359=(
BOUNDED_SURFACE()
B_SPLINE_SURFACE(3,1,((#9400,#9401),(#9402,#9403),(#9404,#9405),(#9406,
#9407)),.UNSPECIFIED.,.F.,.F.,.F.)
B_SPLINE_SURFACE_WITH_KNOTS((4,4),(2,2),(-1.,0.),(0.,0.045),
 .UNSPECIFIED.)
GEOMETRIC_REPRESENTATION_ITEM()
RATIONAL_B_SPLINE_SURFACE(((1.,1.),(1.,1.),(1.,1.),(1.,1.)))
REPRESENTATION_ITEM('')
SURFACE()
);
#6360=(
BOUNDED_SURFACE()
B_SPLINE_SURFACE(3,1,((#9419,#9420),(#9421,#9422),(#9423,#9424),(#9425,
#9426)),.UNSPECIFIED.,.F.,.F.,.F.)
B_SPLINE_SURFACE_WITH_KNOTS((4,4),(2,2),(-1.,0.),(0.,0.045),
 .UNSPECIFIED.)
GEOMETRIC_REPRESENTATION_ITEM()
RATIONAL_B_SPLINE_SURFACE(((1.,1.),(1.,1.),(1.,1.),(1.,1.)))
REPRESENTATION_ITEM('')
SURFACE()
);
#6361=(
BOUNDED_SURFACE()
B_SPLINE_SURFACE(3,1,((#9438,#9439),(#9440,#9441),(#9442,#9443),(#9444,
#9445)),.UNSPECIFIED.,.F.,.F.,.F.)
B_SPLINE_SURFACE_WITH_KNOTS((4,4),(2,2),(-1.,0.),(0.,0.045),
 .UNSPECIFIED.)
GEOMETRIC_REPRESENTATION_ITEM()
RATIONAL_B_SPLINE_SURFACE(((1.,1.),(1.,1.),(1.,1.),(1.,1.)))
REPRESENTATION_ITEM('')
SURFACE()
);
#6362=(
BOUNDED_SURFACE()
B_SPLINE_SURFACE(3,1,((#9457,#9458),(#9459,#9460),(#9461,#9462),(#9463,
#9464)),.UNSPECIFIED.,.F.,.F.,.F.)
B_SPLINE_SURFACE_WITH_KNOTS((4,4),(2,2),(-1.,0.),(0.,0.045),
 .UNSPECIFIED.)
GEOMETRIC_REPRESENTATION_ITEM()
RATIONAL_B_SPLINE_SURFACE(((1.,1.),(1.,1.),(1.,1.),(1.,1.)))
REPRESENTATION_ITEM('')
SURFACE()
);
#6363=(
BOUNDED_SURFACE()
B_SPLINE_SURFACE(3,1,((#9476,#9477),(#9478,#9479),(#9480,#9481),(#9482,
#9483)),.UNSPECIFIED.,.F.,.F.,.F.)
B_SPLINE_SURFACE_WITH_KNOTS((4,4),(2,2),(-1.,0.),(0.,0.045),
 .UNSPECIFIED.)
GEOMETRIC_REPRESENTATION_ITEM()
RATIONAL_B_SPLINE_SURFACE(((1.,1.),(1.,1.),(1.,1.),(1.,1.)))
REPRESENTATION_ITEM('')
SURFACE()
);
#6364=(
BOUNDED_SURFACE()
B_SPLINE_SURFACE(3,1,((#9495,#9496),(#9497,#9498),(#9499,#9500),(#9501,
#9502)),.UNSPECIFIED.,.F.,.F.,.F.)
B_SPLINE_SURFACE_WITH_KNOTS((4,4),(2,2),(-1.,0.),(0.,0.045),
 .UNSPECIFIED.)
GEOMETRIC_REPRESENTATION_ITEM()
RATIONAL_B_SPLINE_SURFACE(((1.,1.),(1.,1.),(1.,1.),(1.,1.)))
REPRESENTATION_ITEM('')
SURFACE()
);
#6365=(
BOUNDED_SURFACE()
B_SPLINE_SURFACE(3,1,((#9514,#9515),(#9516,#9517),(#9518,#9519),(#9520,
#9521)),.UNSPECIFIED.,.F.,.F.,.F.)
B_SPLINE_SURFACE_WITH_KNOTS((4,4),(2,2),(-1.,0.),(0.,0.045),
 .UNSPECIFIED.)
GEOMETRIC_REPRESENTATION_ITEM()
RATIONAL_B_SPLINE_SURFACE(((1.,1.),(1.,1.),(1.,1.),(1.,1.)))
REPRESENTATION_ITEM('')
SURFACE()
);
#6366=(
BOUNDED_SURFACE()
B_SPLINE_SURFACE(3,1,((#9533,#9534),(#9535,#9536),(#9537,#9538),(#9539,
#9540)),.UNSPECIFIED.,.F.,.F.,.F.)
B_SPLINE_SURFACE_WITH_KNOTS((4,4),(2,2),(-1.,0.),(0.,0.045),
 .UNSPECIFIED.)
GEOMETRIC_REPRESENTATION_ITEM()
RATIONAL_B_SPLINE_SURFACE(((1.,1.),(1.,1.),(1.,1.),(1.,1.)))
REPRESENTATION_ITEM('')
SURFACE()
);
#6367=(
BOUNDED_SURFACE()
B_SPLINE_SURFACE(3,1,((#9552,#9553),(#9554,#9555),(#9556,#9557),(#9558,
#9559)),.UNSPECIFIED.,.F.,.F.,.F.)
B_SPLINE_SURFACE_WITH_KNOTS((4,4),(2,2),(-1.,0.),(0.,0.045),
 .UNSPECIFIED.)
GEOMETRIC_REPRESENTATION_ITEM()
RATIONAL_B_SPLINE_SURFACE(((1.,1.),(1.,1.),(1.,1.),(1.,1.)))
REPRESENTATION_ITEM('')
SURFACE()
);
#6368=(
BOUNDED_SURFACE()
B_SPLINE_SURFACE(3,1,((#9571,#9572),(#9573,#9574),(#9575,#9576),(#9577,
#9578)),.UNSPECIFIED.,.F.,.F.,.F.)
B_SPLINE_SURFACE_WITH_KNOTS((4,4),(2,2),(-1.,0.),(0.,0.045),
 .UNSPECIFIED.)
GEOMETRIC_REPRESENTATION_ITEM()
RATIONAL_B_SPLINE_SURFACE(((1.,1.),(1.,1.),(1.,1.),(1.,1.)))
REPRESENTATION_ITEM('')
SURFACE()
);
#6369=(
BOUNDED_SURFACE()
B_SPLINE_SURFACE(3,1,((#9602,#9603),(#9604,#9605),(#9606,#9607),(#9608,
#9609)),.UNSPECIFIED.,.F.,.F.,.F.)
B_SPLINE_SURFACE_WITH_KNOTS((4,4),(2,2),(-1.,0.),(0.,0.045),
 .UNSPECIFIED.)
GEOMETRIC_REPRESENTATION_ITEM()
RATIONAL_B_SPLINE_SURFACE(((1.,1.),(1.,1.),(1.,1.),(1.,1.)))
REPRESENTATION_ITEM('')
SURFACE()
);
#6370=(
BOUNDED_SURFACE()
B_SPLINE_SURFACE(3,1,((#9621,#9622),(#9623,#9624),(#9625,#9626),(#9627,
#9628)),.UNSPECIFIED.,.F.,.F.,.F.)
B_SPLINE_SURFACE_WITH_KNOTS((4,4),(2,2),(-1.,0.),(0.,0.045),
 .UNSPECIFIED.)
GEOMETRIC_REPRESENTATION_ITEM()
RATIONAL_B_SPLINE_SURFACE(((1.,1.),(1.,1.),(1.,1.),(1.,1.)))
REPRESENTATION_ITEM('')
SURFACE()
);
#6371=(
BOUNDED_SURFACE()
B_SPLINE_SURFACE(3,1,((#9640,#9641),(#9642,#9643),(#9644,#9645),(#9646,
#9647)),.UNSPECIFIED.,.F.,.F.,.F.)
B_SPLINE_SURFACE_WITH_KNOTS((4,4),(2,2),(-1.,0.),(0.,0.045),
 .UNSPECIFIED.)
GEOMETRIC_REPRESENTATION_ITEM()
RATIONAL_B_SPLINE_SURFACE(((1.,1.),(1.,1.),(1.,1.),(1.,1.)))
REPRESENTATION_ITEM('')
SURFACE()
);
#6372=(
BOUNDED_SURFACE()
B_SPLINE_SURFACE(3,1,((#9659,#9660),(#9661,#9662),(#9663,#9664),(#9665,
#9666)),.UNSPECIFIED.,.F.,.F.,.F.)
B_SPLINE_SURFACE_WITH_KNOTS((4,4),(2,2),(-1.,0.),(0.,0.045),
 .UNSPECIFIED.)
GEOMETRIC_REPRESENTATION_ITEM()
RATIONAL_B_SPLINE_SURFACE(((1.,1.),(1.,1.),(1.,1.),(1.,1.)))
REPRESENTATION_ITEM('')
SURFACE()
);
#6373=(
BOUNDED_SURFACE()
B_SPLINE_SURFACE(3,1,((#9678,#9679),(#9680,#9681),(#9682,#9683),(#9684,
#9685)),.UNSPECIFIED.,.F.,.F.,.F.)
B_SPLINE_SURFACE_WITH_KNOTS((4,4),(2,2),(-1.,0.),(0.,0.045),
 .UNSPECIFIED.)
GEOMETRIC_REPRESENTATION_ITEM()
RATIONAL_B_SPLINE_SURFACE(((1.,1.),(1.,1.),(1.,1.),(1.,1.)))
REPRESENTATION_ITEM('')
SURFACE()
);
#6374=(
BOUNDED_SURFACE()
B_SPLINE_SURFACE(3,1,((#9697,#9698),(#9699,#9700),(#9701,#9702),(#9703,
#9704)),.UNSPECIFIED.,.F.,.F.,.F.)
B_SPLINE_SURFACE_WITH_KNOTS((4,4),(2,2),(-1.,0.),(0.,0.045),
 .UNSPECIFIED.)
GEOMETRIC_REPRESENTATION_ITEM()
RATIONAL_B_SPLINE_SURFACE(((1.,1.),(1.,1.),(1.,1.),(1.,1.)))
REPRESENTATION_ITEM('')
SURFACE()
);
#6375=(
BOUNDED_SURFACE()
B_SPLINE_SURFACE(3,1,((#9728,#9729),(#9730,#9731),(#9732,#9733),(#9734,
#9735)),.UNSPECIFIED.,.F.,.F.,.F.)
B_SPLINE_SURFACE_WITH_KNOTS((4,4),(2,2),(-1.,0.),(0.,0.045),
 .UNSPECIFIED.)
GEOMETRIC_REPRESENTATION_ITEM()
RATIONAL_B_SPLINE_SURFACE(((1.,1.),(1.,1.),(1.,1.),(1.,1.)))
REPRESENTATION_ITEM('')
SURFACE()
);
#6376=(
BOUNDED_SURFACE()
B_SPLINE_SURFACE(3,1,((#9747,#9748),(#9749,#9750),(#9751,#9752),(#9753,
#9754)),.UNSPECIFIED.,.F.,.F.,.F.)
B_SPLINE_SURFACE_WITH_KNOTS((4,4),(2,2),(-1.,0.),(0.,0.045),
 .UNSPECIFIED.)
GEOMETRIC_REPRESENTATION_ITEM()
RATIONAL_B_SPLINE_SURFACE(((1.,1.),(1.,1.),(1.,1.),(1.,1.)))
REPRESENTATION_ITEM('')
SURFACE()
);
#6377=(
BOUNDED_SURFACE()
B_SPLINE_SURFACE(3,1,((#9766,#9767),(#9768,#9769),(#9770,#9771),(#9772,
#9773)),.UNSPECIFIED.,.F.,.F.,.F.)
B_SPLINE_SURFACE_WITH_KNOTS((4,4),(2,2),(-1.,0.),(0.,0.045),
 .UNSPECIFIED.)
GEOMETRIC_REPRESENTATION_ITEM()
RATIONAL_B_SPLINE_SURFACE(((1.,1.),(1.,1.),(1.,1.),(1.,1.)))
REPRESENTATION_ITEM('')
SURFACE()
);
#6378=(
BOUNDED_SURFACE()
B_SPLINE_SURFACE(3,1,((#9785,#9786),(#9787,#9788),(#9789,#9790),(#9791,
#9792)),.UNSPECIFIED.,.F.,.F.,.F.)
B_SPLINE_SURFACE_WITH_KNOTS((4,4),(2,2),(-1.,0.),(0.,0.045),
 .UNSPECIFIED.)
GEOMETRIC_REPRESENTATION_ITEM()
RATIONAL_B_SPLINE_SURFACE(((1.,1.),(1.,1.),(1.,1.),(1.,1.)))
REPRESENTATION_ITEM('')
SURFACE()
);
#6379=(
BOUNDED_SURFACE()
B_SPLINE_SURFACE(3,1,((#9816,#9817),(#9818,#9819),(#9820,#9821),(#9822,
#9823)),.UNSPECIFIED.,.F.,.F.,.F.)
B_SPLINE_SURFACE_WITH_KNOTS((4,4),(2,2),(-1.,0.),(0.,0.045),
 .UNSPECIFIED.)
GEOMETRIC_REPRESENTATION_ITEM()
RATIONAL_B_SPLINE_SURFACE(((1.,1.),(1.,1.),(1.,1.),(1.,1.)))
REPRESENTATION_ITEM('')
SURFACE()
);
#6380=(
BOUNDED_SURFACE()
B_SPLINE_SURFACE(3,1,((#9835,#9836),(#9837,#9838),(#9839,#9840),(#9841,
#9842)),.UNSPECIFIED.,.F.,.F.,.F.)
B_SPLINE_SURFACE_WITH_KNOTS((4,4),(2,2),(-1.,0.),(0.,0.045),
 .UNSPECIFIED.)
GEOMETRIC_REPRESENTATION_ITEM()
RATIONAL_B_SPLINE_SURFACE(((1.,1.),(1.,1.),(1.,1.),(1.,1.)))
REPRESENTATION_ITEM('')
SURFACE()
);
#6381=(
BOUNDED_SURFACE()
B_SPLINE_SURFACE(3,1,((#9854,#9855),(#9856,#9857),(#9858,#9859),(#9860,
#9861)),.UNSPECIFIED.,.F.,.F.,.F.)
B_SPLINE_SURFACE_WITH_KNOTS((4,4),(2,2),(-1.,0.),(0.,0.045),
 .UNSPECIFIED.)
GEOMETRIC_REPRESENTATION_ITEM()
RATIONAL_B_SPLINE_SURFACE(((1.,1.),(1.,1.),(1.,1.),(1.,1.)))
REPRESENTATION_ITEM('')
SURFACE()
);
#6382=(
BOUNDED_SURFACE()
B_SPLINE_SURFACE(3,1,((#9873,#9874),(#9875,#9876),(#9877,#9878),(#9879,
#9880)),.UNSPECIFIED.,.F.,.F.,.F.)
B_SPLINE_SURFACE_WITH_KNOTS((4,4),(2,2),(-1.,0.),(0.,0.045),
 .UNSPECIFIED.)
GEOMETRIC_REPRESENTATION_ITEM()
RATIONAL_B_SPLINE_SURFACE(((1.,1.),(1.,1.),(1.,1.),(1.,1.)))
REPRESENTATION_ITEM('')
SURFACE()
);
#6383=(
BOUNDED_SURFACE()
B_SPLINE_SURFACE(3,1,((#9892,#9893),(#9894,#9895),(#9896,#9897),(#9898,
#9899)),.UNSPECIFIED.,.F.,.F.,.F.)
B_SPLINE_SURFACE_WITH_KNOTS((4,4),(2,2),(-1.,0.),(0.,0.045),
 .UNSPECIFIED.)
GEOMETRIC_REPRESENTATION_ITEM()
RATIONAL_B_SPLINE_SURFACE(((1.,1.),(1.,1.),(1.,1.),(1.,1.)))
REPRESENTATION_ITEM('')
SURFACE()
);
#6384=(
BOUNDED_SURFACE()
B_SPLINE_SURFACE(3,1,((#9923,#9924),(#9925,#9926),(#9927,#9928),(#9929,
#9930)),.UNSPECIFIED.,.F.,.F.,.F.)
B_SPLINE_SURFACE_WITH_KNOTS((4,4),(2,2),(-1.,0.),(0.,0.045),
 .UNSPECIFIED.)
GEOMETRIC_REPRESENTATION_ITEM()
RATIONAL_B_SPLINE_SURFACE(((1.,1.),(1.,1.),(1.,1.),(1.,1.)))
REPRESENTATION_ITEM('')
SURFACE()
);
#6385=(
BOUNDED_SURFACE()
B_SPLINE_SURFACE(3,1,((#9942,#9943),(#9944,#9945),(#9946,#9947),(#9948,
#9949)),.UNSPECIFIED.,.F.,.F.,.F.)
B_SPLINE_SURFACE_WITH_KNOTS((4,4),(2,2),(-1.,0.),(0.,0.045),
 .UNSPECIFIED.)
GEOMETRIC_REPRESENTATION_ITEM()
RATIONAL_B_SPLINE_SURFACE(((1.,1.),(1.,1.),(1.,1.),(1.,1.)))
REPRESENTATION_ITEM('')
SURFACE()
);
#6386=(
BOUNDED_SURFACE()
B_SPLINE_SURFACE(3,1,((#9961,#9962),(#9963,#9964),(#9965,#9966),(#9967,
#9968)),.UNSPECIFIED.,.F.,.F.,.F.)
B_SPLINE_SURFACE_WITH_KNOTS((4,4),(2,2),(-1.,0.),(0.,0.045),
 .UNSPECIFIED.)
GEOMETRIC_REPRESENTATION_ITEM()
RATIONAL_B_SPLINE_SURFACE(((1.,1.),(1.,1.),(1.,1.),(1.,1.)))
REPRESENTATION_ITEM('')
SURFACE()
);
#6387=(
BOUNDED_SURFACE()
B_SPLINE_SURFACE(3,1,((#9980,#9981),(#9982,#9983),(#9984,#9985),(#9986,
#9987)),.UNSPECIFIED.,.F.,.F.,.F.)
B_SPLINE_SURFACE_WITH_KNOTS((4,4),(2,2),(-1.,0.),(0.,0.045),
 .UNSPECIFIED.)
GEOMETRIC_REPRESENTATION_ITEM()
RATIONAL_B_SPLINE_SURFACE(((1.,1.),(1.,1.),(1.,1.),(1.,1.)))
REPRESENTATION_ITEM('')
SURFACE()
);
#6388=(
BOUNDED_SURFACE()
B_SPLINE_SURFACE(3,1,((#10011,#10012),(#10013,#10014),(#10015,#10016),(#10017,
#10018)),.UNSPECIFIED.,.F.,.F.,.F.)
B_SPLINE_SURFACE_WITH_KNOTS((4,4),(2,2),(-1.,0.),(0.,0.045),
 .UNSPECIFIED.)
GEOMETRIC_REPRESENTATION_ITEM()
RATIONAL_B_SPLINE_SURFACE(((1.,1.),(1.,1.),(1.,1.),(1.,1.)))
REPRESENTATION_ITEM('')
SURFACE()
);
#6389=(
BOUNDED_SURFACE()
B_SPLINE_SURFACE(3,1,((#10030,#10031),(#10032,#10033),(#10034,#10035),(#10036,
#10037)),.UNSPECIFIED.,.F.,.F.,.F.)
B_SPLINE_SURFACE_WITH_KNOTS((4,4),(2,2),(-1.,0.),(0.,0.045),
 .UNSPECIFIED.)
GEOMETRIC_REPRESENTATION_ITEM()
RATIONAL_B_SPLINE_SURFACE(((1.,1.),(1.,1.),(1.,1.),(1.,1.)))
REPRESENTATION_ITEM('')
SURFACE()
);
#6390=(
BOUNDED_SURFACE()
B_SPLINE_SURFACE(3,1,((#10049,#10050),(#10051,#10052),(#10053,#10054),(#10055,
#10056)),.UNSPECIFIED.,.F.,.F.,.F.)
B_SPLINE_SURFACE_WITH_KNOTS((4,4),(2,2),(-1.,0.),(0.,0.045),
 .UNSPECIFIED.)
GEOMETRIC_REPRESENTATION_ITEM()
RATIONAL_B_SPLINE_SURFACE(((1.,1.),(1.,1.),(1.,1.),(1.,1.)))
REPRESENTATION_ITEM('')
SURFACE()
);
#6391=(
BOUNDED_SURFACE()
B_SPLINE_SURFACE(3,1,((#10068,#10069),(#10070,#10071),(#10072,#10073),(#10074,
#10075)),.UNSPECIFIED.,.F.,.F.,.F.)
B_SPLINE_SURFACE_WITH_KNOTS((4,4),(2,2),(-1.,0.),(0.,0.045),
 .UNSPECIFIED.)
GEOMETRIC_REPRESENTATION_ITEM()
RATIONAL_B_SPLINE_SURFACE(((1.,1.),(1.,1.),(1.,1.),(1.,1.)))
REPRESENTATION_ITEM('')
SURFACE()
);
#6392=(
BOUNDED_SURFACE()
B_SPLINE_SURFACE(3,1,((#10087,#10088),(#10089,#10090),(#10091,#10092),(#10093,
#10094)),.UNSPECIFIED.,.F.,.F.,.F.)
B_SPLINE_SURFACE_WITH_KNOTS((4,4),(2,2),(-1.,0.),(0.,0.045),
 .UNSPECIFIED.)
GEOMETRIC_REPRESENTATION_ITEM()
RATIONAL_B_SPLINE_SURFACE(((1.,1.),(1.,1.),(1.,1.),(1.,1.)))
REPRESENTATION_ITEM('')
SURFACE()
);
#6393=(
BOUNDED_SURFACE()
B_SPLINE_SURFACE(3,1,((#10106,#10107),(#10108,#10109),(#10110,#10111),(#10112,
#10113)),.UNSPECIFIED.,.F.,.F.,.F.)
B_SPLINE_SURFACE_WITH_KNOTS((4,4),(2,2),(-1.,0.),(0.,0.045),
 .UNSPECIFIED.)
GEOMETRIC_REPRESENTATION_ITEM()
RATIONAL_B_SPLINE_SURFACE(((1.,1.),(1.,1.),(1.,1.),(1.,1.)))
REPRESENTATION_ITEM('')
SURFACE()
);
#6394=(
BOUNDED_SURFACE()
B_SPLINE_SURFACE(3,1,((#10125,#10126),(#10127,#10128),(#10129,#10130),(#10131,
#10132)),.UNSPECIFIED.,.F.,.F.,.F.)
B_SPLINE_SURFACE_WITH_KNOTS((4,4),(2,2),(-1.,0.),(0.,0.045),
 .UNSPECIFIED.)
GEOMETRIC_REPRESENTATION_ITEM()
RATIONAL_B_SPLINE_SURFACE(((1.,1.),(1.,1.),(1.,1.),(1.,1.)))
REPRESENTATION_ITEM('')
SURFACE()
);
#6395=(
BOUNDED_SURFACE()
B_SPLINE_SURFACE(3,1,((#10144,#10145),(#10146,#10147),(#10148,#10149),(#10150,
#10151)),.UNSPECIFIED.,.F.,.F.,.F.)
B_SPLINE_SURFACE_WITH_KNOTS((4,4),(2,2),(-1.,0.),(0.,0.045),
 .UNSPECIFIED.)
GEOMETRIC_REPRESENTATION_ITEM()
RATIONAL_B_SPLINE_SURFACE(((1.,1.),(1.,1.),(1.,1.),(1.,1.)))
REPRESENTATION_ITEM('')
SURFACE()
);
#6396=(
BOUNDED_SURFACE()
B_SPLINE_SURFACE(3,1,((#10163,#10164),(#10165,#10166),(#10167,#10168),(#10169,
#10170)),.UNSPECIFIED.,.F.,.F.,.F.)
B_SPLINE_SURFACE_WITH_KNOTS((4,4),(2,2),(-1.,0.),(0.,0.045),
 .UNSPECIFIED.)
GEOMETRIC_REPRESENTATION_ITEM()
RATIONAL_B_SPLINE_SURFACE(((1.,1.),(1.,1.),(1.,1.),(1.,1.)))
REPRESENTATION_ITEM('')
SURFACE()
);
#6397=(
BOUNDED_SURFACE()
B_SPLINE_SURFACE(3,1,((#10182,#10183),(#10184,#10185),(#10186,#10187),(#10188,
#10189)),.UNSPECIFIED.,.F.,.F.,.F.)
B_SPLINE_SURFACE_WITH_KNOTS((4,4),(2,2),(-1.,0.),(0.,0.045),
 .UNSPECIFIED.)
GEOMETRIC_REPRESENTATION_ITEM()
RATIONAL_B_SPLINE_SURFACE(((1.,1.),(1.,1.),(1.,1.),(1.,1.)))
REPRESENTATION_ITEM('')
SURFACE()
);
#6398=(
BOUNDED_SURFACE()
B_SPLINE_SURFACE(3,1,((#10201,#10202),(#10203,#10204),(#10205,#10206),(#10207,
#10208)),.UNSPECIFIED.,.F.,.F.,.F.)
B_SPLINE_SURFACE_WITH_KNOTS((4,4),(2,2),(-1.,0.),(0.,0.045),
 .UNSPECIFIED.)
GEOMETRIC_REPRESENTATION_ITEM()
RATIONAL_B_SPLINE_SURFACE(((1.,1.),(1.,1.),(1.,1.),(1.,1.)))
REPRESENTATION_ITEM('')
SURFACE()
);
#6399=(
BOUNDED_SURFACE()
B_SPLINE_SURFACE(3,1,((#10220,#10221),(#10222,#10223),(#10224,#10225),(#10226,
#10227)),.UNSPECIFIED.,.F.,.F.,.F.)
B_SPLINE_SURFACE_WITH_KNOTS((4,4),(2,2),(-1.,0.),(0.,0.045),
 .UNSPECIFIED.)
GEOMETRIC_REPRESENTATION_ITEM()
RATIONAL_B_SPLINE_SURFACE(((1.,1.),(1.,1.),(1.,1.),(1.,1.)))
REPRESENTATION_ITEM('')
SURFACE()
);
#6400=(
BOUNDED_SURFACE()
B_SPLINE_SURFACE(3,1,((#10239,#10240),(#10241,#10242),(#10243,#10244),(#10245,
#10246)),.UNSPECIFIED.,.F.,.F.,.F.)
B_SPLINE_SURFACE_WITH_KNOTS((4,4),(2,2),(-1.,0.),(0.,0.045),
 .UNSPECIFIED.)
GEOMETRIC_REPRESENTATION_ITEM()
RATIONAL_B_SPLINE_SURFACE(((1.,1.),(1.,1.),(1.,1.),(1.,1.)))
REPRESENTATION_ITEM('')
SURFACE()
);
#6401=(
BOUNDED_SURFACE()
B_SPLINE_SURFACE(3,1,((#10258,#10259),(#10260,#10261),(#10262,#10263),(#10264,
#10265)),.UNSPECIFIED.,.F.,.F.,.F.)
B_SPLINE_SURFACE_WITH_KNOTS((4,4),(2,2),(-1.,0.),(0.,0.045),
 .UNSPECIFIED.)
GEOMETRIC_REPRESENTATION_ITEM()
RATIONAL_B_SPLINE_SURFACE(((1.,1.),(1.,1.),(1.,1.),(1.,1.)))
REPRESENTATION_ITEM('')
SURFACE()
);
#6402=(
BOUNDED_SURFACE()
B_SPLINE_SURFACE(3,1,((#10277,#10278),(#10279,#10280),(#10281,#10282),(#10283,
#10284)),.UNSPECIFIED.,.F.,.F.,.F.)
B_SPLINE_SURFACE_WITH_KNOTS((4,4),(2,2),(-1.,0.),(0.,0.045),
 .UNSPECIFIED.)
GEOMETRIC_REPRESENTATION_ITEM()
RATIONAL_B_SPLINE_SURFACE(((1.,1.),(1.,1.),(1.,1.),(1.,1.)))
REPRESENTATION_ITEM('')
SURFACE()
);
#6403=(
BOUNDED_SURFACE()
B_SPLINE_SURFACE(3,1,((#10296,#10297),(#10298,#10299),(#10300,#10301),(#10302,
#10303)),.UNSPECIFIED.,.F.,.F.,.F.)
B_SPLINE_SURFACE_WITH_KNOTS((4,4),(2,2),(-1.,0.),(0.,0.045),
 .UNSPECIFIED.)
GEOMETRIC_REPRESENTATION_ITEM()
RATIONAL_B_SPLINE_SURFACE(((1.,1.),(1.,1.),(1.,1.),(1.,1.)))
REPRESENTATION_ITEM('')
SURFACE()
);
#6404=(
BOUNDED_SURFACE()
B_SPLINE_SURFACE(3,1,((#10315,#10316),(#10317,#10318),(#10319,#10320),(#10321,
#10322)),.UNSPECIFIED.,.F.,.F.,.F.)
B_SPLINE_SURFACE_WITH_KNOTS((4,4),(2,2),(-1.,0.),(0.,0.045),
 .UNSPECIFIED.)
GEOMETRIC_REPRESENTATION_ITEM()
RATIONAL_B_SPLINE_SURFACE(((1.,1.),(1.,1.),(1.,1.),(1.,1.)))
REPRESENTATION_ITEM('')
SURFACE()
);
#6405=(
BOUNDED_SURFACE()
B_SPLINE_SURFACE(3,1,((#10334,#10335),(#10336,#10337),(#10338,#10339),(#10340,
#10341)),.UNSPECIFIED.,.F.,.F.,.F.)
B_SPLINE_SURFACE_WITH_KNOTS((4,4),(2,2),(-1.,0.),(0.,0.045),
 .UNSPECIFIED.)
GEOMETRIC_REPRESENTATION_ITEM()
RATIONAL_B_SPLINE_SURFACE(((1.,1.),(1.,1.),(1.,1.),(1.,1.)))
REPRESENTATION_ITEM('')
SURFACE()
);
#6406=(
BOUNDED_SURFACE()
B_SPLINE_SURFACE(3,1,((#10353,#10354),(#10355,#10356),(#10357,#10358),(#10359,
#10360)),.UNSPECIFIED.,.F.,.F.,.F.)
B_SPLINE_SURFACE_WITH_KNOTS((4,4),(2,2),(-1.,0.),(0.,0.045),
 .UNSPECIFIED.)
GEOMETRIC_REPRESENTATION_ITEM()
RATIONAL_B_SPLINE_SURFACE(((1.,1.),(1.,1.),(1.,1.),(1.,1.)))
REPRESENTATION_ITEM('')
SURFACE()
);
#6407=(
BOUNDED_SURFACE()
B_SPLINE_SURFACE(3,1,((#10372,#10373),(#10374,#10375),(#10376,#10377),(#10378,
#10379)),.UNSPECIFIED.,.F.,.F.,.F.)
B_SPLINE_SURFACE_WITH_KNOTS((4,4),(2,2),(-1.,0.),(0.,0.045),
 .UNSPECIFIED.)
GEOMETRIC_REPRESENTATION_ITEM()
RATIONAL_B_SPLINE_SURFACE(((1.,1.),(1.,1.),(1.,1.),(1.,1.)))
REPRESENTATION_ITEM('')
SURFACE()
);
#6408=(
BOUNDED_SURFACE()
B_SPLINE_SURFACE(3,1,((#10391,#10392),(#10393,#10394),(#10395,#10396),(#10397,
#10398)),.UNSPECIFIED.,.F.,.F.,.F.)
B_SPLINE_SURFACE_WITH_KNOTS((4,4),(2,2),(-1.,0.),(0.,0.045),
 .UNSPECIFIED.)
GEOMETRIC_REPRESENTATION_ITEM()
RATIONAL_B_SPLINE_SURFACE(((1.,1.),(1.,1.),(1.,1.),(1.,1.)))
REPRESENTATION_ITEM('')
SURFACE()
);
#6409=(
BOUNDED_SURFACE()
B_SPLINE_SURFACE(3,1,((#10422,#10423),(#10424,#10425),(#10426,#10427),(#10428,
#10429)),.UNSPECIFIED.,.F.,.F.,.F.)
B_SPLINE_SURFACE_WITH_KNOTS((4,4),(2,2),(-1.,0.),(0.,0.045),
 .UNSPECIFIED.)
GEOMETRIC_REPRESENTATION_ITEM()
RATIONAL_B_SPLINE_SURFACE(((1.,1.),(1.,1.),(1.,1.),(1.,1.)))
REPRESENTATION_ITEM('')
SURFACE()
);
#6410=(
BOUNDED_SURFACE()
B_SPLINE_SURFACE(3,1,((#10441,#10442),(#10443,#10444),(#10445,#10446),(#10447,
#10448)),.UNSPECIFIED.,.F.,.F.,.F.)
B_SPLINE_SURFACE_WITH_KNOTS((4,4),(2,2),(-1.,0.),(0.,0.045),
 .UNSPECIFIED.)
GEOMETRIC_REPRESENTATION_ITEM()
RATIONAL_B_SPLINE_SURFACE(((1.,1.),(1.,1.),(1.,1.),(1.,1.)))
REPRESENTATION_ITEM('')
SURFACE()
);
#6411=(
BOUNDED_SURFACE()
B_SPLINE_SURFACE(3,1,((#10460,#10461),(#10462,#10463),(#10464,#10465),(#10466,
#10467)),.UNSPECIFIED.,.F.,.F.,.F.)
B_SPLINE_SURFACE_WITH_KNOTS((4,4),(2,2),(-1.,0.),(0.,0.045),
 .UNSPECIFIED.)
GEOMETRIC_REPRESENTATION_ITEM()
RATIONAL_B_SPLINE_SURFACE(((1.,1.),(1.,1.),(1.,1.),(1.,1.)))
REPRESENTATION_ITEM('')
SURFACE()
);
#6412=(
BOUNDED_SURFACE()
B_SPLINE_SURFACE(3,1,((#10479,#10480),(#10481,#10482),(#10483,#10484),(#10485,
#10486)),.UNSPECIFIED.,.F.,.F.,.F.)
B_SPLINE_SURFACE_WITH_KNOTS((4,4),(2,2),(-1.,0.),(0.,0.045),
 .UNSPECIFIED.)
GEOMETRIC_REPRESENTATION_ITEM()
RATIONAL_B_SPLINE_SURFACE(((1.,1.),(1.,1.),(1.,1.),(1.,1.)))
REPRESENTATION_ITEM('')
SURFACE()
);
#6413=(
BOUNDED_SURFACE()
B_SPLINE_SURFACE(3,1,((#10498,#10499),(#10500,#10501),(#10502,#10503),(#10504,
#10505)),.UNSPECIFIED.,.F.,.F.,.F.)
B_SPLINE_SURFACE_WITH_KNOTS((4,4),(2,2),(-1.,0.),(0.,0.045),
 .UNSPECIFIED.)
GEOMETRIC_REPRESENTATION_ITEM()
RATIONAL_B_SPLINE_SURFACE(((1.,1.),(1.,1.),(1.,1.),(1.,1.)))
REPRESENTATION_ITEM('')
SURFACE()
);
#6414=(
BOUNDED_SURFACE()
B_SPLINE_SURFACE(3,1,((#10517,#10518),(#10519,#10520),(#10521,#10522),(#10523,
#10524)),.UNSPECIFIED.,.F.,.F.,.F.)
B_SPLINE_SURFACE_WITH_KNOTS((4,4),(2,2),(-1.,0.),(0.,0.045),
 .UNSPECIFIED.)
GEOMETRIC_REPRESENTATION_ITEM()
RATIONAL_B_SPLINE_SURFACE(((1.,1.),(1.,1.),(1.,1.),(1.,1.)))
REPRESENTATION_ITEM('')
SURFACE()
);
#6415=(
BOUNDED_SURFACE()
B_SPLINE_SURFACE(3,1,((#10548,#10549),(#10550,#10551),(#10552,#10553),(#10554,
#10555)),.UNSPECIFIED.,.F.,.F.,.F.)
B_SPLINE_SURFACE_WITH_KNOTS((4,4),(2,2),(-1.,0.),(0.,0.045),
 .UNSPECIFIED.)
GEOMETRIC_REPRESENTATION_ITEM()
RATIONAL_B_SPLINE_SURFACE(((1.,1.),(1.,1.),(1.,1.),(1.,1.)))
REPRESENTATION_ITEM('')
SURFACE()
);
#6416=(
BOUNDED_SURFACE()
B_SPLINE_SURFACE(3,1,((#10567,#10568),(#10569,#10570),(#10571,#10572),(#10573,
#10574)),.UNSPECIFIED.,.F.,.F.,.F.)
B_SPLINE_SURFACE_WITH_KNOTS((4,4),(2,2),(-1.,0.),(0.,0.045),
 .UNSPECIFIED.)
GEOMETRIC_REPRESENTATION_ITEM()
RATIONAL_B_SPLINE_SURFACE(((1.,1.),(1.,1.),(1.,1.),(1.,1.)))
REPRESENTATION_ITEM('')
SURFACE()
);
#6417=(
BOUNDED_SURFACE()
B_SPLINE_SURFACE(3,1,((#10586,#10587),(#10588,#10589),(#10590,#10591),(#10592,
#10593)),.UNSPECIFIED.,.F.,.F.,.F.)
B_SPLINE_SURFACE_WITH_KNOTS((4,4),(2,2),(-1.,0.),(0.,0.045),
 .UNSPECIFIED.)
GEOMETRIC_REPRESENTATION_ITEM()
RATIONAL_B_SPLINE_SURFACE(((1.,1.),(1.,1.),(1.,1.),(1.,1.)))
REPRESENTATION_ITEM('')
SURFACE()
);
#6418=(
BOUNDED_SURFACE()
B_SPLINE_SURFACE(3,1,((#10605,#10606),(#10607,#10608),(#10609,#10610),(#10611,
#10612)),.UNSPECIFIED.,.F.,.F.,.F.)
B_SPLINE_SURFACE_WITH_KNOTS((4,4),(2,2),(-1.,0.),(0.,0.045),
 .UNSPECIFIED.)
GEOMETRIC_REPRESENTATION_ITEM()
RATIONAL_B_SPLINE_SURFACE(((1.,1.),(1.,1.),(1.,1.),(1.,1.)))
REPRESENTATION_ITEM('')
SURFACE()
);
#6419=(
BOUNDED_SURFACE()
B_SPLINE_SURFACE(3,1,((#10624,#10625),(#10626,#10627),(#10628,#10629),(#10630,
#10631)),.UNSPECIFIED.,.F.,.F.,.F.)
B_SPLINE_SURFACE_WITH_KNOTS((4,4),(2,2),(-1.,0.),(0.,0.045),
 .UNSPECIFIED.)
GEOMETRIC_REPRESENTATION_ITEM()
RATIONAL_B_SPLINE_SURFACE(((1.,1.),(1.,1.),(1.,1.),(1.,1.)))
REPRESENTATION_ITEM('')
SURFACE()
);
#6420=(
BOUNDED_SURFACE()
B_SPLINE_SURFACE(3,1,((#10643,#10644),(#10645,#10646),(#10647,#10648),(#10649,
#10650)),.UNSPECIFIED.,.F.,.F.,.F.)
B_SPLINE_SURFACE_WITH_KNOTS((4,4),(2,2),(-1.,0.),(0.,0.045),
 .UNSPECIFIED.)
GEOMETRIC_REPRESENTATION_ITEM()
RATIONAL_B_SPLINE_SURFACE(((1.,1.),(1.,1.),(1.,1.),(1.,1.)))
REPRESENTATION_ITEM('')
SURFACE()
);
#6421=(
BOUNDED_SURFACE()
B_SPLINE_SURFACE(3,1,((#10662,#10663),(#10664,#10665),(#10666,#10667),(#10668,
#10669)),.UNSPECIFIED.,.F.,.F.,.F.)
B_SPLINE_SURFACE_WITH_KNOTS((4,4),(2,2),(-1.,0.),(0.,0.045),
 .UNSPECIFIED.)
GEOMETRIC_REPRESENTATION_ITEM()
RATIONAL_B_SPLINE_SURFACE(((1.,1.),(1.,1.),(1.,1.),(1.,1.)))
REPRESENTATION_ITEM('')
SURFACE()
);
#6422=(
BOUNDED_SURFACE()
B_SPLINE_SURFACE(3,1,((#10681,#10682),(#10683,#10684),(#10685,#10686),(#10687,
#10688)),.UNSPECIFIED.,.F.,.F.,.F.)
B_SPLINE_SURFACE_WITH_KNOTS((4,4),(2,2),(-1.,0.),(0.,0.045),
 .UNSPECIFIED.)
GEOMETRIC_REPRESENTATION_ITEM()
RATIONAL_B_SPLINE_SURFACE(((1.,1.),(1.,1.),(1.,1.),(1.,1.)))
REPRESENTATION_ITEM('')
SURFACE()
);
#6423=(
BOUNDED_SURFACE()
B_SPLINE_SURFACE(3,1,((#10700,#10701),(#10702,#10703),(#10704,#10705),(#10706,
#10707)),.UNSPECIFIED.,.F.,.F.,.F.)
B_SPLINE_SURFACE_WITH_KNOTS((4,4),(2,2),(-1.,0.),(0.,0.045),
 .UNSPECIFIED.)
GEOMETRIC_REPRESENTATION_ITEM()
RATIONAL_B_SPLINE_SURFACE(((1.,1.),(1.,1.),(1.,1.),(1.,1.)))
REPRESENTATION_ITEM('')
SURFACE()
);
#6424=(
BOUNDED_SURFACE()
B_SPLINE_SURFACE(3,1,((#10719,#10720),(#10721,#10722),(#10723,#10724),(#10725,
#10726)),.UNSPECIFIED.,.F.,.F.,.F.)
B_SPLINE_SURFACE_WITH_KNOTS((4,4),(2,2),(-1.,0.),(0.,0.045),
 .UNSPECIFIED.)
GEOMETRIC_REPRESENTATION_ITEM()
RATIONAL_B_SPLINE_SURFACE(((1.,1.),(1.,1.),(1.,1.),(1.,1.)))
REPRESENTATION_ITEM('')
SURFACE()
);
#6425=(
BOUNDED_SURFACE()
B_SPLINE_SURFACE(3,1,((#10738,#10739),(#10740,#10741),(#10742,#10743),(#10744,
#10745)),.UNSPECIFIED.,.F.,.F.,.F.)
B_SPLINE_SURFACE_WITH_KNOTS((4,4),(2,2),(-1.,0.),(0.,0.045),
 .UNSPECIFIED.)
GEOMETRIC_REPRESENTATION_ITEM()
RATIONAL_B_SPLINE_SURFACE(((1.,1.),(1.,1.),(1.,1.),(1.,1.)))
REPRESENTATION_ITEM('')
SURFACE()
);
#6426=(
BOUNDED_SURFACE()
B_SPLINE_SURFACE(3,1,((#10757,#10758),(#10759,#10760),(#10761,#10762),(#10763,
#10764)),.UNSPECIFIED.,.F.,.F.,.F.)
B_SPLINE_SURFACE_WITH_KNOTS((4,4),(2,2),(-1.,0.),(0.,0.045),
 .UNSPECIFIED.)
GEOMETRIC_REPRESENTATION_ITEM()
RATIONAL_B_SPLINE_SURFACE(((1.,1.),(1.,1.),(1.,1.),(1.,1.)))
REPRESENTATION_ITEM('')
SURFACE()
);
#6427=(
BOUNDED_SURFACE()
B_SPLINE_SURFACE(3,1,((#10788,#10789),(#10790,#10791),(#10792,#10793),(#10794,
#10795)),.UNSPECIFIED.,.F.,.F.,.F.)
B_SPLINE_SURFACE_WITH_KNOTS((4,4),(2,2),(-1.,0.),(0.,0.045),
 .UNSPECIFIED.)
GEOMETRIC_REPRESENTATION_ITEM()
RATIONAL_B_SPLINE_SURFACE(((1.,1.),(1.,1.),(1.,1.),(1.,1.)))
REPRESENTATION_ITEM('')
SURFACE()
);
#6428=(
BOUNDED_SURFACE()
B_SPLINE_SURFACE(3,1,((#10807,#10808),(#10809,#10810),(#10811,#10812),(#10813,
#10814)),.UNSPECIFIED.,.F.,.F.,.F.)
B_SPLINE_SURFACE_WITH_KNOTS((4,4),(2,2),(-1.,0.),(0.,0.045),
 .UNSPECIFIED.)
GEOMETRIC_REPRESENTATION_ITEM()
RATIONAL_B_SPLINE_SURFACE(((1.,1.),(1.,1.),(1.,1.),(1.,1.)))
REPRESENTATION_ITEM('')
SURFACE()
);
#6429=(
BOUNDED_SURFACE()
B_SPLINE_SURFACE(3,1,((#10826,#10827),(#10828,#10829),(#10830,#10831),(#10832,
#10833)),.UNSPECIFIED.,.F.,.F.,.F.)
B_SPLINE_SURFACE_WITH_KNOTS((4,4),(2,2),(-1.,0.),(0.,0.045),
 .UNSPECIFIED.)
GEOMETRIC_REPRESENTATION_ITEM()
RATIONAL_B_SPLINE_SURFACE(((1.,1.),(1.,1.),(1.,1.),(1.,1.)))
REPRESENTATION_ITEM('')
SURFACE()
);
#6430=(
BOUNDED_SURFACE()
B_SPLINE_SURFACE(3,1,((#10845,#10846),(#10847,#10848),(#10849,#10850),(#10851,
#10852)),.UNSPECIFIED.,.F.,.F.,.F.)
B_SPLINE_SURFACE_WITH_KNOTS((4,4),(2,2),(-1.,0.),(0.,0.045),
 .UNSPECIFIED.)
GEOMETRIC_REPRESENTATION_ITEM()
RATIONAL_B_SPLINE_SURFACE(((1.,1.),(1.,1.),(1.,1.),(1.,1.)))
REPRESENTATION_ITEM('')
SURFACE()
);
#6431=(
BOUNDED_SURFACE()
B_SPLINE_SURFACE(3,1,((#10864,#10865),(#10866,#10867),(#10868,#10869),(#10870,
#10871)),.UNSPECIFIED.,.F.,.F.,.F.)
B_SPLINE_SURFACE_WITH_KNOTS((4,4),(2,2),(-1.,0.),(0.,0.045),
 .UNSPECIFIED.)
GEOMETRIC_REPRESENTATION_ITEM()
RATIONAL_B_SPLINE_SURFACE(((1.,1.),(1.,1.),(1.,1.),(1.,1.)))
REPRESENTATION_ITEM('')
SURFACE()
);
#6432=(
BOUNDED_SURFACE()
B_SPLINE_SURFACE(3,1,((#10883,#10884),(#10885,#10886),(#10887,#10888),(#10889,
#10890)),.UNSPECIFIED.,.F.,.F.,.F.)
B_SPLINE_SURFACE_WITH_KNOTS((4,4),(2,2),(-1.,0.),(0.,0.045),
 .UNSPECIFIED.)
GEOMETRIC_REPRESENTATION_ITEM()
RATIONAL_B_SPLINE_SURFACE(((1.,1.),(1.,1.),(1.,1.),(1.,1.)))
REPRESENTATION_ITEM('')
SURFACE()
);
#6433=(
BOUNDED_SURFACE()
B_SPLINE_SURFACE(3,1,((#10902,#10903),(#10904,#10905),(#10906,#10907),(#10908,
#10909)),.UNSPECIFIED.,.F.,.F.,.F.)
B_SPLINE_SURFACE_WITH_KNOTS((4,4),(2,2),(-1.,0.),(0.,0.045),
 .UNSPECIFIED.)
GEOMETRIC_REPRESENTATION_ITEM()
RATIONAL_B_SPLINE_SURFACE(((1.,1.),(1.,1.),(1.,1.),(1.,1.)))
REPRESENTATION_ITEM('')
SURFACE()
);
#6434=(
BOUNDED_SURFACE()
B_SPLINE_SURFACE(3,1,((#10921,#10922),(#10923,#10924),(#10925,#10926),(#10927,
#10928)),.UNSPECIFIED.,.F.,.F.,.F.)
B_SPLINE_SURFACE_WITH_KNOTS((4,4),(2,2),(-1.,0.),(0.,0.045),
 .UNSPECIFIED.)
GEOMETRIC_REPRESENTATION_ITEM()
RATIONAL_B_SPLINE_SURFACE(((1.,1.),(1.,1.),(1.,1.),(1.,1.)))
REPRESENTATION_ITEM('')
SURFACE()
);
#6435=(
BOUNDED_SURFACE()
B_SPLINE_SURFACE(3,1,((#10940,#10941),(#10942,#10943),(#10944,#10945),(#10946,
#10947)),.UNSPECIFIED.,.F.,.F.,.F.)
B_SPLINE_SURFACE_WITH_KNOTS((4,4),(2,2),(-1.,0.),(0.,0.045),
 .UNSPECIFIED.)
GEOMETRIC_REPRESENTATION_ITEM()
RATIONAL_B_SPLINE_SURFACE(((1.,1.),(1.,1.),(1.,1.),(1.,1.)))
REPRESENTATION_ITEM('')
SURFACE()
);
#6436=(
BOUNDED_SURFACE()
B_SPLINE_SURFACE(3,1,((#10959,#10960),(#10961,#10962),(#10963,#10964),(#10965,
#10966)),.UNSPECIFIED.,.F.,.F.,.F.)
B_SPLINE_SURFACE_WITH_KNOTS((4,4),(2,2),(-1.,0.),(0.,0.045),
 .UNSPECIFIED.)
GEOMETRIC_REPRESENTATION_ITEM()
RATIONAL_B_SPLINE_SURFACE(((1.,1.),(1.,1.),(1.,1.),(1.,1.)))
REPRESENTATION_ITEM('')
SURFACE()
);
#6437=(
BOUNDED_SURFACE()
B_SPLINE_SURFACE(3,1,((#10978,#10979),(#10980,#10981),(#10982,#10983),(#10984,
#10985)),.UNSPECIFIED.,.F.,.F.,.F.)
B_SPLINE_SURFACE_WITH_KNOTS((4,4),(2,2),(-1.,0.),(0.,0.045),
 .UNSPECIFIED.)
GEOMETRIC_REPRESENTATION_ITEM()
RATIONAL_B_SPLINE_SURFACE(((1.,1.),(1.,1.),(1.,1.),(1.,1.)))
REPRESENTATION_ITEM('')
SURFACE()
);
#6438=(
BOUNDED_SURFACE()
B_SPLINE_SURFACE(3,1,((#11009,#11010),(#11011,#11012),(#11013,#11014),(#11015,
#11016)),.UNSPECIFIED.,.F.,.F.,.F.)
B_SPLINE_SURFACE_WITH_KNOTS((4,4),(2,2),(-1.,0.),(0.,0.045),
 .UNSPECIFIED.)
GEOMETRIC_REPRESENTATION_ITEM()
RATIONAL_B_SPLINE_SURFACE(((1.,1.),(1.,1.),(1.,1.),(1.,1.)))
REPRESENTATION_ITEM('')
SURFACE()
);
#6439=(
BOUNDED_SURFACE()
B_SPLINE_SURFACE(3,1,((#11028,#11029),(#11030,#11031),(#11032,#11033),(#11034,
#11035)),.UNSPECIFIED.,.F.,.F.,.F.)
B_SPLINE_SURFACE_WITH_KNOTS((4,4),(2,2),(-1.,0.),(0.,0.045),
 .UNSPECIFIED.)
GEOMETRIC_REPRESENTATION_ITEM()
RATIONAL_B_SPLINE_SURFACE(((1.,1.),(1.,1.),(1.,1.),(1.,1.)))
REPRESENTATION_ITEM('')
SURFACE()
);
#6440=(
BOUNDED_SURFACE()
B_SPLINE_SURFACE(3,1,((#11047,#11048),(#11049,#11050),(#11051,#11052),(#11053,
#11054)),.UNSPECIFIED.,.F.,.F.,.F.)
B_SPLINE_SURFACE_WITH_KNOTS((4,4),(2,2),(-1.,0.),(0.,0.045),
 .UNSPECIFIED.)
GEOMETRIC_REPRESENTATION_ITEM()
RATIONAL_B_SPLINE_SURFACE(((1.,1.),(1.,1.),(1.,1.),(1.,1.)))
REPRESENTATION_ITEM('')
SURFACE()
);
#6441=(
BOUNDED_SURFACE()
B_SPLINE_SURFACE(3,1,((#11066,#11067),(#11068,#11069),(#11070,#11071),(#11072,
#11073)),.UNSPECIFIED.,.F.,.F.,.F.)
B_SPLINE_SURFACE_WITH_KNOTS((4,4),(2,2),(-1.,0.),(0.,0.045),
 .UNSPECIFIED.)
GEOMETRIC_REPRESENTATION_ITEM()
RATIONAL_B_SPLINE_SURFACE(((1.,1.),(1.,1.),(1.,1.),(1.,1.)))
REPRESENTATION_ITEM('')
SURFACE()
);
#6442=(
BOUNDED_SURFACE()
B_SPLINE_SURFACE(3,1,((#11085,#11086),(#11087,#11088),(#11089,#11090),(#11091,
#11092)),.UNSPECIFIED.,.F.,.F.,.F.)
B_SPLINE_SURFACE_WITH_KNOTS((4,4),(2,2),(-1.,0.),(0.,0.045),
 .UNSPECIFIED.)
GEOMETRIC_REPRESENTATION_ITEM()
RATIONAL_B_SPLINE_SURFACE(((1.,1.),(1.,1.),(1.,1.),(1.,1.)))
REPRESENTATION_ITEM('')
SURFACE()
);
#6443=(
BOUNDED_SURFACE()
B_SPLINE_SURFACE(3,1,((#11104,#11105),(#11106,#11107),(#11108,#11109),(#11110,
#11111)),.UNSPECIFIED.,.F.,.F.,.F.)
B_SPLINE_SURFACE_WITH_KNOTS((4,4),(2,2),(-1.,0.),(0.,0.045),
 .UNSPECIFIED.)
GEOMETRIC_REPRESENTATION_ITEM()
RATIONAL_B_SPLINE_SURFACE(((1.,1.),(1.,1.),(1.,1.),(1.,1.)))
REPRESENTATION_ITEM('')
SURFACE()
);
#6444=(
BOUNDED_SURFACE()
B_SPLINE_SURFACE(3,1,((#11123,#11124),(#11125,#11126),(#11127,#11128),(#11129,
#11130)),.UNSPECIFIED.,.F.,.F.,.F.)
B_SPLINE_SURFACE_WITH_KNOTS((4,4),(2,2),(-1.,0.),(0.,0.045),
 .UNSPECIFIED.)
GEOMETRIC_REPRESENTATION_ITEM()
RATIONAL_B_SPLINE_SURFACE(((1.,1.),(1.,1.),(1.,1.),(1.,1.)))
REPRESENTATION_ITEM('')
SURFACE()
);
#6445=(
BOUNDED_SURFACE()
B_SPLINE_SURFACE(3,1,((#11142,#11143),(#11144,#11145),(#11146,#11147),(#11148,
#11149)),.UNSPECIFIED.,.F.,.F.,.F.)
B_SPLINE_SURFACE_WITH_KNOTS((4,4),(2,2),(-1.,0.),(0.,0.045),
 .UNSPECIFIED.)
GEOMETRIC_REPRESENTATION_ITEM()
RATIONAL_B_SPLINE_SURFACE(((1.,1.),(1.,1.),(1.,1.),(1.,1.)))
REPRESENTATION_ITEM('')
SURFACE()
);
#6446=(
BOUNDED_SURFACE()
B_SPLINE_SURFACE(3,1,((#11173,#11174),(#11175,#11176),(#11177,#11178),(#11179,
#11180)),.UNSPECIFIED.,.F.,.F.,.F.)
B_SPLINE_SURFACE_WITH_KNOTS((4,4),(2,2),(-1.,0.),(0.,0.045),
 .UNSPECIFIED.)
GEOMETRIC_REPRESENTATION_ITEM()
RATIONAL_B_SPLINE_SURFACE(((1.,1.),(1.,1.),(1.,1.),(1.,1.)))
REPRESENTATION_ITEM('')
SURFACE()
);
#6447=(
BOUNDED_SURFACE()
B_SPLINE_SURFACE(3,1,((#11192,#11193),(#11194,#11195),(#11196,#11197),(#11198,
#11199)),.UNSPECIFIED.,.F.,.F.,.F.)
B_SPLINE_SURFACE_WITH_KNOTS((4,4),(2,2),(-1.,0.),(0.,0.045),
 .UNSPECIFIED.)
GEOMETRIC_REPRESENTATION_ITEM()
RATIONAL_B_SPLINE_SURFACE(((1.,1.),(1.,1.),(1.,1.),(1.,1.)))
REPRESENTATION_ITEM('')
SURFACE()
);
#6448=(
BOUNDED_SURFACE()
B_SPLINE_SURFACE(3,1,((#11211,#11212),(#11213,#11214),(#11215,#11216),(#11217,
#11218)),.UNSPECIFIED.,.F.,.F.,.F.)
B_SPLINE_SURFACE_WITH_KNOTS((4,4),(2,2),(-1.,0.),(0.,0.045),
 .UNSPECIFIED.)
GEOMETRIC_REPRESENTATION_ITEM()
RATIONAL_B_SPLINE_SURFACE(((1.,1.),(1.,1.),(1.,1.),(1.,1.)))
REPRESENTATION_ITEM('')
SURFACE()
);
#6449=(
BOUNDED_SURFACE()
B_SPLINE_SURFACE(3,1,((#11230,#11231),(#11232,#11233),(#11234,#11235),(#11236,
#11237)),.UNSPECIFIED.,.F.,.F.,.F.)
B_SPLINE_SURFACE_WITH_KNOTS((4,4),(2,2),(-1.,0.),(0.,0.045),
 .UNSPECIFIED.)
GEOMETRIC_REPRESENTATION_ITEM()
RATIONAL_B_SPLINE_SURFACE(((1.,1.),(1.,1.),(1.,1.),(1.,1.)))
REPRESENTATION_ITEM('')
SURFACE()
);
#6450=(
BOUNDED_SURFACE()
B_SPLINE_SURFACE(3,1,((#11249,#11250),(#11251,#11252),(#11253,#11254),(#11255,
#11256)),.UNSPECIFIED.,.F.,.F.,.F.)
B_SPLINE_SURFACE_WITH_KNOTS((4,4),(2,2),(-1.,0.),(0.,0.045),
 .UNSPECIFIED.)
GEOMETRIC_REPRESENTATION_ITEM()
RATIONAL_B_SPLINE_SURFACE(((1.,1.),(1.,1.),(1.,1.),(1.,1.)))
REPRESENTATION_ITEM('')
SURFACE()
);
#6451=(
BOUNDED_SURFACE()
B_SPLINE_SURFACE(3,1,((#11268,#11269),(#11270,#11271),(#11272,#11273),(#11274,
#11275)),.UNSPECIFIED.,.F.,.F.,.F.)
B_SPLINE_SURFACE_WITH_KNOTS((4,4),(2,2),(-1.,0.),(0.,0.045),
 .UNSPECIFIED.)
GEOMETRIC_REPRESENTATION_ITEM()
RATIONAL_B_SPLINE_SURFACE(((1.,1.),(1.,1.),(1.,1.),(1.,1.)))
REPRESENTATION_ITEM('')
SURFACE()
);
#6452=(
BOUNDED_SURFACE()
B_SPLINE_SURFACE(3,1,((#11299,#11300),(#11301,#11302),(#11303,#11304),(#11305,
#11306)),.UNSPECIFIED.,.F.,.F.,.F.)
B_SPLINE_SURFACE_WITH_KNOTS((4,4),(2,2),(-1.,0.),(0.,0.045),
 .UNSPECIFIED.)
GEOMETRIC_REPRESENTATION_ITEM()
RATIONAL_B_SPLINE_SURFACE(((1.,1.),(1.,1.),(1.,1.),(1.,1.)))
REPRESENTATION_ITEM('')
SURFACE()
);
#6453=(
BOUNDED_SURFACE()
B_SPLINE_SURFACE(3,1,((#11318,#11319),(#11320,#11321),(#11322,#11323),(#11324,
#11325)),.UNSPECIFIED.,.F.,.F.,.F.)
B_SPLINE_SURFACE_WITH_KNOTS((4,4),(2,2),(-1.,0.),(0.,0.045),
 .UNSPECIFIED.)
GEOMETRIC_REPRESENTATION_ITEM()
RATIONAL_B_SPLINE_SURFACE(((1.,1.),(1.,1.),(1.,1.),(1.,1.)))
REPRESENTATION_ITEM('')
SURFACE()
);
#6454=(
BOUNDED_SURFACE()
B_SPLINE_SURFACE(3,1,((#11337,#11338),(#11339,#11340),(#11341,#11342),(#11343,
#11344)),.UNSPECIFIED.,.F.,.F.,.F.)
B_SPLINE_SURFACE_WITH_KNOTS((4,4),(2,2),(-1.,0.),(0.,0.045),
 .UNSPECIFIED.)
GEOMETRIC_REPRESENTATION_ITEM()
RATIONAL_B_SPLINE_SURFACE(((1.,1.),(1.,1.),(1.,1.),(1.,1.)))
REPRESENTATION_ITEM('')
SURFACE()
);
#6455=(
BOUNDED_SURFACE()
B_SPLINE_SURFACE(3,1,((#11356,#11357),(#11358,#11359),(#11360,#11361),(#11362,
#11363)),.UNSPECIFIED.,.F.,.F.,.F.)
B_SPLINE_SURFACE_WITH_KNOTS((4,4),(2,2),(-1.,0.),(0.,0.045),
 .UNSPECIFIED.)
GEOMETRIC_REPRESENTATION_ITEM()
RATIONAL_B_SPLINE_SURFACE(((1.,1.),(1.,1.),(1.,1.),(1.,1.)))
REPRESENTATION_ITEM('')
SURFACE()
);
#6456=(
BOUNDED_SURFACE()
B_SPLINE_SURFACE(3,1,((#11387,#11388),(#11389,#11390),(#11391,#11392),(#11393,
#11394)),.UNSPECIFIED.,.F.,.F.,.F.)
B_SPLINE_SURFACE_WITH_KNOTS((4,4),(2,2),(-1.,0.),(0.,0.045),
 .UNSPECIFIED.)
GEOMETRIC_REPRESENTATION_ITEM()
RATIONAL_B_SPLINE_SURFACE(((1.,1.),(1.,1.),(1.,1.),(1.,1.)))
REPRESENTATION_ITEM('')
SURFACE()
);
#6457=(
BOUNDED_SURFACE()
B_SPLINE_SURFACE(3,1,((#11406,#11407),(#11408,#11409),(#11410,#11411),(#11412,
#11413)),.UNSPECIFIED.,.F.,.F.,.F.)
B_SPLINE_SURFACE_WITH_KNOTS((4,4),(2,2),(-1.,0.),(0.,0.045),
 .UNSPECIFIED.)
GEOMETRIC_REPRESENTATION_ITEM()
RATIONAL_B_SPLINE_SURFACE(((1.,1.),(1.,1.),(1.,1.),(1.,1.)))
REPRESENTATION_ITEM('')
SURFACE()
);
#6458=(
BOUNDED_SURFACE()
B_SPLINE_SURFACE(3,1,((#11425,#11426),(#11427,#11428),(#11429,#11430),(#11431,
#11432)),.UNSPECIFIED.,.F.,.F.,.F.)
B_SPLINE_SURFACE_WITH_KNOTS((4,4),(2,2),(-1.,0.),(0.,0.045),
 .UNSPECIFIED.)
GEOMETRIC_REPRESENTATION_ITEM()
RATIONAL_B_SPLINE_SURFACE(((1.,1.),(1.,1.),(1.,1.),(1.,1.)))
REPRESENTATION_ITEM('')
SURFACE()
);
#6459=(
BOUNDED_SURFACE()
B_SPLINE_SURFACE(3,1,((#11444,#11445),(#11446,#11447),(#11448,#11449),(#11450,
#11451)),.UNSPECIFIED.,.F.,.F.,.F.)
B_SPLINE_SURFACE_WITH_KNOTS((4,4),(2,2),(-1.,0.),(0.,0.045),
 .UNSPECIFIED.)
GEOMETRIC_REPRESENTATION_ITEM()
RATIONAL_B_SPLINE_SURFACE(((1.,1.),(1.,1.),(1.,1.),(1.,1.)))
REPRESENTATION_ITEM('')
SURFACE()
);
#6460=(
BOUNDED_SURFACE()
B_SPLINE_SURFACE(3,1,((#11463,#11464),(#11465,#11466),(#11467,#11468),(#11469,
#11470)),.UNSPECIFIED.,.F.,.F.,.F.)
B_SPLINE_SURFACE_WITH_KNOTS((4,4),(2,2),(-1.,0.),(0.,0.045),
 .UNSPECIFIED.)
GEOMETRIC_REPRESENTATION_ITEM()
RATIONAL_B_SPLINE_SURFACE(((1.,1.),(1.,1.),(1.,1.),(1.,1.)))
REPRESENTATION_ITEM('')
SURFACE()
);
#6461=(
BOUNDED_SURFACE()
B_SPLINE_SURFACE(3,1,((#11482,#11483),(#11484,#11485),(#11486,#11487),(#11488,
#11489)),.UNSPECIFIED.,.F.,.F.,.F.)
B_SPLINE_SURFACE_WITH_KNOTS((4,4),(2,2),(-1.,0.),(0.,0.045),
 .UNSPECIFIED.)
GEOMETRIC_REPRESENTATION_ITEM()
RATIONAL_B_SPLINE_SURFACE(((1.,1.),(1.,1.),(1.,1.),(1.,1.)))
REPRESENTATION_ITEM('')
SURFACE()
);
#6462=(
BOUNDED_SURFACE()
B_SPLINE_SURFACE(3,1,((#11501,#11502),(#11503,#11504),(#11505,#11506),(#11507,
#11508)),.UNSPECIFIED.,.F.,.F.,.F.)
B_SPLINE_SURFACE_WITH_KNOTS((4,4),(2,2),(-1.,0.),(0.,0.045),
 .UNSPECIFIED.)
GEOMETRIC_REPRESENTATION_ITEM()
RATIONAL_B_SPLINE_SURFACE(((1.,1.),(1.,1.),(1.,1.),(1.,1.)))
REPRESENTATION_ITEM('')
SURFACE()
);
#6463=(
BOUNDED_SURFACE()
B_SPLINE_SURFACE(3,1,((#11520,#11521),(#11522,#11523),(#11524,#11525),(#11526,
#11527)),.UNSPECIFIED.,.F.,.F.,.F.)
B_SPLINE_SURFACE_WITH_KNOTS((4,4),(2,2),(-1.,0.),(0.,0.045),
 .UNSPECIFIED.)
GEOMETRIC_REPRESENTATION_ITEM()
RATIONAL_B_SPLINE_SURFACE(((1.,1.),(1.,1.),(1.,1.),(1.,1.)))
REPRESENTATION_ITEM('')
SURFACE()
);
#6464=(
BOUNDED_SURFACE()
B_SPLINE_SURFACE(3,1,((#11539,#11540),(#11541,#11542),(#11543,#11544),(#11545,
#11546)),.UNSPECIFIED.,.F.,.F.,.F.)
B_SPLINE_SURFACE_WITH_KNOTS((4,4),(2,2),(-1.,0.),(0.,0.045),
 .UNSPECIFIED.)
GEOMETRIC_REPRESENTATION_ITEM()
RATIONAL_B_SPLINE_SURFACE(((1.,1.),(1.,1.),(1.,1.),(1.,1.)))
REPRESENTATION_ITEM('')
SURFACE()
);
#6465=(
BOUNDED_SURFACE()
B_SPLINE_SURFACE(3,1,((#11570,#11571),(#11572,#11573),(#11574,#11575),(#11576,
#11577)),.UNSPECIFIED.,.F.,.F.,.F.)
B_SPLINE_SURFACE_WITH_KNOTS((4,4),(2,2),(-1.,0.),(0.,0.045),
 .UNSPECIFIED.)
GEOMETRIC_REPRESENTATION_ITEM()
RATIONAL_B_SPLINE_SURFACE(((1.,1.),(1.,1.),(1.,1.),(1.,1.)))
REPRESENTATION_ITEM('')
SURFACE()
);
#6466=(
BOUNDED_SURFACE()
B_SPLINE_SURFACE(3,1,((#11589,#11590),(#11591,#11592),(#11593,#11594),(#11595,
#11596)),.UNSPECIFIED.,.F.,.F.,.F.)
B_SPLINE_SURFACE_WITH_KNOTS((4,4),(2,2),(-1.,0.),(0.,0.045),
 .UNSPECIFIED.)
GEOMETRIC_REPRESENTATION_ITEM()
RATIONAL_B_SPLINE_SURFACE(((1.,1.),(1.,1.),(1.,1.),(1.,1.)))
REPRESENTATION_ITEM('')
SURFACE()
);
#6467=(
BOUNDED_SURFACE()
B_SPLINE_SURFACE(3,1,((#11608,#11609),(#11610,#11611),(#11612,#11613),(#11614,
#11615)),.UNSPECIFIED.,.F.,.F.,.F.)
B_SPLINE_SURFACE_WITH_KNOTS((4,4),(2,2),(-1.,0.),(0.,0.045),
 .UNSPECIFIED.)
GEOMETRIC_REPRESENTATION_ITEM()
RATIONAL_B_SPLINE_SURFACE(((1.,1.),(1.,1.),(1.,1.),(1.,1.)))
REPRESENTATION_ITEM('')
SURFACE()
);
#6468=(
BOUNDED_SURFACE()
B_SPLINE_SURFACE(3,1,((#11627,#11628),(#11629,#11630),(#11631,#11632),(#11633,
#11634)),.UNSPECIFIED.,.F.,.F.,.F.)
B_SPLINE_SURFACE_WITH_KNOTS((4,4),(2,2),(-1.,0.),(0.,0.045),
 .UNSPECIFIED.)
GEOMETRIC_REPRESENTATION_ITEM()
RATIONAL_B_SPLINE_SURFACE(((1.,1.),(1.,1.),(1.,1.),(1.,1.)))
REPRESENTATION_ITEM('')
SURFACE()
);
#6469=(
BOUNDED_SURFACE()
B_SPLINE_SURFACE(3,1,((#11646,#11647),(#11648,#11649),(#11650,#11651),(#11652,
#11653)),.UNSPECIFIED.,.F.,.F.,.F.)
B_SPLINE_SURFACE_WITH_KNOTS((4,4),(2,2),(-1.,0.),(0.,0.045),
 .UNSPECIFIED.)
GEOMETRIC_REPRESENTATION_ITEM()
RATIONAL_B_SPLINE_SURFACE(((1.,1.),(1.,1.),(1.,1.),(1.,1.)))
REPRESENTATION_ITEM('')
SURFACE()
);
#6470=(
BOUNDED_SURFACE()
B_SPLINE_SURFACE(3,1,((#11677,#11678),(#11679,#11680),(#11681,#11682),(#11683,
#11684)),.UNSPECIFIED.,.F.,.F.,.F.)
B_SPLINE_SURFACE_WITH_KNOTS((4,4),(2,2),(-1.,0.),(0.,0.045),
 .UNSPECIFIED.)
GEOMETRIC_REPRESENTATION_ITEM()
RATIONAL_B_SPLINE_SURFACE(((1.,1.),(1.,1.),(1.,1.),(1.,1.)))
REPRESENTATION_ITEM('')
SURFACE()
);
#6471=(
BOUNDED_SURFACE()
B_SPLINE_SURFACE(3,1,((#11696,#11697),(#11698,#11699),(#11700,#11701),(#11702,
#11703)),.UNSPECIFIED.,.F.,.F.,.F.)
B_SPLINE_SURFACE_WITH_KNOTS((4,4),(2,2),(-1.,0.),(0.,0.045),
 .UNSPECIFIED.)
GEOMETRIC_REPRESENTATION_ITEM()
RATIONAL_B_SPLINE_SURFACE(((1.,1.),(1.,1.),(1.,1.),(1.,1.)))
REPRESENTATION_ITEM('')
SURFACE()
);
#6472=(
BOUNDED_SURFACE()
B_SPLINE_SURFACE(3,1,((#11715,#11716),(#11717,#11718),(#11719,#11720),(#11721,
#11722)),.UNSPECIFIED.,.F.,.F.,.F.)
B_SPLINE_SURFACE_WITH_KNOTS((4,4),(2,2),(-1.,0.),(0.,0.045),
 .UNSPECIFIED.)
GEOMETRIC_REPRESENTATION_ITEM()
RATIONAL_B_SPLINE_SURFACE(((1.,1.),(1.,1.),(1.,1.),(1.,1.)))
REPRESENTATION_ITEM('')
SURFACE()
);
#6473=(
BOUNDED_SURFACE()
B_SPLINE_SURFACE(3,1,((#11734,#11735),(#11736,#11737),(#11738,#11739),(#11740,
#11741)),.UNSPECIFIED.,.F.,.F.,.F.)
B_SPLINE_SURFACE_WITH_KNOTS((4,4),(2,2),(-1.,0.),(0.,0.045),
 .UNSPECIFIED.)
GEOMETRIC_REPRESENTATION_ITEM()
RATIONAL_B_SPLINE_SURFACE(((1.,1.),(1.,1.),(1.,1.),(1.,1.)))
REPRESENTATION_ITEM('')
SURFACE()
);
#6474=(
BOUNDED_SURFACE()
B_SPLINE_SURFACE(3,1,((#11753,#11754),(#11755,#11756),(#11757,#11758),(#11759,
#11760)),.UNSPECIFIED.,.F.,.F.,.F.)
B_SPLINE_SURFACE_WITH_KNOTS((4,4),(2,2),(-1.,0.),(0.,0.045),
 .UNSPECIFIED.)
GEOMETRIC_REPRESENTATION_ITEM()
RATIONAL_B_SPLINE_SURFACE(((1.,1.),(1.,1.),(1.,1.),(1.,1.)))
REPRESENTATION_ITEM('')
SURFACE()
);
#6475=(
BOUNDED_SURFACE()
B_SPLINE_SURFACE(3,1,((#11772,#11773),(#11774,#11775),(#11776,#11777),(#11778,
#11779)),.UNSPECIFIED.,.F.,.F.,.F.)
B_SPLINE_SURFACE_WITH_KNOTS((4,4),(2,2),(-1.,0.),(0.,0.045),
 .UNSPECIFIED.)
GEOMETRIC_REPRESENTATION_ITEM()
RATIONAL_B_SPLINE_SURFACE(((1.,1.),(1.,1.),(1.,1.),(1.,1.)))
REPRESENTATION_ITEM('')
SURFACE()
);
#6476=(
BOUNDED_SURFACE()
B_SPLINE_SURFACE(3,1,((#11791,#11792),(#11793,#11794),(#11795,#11796),(#11797,
#11798)),.UNSPECIFIED.,.F.,.F.,.F.)
B_SPLINE_SURFACE_WITH_KNOTS((4,4),(2,2),(-1.,0.),(0.,0.045),
 .UNSPECIFIED.)
GEOMETRIC_REPRESENTATION_ITEM()
RATIONAL_B_SPLINE_SURFACE(((1.,1.),(1.,1.),(1.,1.),(1.,1.)))
REPRESENTATION_ITEM('')
SURFACE()
);
#6477=(
BOUNDED_SURFACE()
B_SPLINE_SURFACE(3,1,((#11810,#11811),(#11812,#11813),(#11814,#11815),(#11816,
#11817)),.UNSPECIFIED.,.F.,.F.,.F.)
B_SPLINE_SURFACE_WITH_KNOTS((4,4),(2,2),(-1.,0.),(0.,0.045),
 .UNSPECIFIED.)
GEOMETRIC_REPRESENTATION_ITEM()
RATIONAL_B_SPLINE_SURFACE(((1.,1.),(1.,1.),(1.,1.),(1.,1.)))
REPRESENTATION_ITEM('')
SURFACE()
);
#6478=(
BOUNDED_SURFACE()
B_SPLINE_SURFACE(3,1,((#11829,#11830),(#11831,#11832),(#11833,#11834),(#11835,
#11836)),.UNSPECIFIED.,.F.,.F.,.F.)
B_SPLINE_SURFACE_WITH_KNOTS((4,4),(2,2),(-1.,0.),(0.,0.045),
 .UNSPECIFIED.)
GEOMETRIC_REPRESENTATION_ITEM()
RATIONAL_B_SPLINE_SURFACE(((1.,1.),(1.,1.),(1.,1.),(1.,1.)))
REPRESENTATION_ITEM('')
SURFACE()
);
#6479=(
BOUNDED_SURFACE()
B_SPLINE_SURFACE(3,1,((#11848,#11849),(#11850,#11851),(#11852,#11853),(#11854,
#11855)),.UNSPECIFIED.,.F.,.F.,.F.)
B_SPLINE_SURFACE_WITH_KNOTS((4,4),(2,2),(-1.,0.),(0.,0.045),
 .UNSPECIFIED.)
GEOMETRIC_REPRESENTATION_ITEM()
RATIONAL_B_SPLINE_SURFACE(((1.,1.),(1.,1.),(1.,1.),(1.,1.)))
REPRESENTATION_ITEM('')
SURFACE()
);
#6480=(
BOUNDED_SURFACE()
B_SPLINE_SURFACE(3,1,((#11867,#11868),(#11869,#11870),(#11871,#11872),(#11873,
#11874)),.UNSPECIFIED.,.F.,.F.,.F.)
B_SPLINE_SURFACE_WITH_KNOTS((4,4),(2,2),(-1.,0.),(0.,0.045),
 .UNSPECIFIED.)
GEOMETRIC_REPRESENTATION_ITEM()
RATIONAL_B_SPLINE_SURFACE(((1.,1.),(1.,1.),(1.,1.),(1.,1.)))
REPRESENTATION_ITEM('')
SURFACE()
);
#6481=(
BOUNDED_SURFACE()
B_SPLINE_SURFACE(3,1,((#11886,#11887),(#11888,#11889),(#11890,#11891),(#11892,
#11893)),.UNSPECIFIED.,.F.,.F.,.F.)
B_SPLINE_SURFACE_WITH_KNOTS((4,4),(2,2),(-1.,0.),(0.,0.045),
 .UNSPECIFIED.)
GEOMETRIC_REPRESENTATION_ITEM()
RATIONAL_B_SPLINE_SURFACE(((1.,1.),(1.,1.),(1.,1.),(1.,1.)))
REPRESENTATION_ITEM('')
SURFACE()
);
#6482=(
BOUNDED_SURFACE()
B_SPLINE_SURFACE(3,1,((#11905,#11906),(#11907,#11908),(#11909,#11910),(#11911,
#11912)),.UNSPECIFIED.,.F.,.F.,.F.)
B_SPLINE_SURFACE_WITH_KNOTS((4,4),(2,2),(-1.,0.),(0.,0.045),
 .UNSPECIFIED.)
GEOMETRIC_REPRESENTATION_ITEM()
RATIONAL_B_SPLINE_SURFACE(((1.,1.),(1.,1.),(1.,1.),(1.,1.)))
REPRESENTATION_ITEM('')
SURFACE()
);
#6483=(
BOUNDED_SURFACE()
B_SPLINE_SURFACE(3,1,((#11924,#11925),(#11926,#11927),(#11928,#11929),(#11930,
#11931)),.UNSPECIFIED.,.F.,.F.,.F.)
B_SPLINE_SURFACE_WITH_KNOTS((4,4),(2,2),(-1.,0.),(0.,0.045),
 .UNSPECIFIED.)
GEOMETRIC_REPRESENTATION_ITEM()
RATIONAL_B_SPLINE_SURFACE(((1.,1.),(1.,1.),(1.,1.),(1.,1.)))
REPRESENTATION_ITEM('')
SURFACE()
);
#6484=(
BOUNDED_SURFACE()
B_SPLINE_SURFACE(3,1,((#11943,#11944),(#11945,#11946),(#11947,#11948),(#11949,
#11950)),.UNSPECIFIED.,.F.,.F.,.F.)
B_SPLINE_SURFACE_WITH_KNOTS((4,4),(2,2),(-1.,0.),(0.,0.045),
 .UNSPECIFIED.)
GEOMETRIC_REPRESENTATION_ITEM()
RATIONAL_B_SPLINE_SURFACE(((1.,1.),(1.,1.),(1.,1.),(1.,1.)))
REPRESENTATION_ITEM('')
SURFACE()
);
#6485=(
BOUNDED_SURFACE()
B_SPLINE_SURFACE(3,1,((#11962,#11963),(#11964,#11965),(#11966,#11967),(#11968,
#11969)),.UNSPECIFIED.,.F.,.F.,.F.)
B_SPLINE_SURFACE_WITH_KNOTS((4,4),(2,2),(-1.,0.),(0.,0.045),
 .UNSPECIFIED.)
GEOMETRIC_REPRESENTATION_ITEM()
RATIONAL_B_SPLINE_SURFACE(((1.,1.),(1.,1.),(1.,1.),(1.,1.)))
REPRESENTATION_ITEM('')
SURFACE()
);
#6486=(
BOUNDED_SURFACE()
B_SPLINE_SURFACE(3,1,((#11981,#11982),(#11983,#11984),(#11985,#11986),(#11987,
#11988)),.UNSPECIFIED.,.F.,.F.,.F.)
B_SPLINE_SURFACE_WITH_KNOTS((4,4),(2,2),(-1.,0.),(0.,0.045),
 .UNSPECIFIED.)
GEOMETRIC_REPRESENTATION_ITEM()
RATIONAL_B_SPLINE_SURFACE(((1.,1.),(1.,1.),(1.,1.),(1.,1.)))
REPRESENTATION_ITEM('')
SURFACE()
);
#6487=(
BOUNDED_SURFACE()
B_SPLINE_SURFACE(3,1,((#12000,#12001),(#12002,#12003),(#12004,#12005),(#12006,
#12007)),.UNSPECIFIED.,.F.,.F.,.F.)
B_SPLINE_SURFACE_WITH_KNOTS((4,4),(2,2),(-1.,0.),(0.,0.045),
 .UNSPECIFIED.)
GEOMETRIC_REPRESENTATION_ITEM()
RATIONAL_B_SPLINE_SURFACE(((1.,1.),(1.,1.),(1.,1.),(1.,1.)))
REPRESENTATION_ITEM('')
SURFACE()
);
#6488=(
BOUNDED_SURFACE()
B_SPLINE_SURFACE(3,1,((#12019,#12020),(#12021,#12022),(#12023,#12024),(#12025,
#12026)),.UNSPECIFIED.,.F.,.F.,.F.)
B_SPLINE_SURFACE_WITH_KNOTS((4,4),(2,2),(-1.,0.),(0.,0.045),
 .UNSPECIFIED.)
GEOMETRIC_REPRESENTATION_ITEM()
RATIONAL_B_SPLINE_SURFACE(((1.,1.),(1.,1.),(1.,1.),(1.,1.)))
REPRESENTATION_ITEM('')
SURFACE()
);
#6489=(
BOUNDED_SURFACE()
B_SPLINE_SURFACE(3,1,((#12038,#12039),(#12040,#12041),(#12042,#12043),(#12044,
#12045)),.UNSPECIFIED.,.F.,.F.,.F.)
B_SPLINE_SURFACE_WITH_KNOTS((4,4),(2,2),(-1.,0.),(0.,0.045),
 .UNSPECIFIED.)
GEOMETRIC_REPRESENTATION_ITEM()
RATIONAL_B_SPLINE_SURFACE(((1.,1.),(1.,1.),(1.,1.),(1.,1.)))
REPRESENTATION_ITEM('')
SURFACE()
);
#6490=(
BOUNDED_SURFACE()
B_SPLINE_SURFACE(3,1,((#12057,#12058),(#12059,#12060),(#12061,#12062),(#12063,
#12064)),.UNSPECIFIED.,.F.,.F.,.F.)
B_SPLINE_SURFACE_WITH_KNOTS((4,4),(2,2),(-1.,0.),(0.,0.045),
 .UNSPECIFIED.)
GEOMETRIC_REPRESENTATION_ITEM()
RATIONAL_B_SPLINE_SURFACE(((1.,1.),(1.,1.),(1.,1.),(1.,1.)))
REPRESENTATION_ITEM('')
SURFACE()
);
#6491=(
BOUNDED_SURFACE()
B_SPLINE_SURFACE(3,1,((#12076,#12077),(#12078,#12079),(#12080,#12081),(#12082,
#12083)),.UNSPECIFIED.,.F.,.F.,.F.)
B_SPLINE_SURFACE_WITH_KNOTS((4,4),(2,2),(-1.,0.),(0.,0.045),
 .UNSPECIFIED.)
GEOMETRIC_REPRESENTATION_ITEM()
RATIONAL_B_SPLINE_SURFACE(((1.,1.),(1.,1.),(1.,1.),(1.,1.)))
REPRESENTATION_ITEM('')
SURFACE()
);
#6492=(
BOUNDED_SURFACE()
B_SPLINE_SURFACE(3,1,((#12095,#12096),(#12097,#12098),(#12099,#12100),(#12101,
#12102)),.UNSPECIFIED.,.F.,.F.,.F.)
B_SPLINE_SURFACE_WITH_KNOTS((4,4),(2,2),(-1.,0.),(0.,0.045),
 .UNSPECIFIED.)
GEOMETRIC_REPRESENTATION_ITEM()
RATIONAL_B_SPLINE_SURFACE(((1.,1.),(1.,1.),(1.,1.),(1.,1.)))
REPRESENTATION_ITEM('')
SURFACE()
);
#6493=(
BOUNDED_SURFACE()
B_SPLINE_SURFACE(3,1,((#12114,#12115),(#12116,#12117),(#12118,#12119),(#12120,
#12121)),.UNSPECIFIED.,.F.,.F.,.F.)
B_SPLINE_SURFACE_WITH_KNOTS((4,4),(2,2),(-1.,0.),(0.,0.045),
 .UNSPECIFIED.)
GEOMETRIC_REPRESENTATION_ITEM()
RATIONAL_B_SPLINE_SURFACE(((1.,1.),(1.,1.),(1.,1.),(1.,1.)))
REPRESENTATION_ITEM('')
SURFACE()
);
#6494=(
BOUNDED_SURFACE()
B_SPLINE_SURFACE(3,1,((#12133,#12134),(#12135,#12136),(#12137,#12138),(#12139,
#12140)),.UNSPECIFIED.,.F.,.F.,.F.)
B_SPLINE_SURFACE_WITH_KNOTS((4,4),(2,2),(-1.,0.),(0.,0.045),
 .UNSPECIFIED.)
GEOMETRIC_REPRESENTATION_ITEM()
RATIONAL_B_SPLINE_SURFACE(((1.,1.),(1.,1.),(1.,1.),(1.,1.)))
REPRESENTATION_ITEM('')
SURFACE()
);
#6495=(
BOUNDED_SURFACE()
B_SPLINE_SURFACE(3,1,((#12152,#12153),(#12154,#12155),(#12156,#12157),(#12158,
#12159)),.UNSPECIFIED.,.F.,.F.,.F.)
B_SPLINE_SURFACE_WITH_KNOTS((4,4),(2,2),(-1.,0.),(0.,0.045),
 .UNSPECIFIED.)
GEOMETRIC_REPRESENTATION_ITEM()
RATIONAL_B_SPLINE_SURFACE(((1.,1.),(1.,1.),(1.,1.),(1.,1.)))
REPRESENTATION_ITEM('')
SURFACE()
);
#6496=(
BOUNDED_SURFACE()
B_SPLINE_SURFACE(3,1,((#12171,#12172),(#12173,#12174),(#12175,#12176),(#12177,
#12178)),.UNSPECIFIED.,.F.,.F.,.F.)
B_SPLINE_SURFACE_WITH_KNOTS((4,4),(2,2),(-1.,0.),(0.,0.045),
 .UNSPECIFIED.)
GEOMETRIC_REPRESENTATION_ITEM()
RATIONAL_B_SPLINE_SURFACE(((1.,1.),(1.,1.),(1.,1.),(1.,1.)))
REPRESENTATION_ITEM('')
SURFACE()
);
#6497=(
BOUNDED_SURFACE()
B_SPLINE_SURFACE(3,1,((#12190,#12191),(#12192,#12193),(#12194,#12195),(#12196,
#12197)),.UNSPECIFIED.,.F.,.F.,.F.)
B_SPLINE_SURFACE_WITH_KNOTS((4,4),(2,2),(-1.,0.),(0.,0.045),
 .UNSPECIFIED.)
GEOMETRIC_REPRESENTATION_ITEM()
RATIONAL_B_SPLINE_SURFACE(((1.,1.),(1.,1.),(1.,1.),(1.,1.)))
REPRESENTATION_ITEM('')
SURFACE()
);
#6498=(
BOUNDED_SURFACE()
B_SPLINE_SURFACE(3,1,((#12209,#12210),(#12211,#12212),(#12213,#12214),(#12215,
#12216)),.UNSPECIFIED.,.F.,.F.,.F.)
B_SPLINE_SURFACE_WITH_KNOTS((4,4),(2,2),(-1.,0.),(0.,0.045),
 .UNSPECIFIED.)
GEOMETRIC_REPRESENTATION_ITEM()
RATIONAL_B_SPLINE_SURFACE(((1.,1.),(1.,1.),(1.,1.),(1.,1.)))
REPRESENTATION_ITEM('')
SURFACE()
);
#6499=(
BOUNDED_SURFACE()
B_SPLINE_SURFACE(3,1,((#12228,#12229),(#12230,#12231),(#12232,#12233),(#12234,
#12235)),.UNSPECIFIED.,.F.,.F.,.F.)
B_SPLINE_SURFACE_WITH_KNOTS((4,4),(2,2),(-1.,0.),(0.,0.045),
 .UNSPECIFIED.)
GEOMETRIC_REPRESENTATION_ITEM()
RATIONAL_B_SPLINE_SURFACE(((1.,1.),(1.,1.),(1.,1.),(1.,1.)))
REPRESENTATION_ITEM('')
SURFACE()
);
#6500=(
BOUNDED_SURFACE()
B_SPLINE_SURFACE(3,1,((#12247,#12248),(#12249,#12250),(#12251,#12252),(#12253,
#12254)),.UNSPECIFIED.,.F.,.F.,.F.)
B_SPLINE_SURFACE_WITH_KNOTS((4,4),(2,2),(-1.,0.),(0.,0.045),
 .UNSPECIFIED.)
GEOMETRIC_REPRESENTATION_ITEM()
RATIONAL_B_SPLINE_SURFACE(((1.,1.),(1.,1.),(1.,1.),(1.,1.)))
REPRESENTATION_ITEM('')
SURFACE()
);
#6501=(
BOUNDED_SURFACE()
B_SPLINE_SURFACE(3,1,((#12266,#12267),(#12268,#12269),(#12270,#12271),(#12272,
#12273)),.UNSPECIFIED.,.F.,.F.,.F.)
B_SPLINE_SURFACE_WITH_KNOTS((4,4),(2,2),(-1.,0.),(0.,0.045),
 .UNSPECIFIED.)
GEOMETRIC_REPRESENTATION_ITEM()
RATIONAL_B_SPLINE_SURFACE(((1.,1.),(1.,1.),(1.,1.),(1.,1.)))
REPRESENTATION_ITEM('')
SURFACE()
);
#6502=(
BOUNDED_SURFACE()
B_SPLINE_SURFACE(3,1,((#12285,#12286),(#12287,#12288),(#12289,#12290),(#12291,
#12292)),.UNSPECIFIED.,.F.,.F.,.F.)
B_SPLINE_SURFACE_WITH_KNOTS((4,4),(2,2),(-1.,0.),(0.,0.045),
 .UNSPECIFIED.)
GEOMETRIC_REPRESENTATION_ITEM()
RATIONAL_B_SPLINE_SURFACE(((1.,1.),(1.,1.),(1.,1.),(1.,1.)))
REPRESENTATION_ITEM('')
SURFACE()
);
#6503=(
BOUNDED_SURFACE()
B_SPLINE_SURFACE(3,1,((#12304,#12305),(#12306,#12307),(#12308,#12309),(#12310,
#12311)),.UNSPECIFIED.,.F.,.F.,.F.)
B_SPLINE_SURFACE_WITH_KNOTS((4,4),(2,2),(-1.,0.),(0.,0.045),
 .UNSPECIFIED.)
GEOMETRIC_REPRESENTATION_ITEM()
RATIONAL_B_SPLINE_SURFACE(((1.,1.),(1.,1.),(1.,1.),(1.,1.)))
REPRESENTATION_ITEM('')
SURFACE()
);
#6504=(
BOUNDED_SURFACE()
B_SPLINE_SURFACE(3,1,((#12323,#12324),(#12325,#12326),(#12327,#12328),(#12329,
#12330)),.UNSPECIFIED.,.F.,.F.,.F.)
B_SPLINE_SURFACE_WITH_KNOTS((4,4),(2,2),(-1.,0.),(0.,0.045),
 .UNSPECIFIED.)
GEOMETRIC_REPRESENTATION_ITEM()
RATIONAL_B_SPLINE_SURFACE(((1.,1.),(1.,1.),(1.,1.),(1.,1.)))
REPRESENTATION_ITEM('')
SURFACE()
);
#6505=(
BOUNDED_SURFACE()
B_SPLINE_SURFACE(3,1,((#12342,#12343),(#12344,#12345),(#12346,#12347),(#12348,
#12349)),.UNSPECIFIED.,.F.,.F.,.F.)
B_SPLINE_SURFACE_WITH_KNOTS((4,4),(2,2),(-1.,0.),(0.,0.045),
 .UNSPECIFIED.)
GEOMETRIC_REPRESENTATION_ITEM()
RATIONAL_B_SPLINE_SURFACE(((1.,1.),(1.,1.),(1.,1.),(1.,1.)))
REPRESENTATION_ITEM('')
SURFACE()
);
#6506=(
BOUNDED_SURFACE()
B_SPLINE_SURFACE(3,1,((#12361,#12362),(#12363,#12364),(#12365,#12366),(#12367,
#12368)),.UNSPECIFIED.,.F.,.F.,.F.)
B_SPLINE_SURFACE_WITH_KNOTS((4,4),(2,2),(-1.,0.),(0.,0.045),
 .UNSPECIFIED.)
GEOMETRIC_REPRESENTATION_ITEM()
RATIONAL_B_SPLINE_SURFACE(((1.,1.),(1.,1.),(1.,1.),(1.,1.)))
REPRESENTATION_ITEM('')
SURFACE()
);
#6507=(
BOUNDED_SURFACE()
B_SPLINE_SURFACE(3,1,((#12380,#12381),(#12382,#12383),(#12384,#12385),(#12386,
#12387)),.UNSPECIFIED.,.F.,.F.,.F.)
B_SPLINE_SURFACE_WITH_KNOTS((4,4),(2,2),(-1.,0.),(0.,0.045),
 .UNSPECIFIED.)
GEOMETRIC_REPRESENTATION_ITEM()
RATIONAL_B_SPLINE_SURFACE(((1.,1.),(1.,1.),(1.,1.),(1.,1.)))
REPRESENTATION_ITEM('')
SURFACE()
);
#6508=(
BOUNDED_SURFACE()
B_SPLINE_SURFACE(3,1,((#12399,#12400),(#12401,#12402),(#12403,#12404),(#12405,
#12406)),.UNSPECIFIED.,.F.,.F.,.F.)
B_SPLINE_SURFACE_WITH_KNOTS((4,4),(2,2),(-1.,0.),(0.,0.045),
 .UNSPECIFIED.)
GEOMETRIC_REPRESENTATION_ITEM()
RATIONAL_B_SPLINE_SURFACE(((1.,1.),(1.,1.),(1.,1.),(1.,1.)))
REPRESENTATION_ITEM('')
SURFACE()
);
#6509=(
BOUNDED_SURFACE()
B_SPLINE_SURFACE(3,1,((#12418,#12419),(#12420,#12421),(#12422,#12423),(#12424,
#12425)),.UNSPECIFIED.,.F.,.F.,.F.)
B_SPLINE_SURFACE_WITH_KNOTS((4,4),(2,2),(-1.,0.),(0.,0.045),
 .UNSPECIFIED.)
GEOMETRIC_REPRESENTATION_ITEM()
RATIONAL_B_SPLINE_SURFACE(((1.,1.),(1.,1.),(1.,1.),(1.,1.)))
REPRESENTATION_ITEM('')
SURFACE()
);
#6510=(
BOUNDED_SURFACE()
B_SPLINE_SURFACE(3,1,((#12437,#12438),(#12439,#12440),(#12441,#12442),(#12443,
#12444)),.UNSPECIFIED.,.F.,.F.,.F.)
B_SPLINE_SURFACE_WITH_KNOTS((4,4),(2,2),(-1.,0.),(0.,0.045),
 .UNSPECIFIED.)
GEOMETRIC_REPRESENTATION_ITEM()
RATIONAL_B_SPLINE_SURFACE(((1.,1.),(1.,1.),(1.,1.),(1.,1.)))
REPRESENTATION_ITEM('')
SURFACE()
);
#6511=(
BOUNDED_SURFACE()
B_SPLINE_SURFACE(3,1,((#12456,#12457),(#12458,#12459),(#12460,#12461),(#12462,
#12463)),.UNSPECIFIED.,.F.,.F.,.F.)
B_SPLINE_SURFACE_WITH_KNOTS((4,4),(2,2),(-1.,0.),(0.,0.045),
 .UNSPECIFIED.)
GEOMETRIC_REPRESENTATION_ITEM()
RATIONAL_B_SPLINE_SURFACE(((1.,1.),(1.,1.),(1.,1.),(1.,1.)))
REPRESENTATION_ITEM('')
SURFACE()
);
#6512=(
BOUNDED_SURFACE()
B_SPLINE_SURFACE(3,1,((#12473,#12474),(#12475,#12476),(#12477,#12478),(#12479,
#12480)),.UNSPECIFIED.,.F.,.F.,.F.)
B_SPLINE_SURFACE_WITH_KNOTS((4,4),(2,2),(-1.,0.),(0.,0.045),
 .UNSPECIFIED.)
GEOMETRIC_REPRESENTATION_ITEM()
RATIONAL_B_SPLINE_SURFACE(((1.,1.),(1.,1.),(1.,1.),(1.,1.)))
REPRESENTATION_ITEM('')
SURFACE()
);
#6513=(
BOUNDED_SURFACE()
B_SPLINE_SURFACE(3,1,((#12495,#12496),(#12497,#12498),(#12499,#12500),(#12501,
#12502)),.UNSPECIFIED.,.F.,.F.,.F.)
B_SPLINE_SURFACE_WITH_KNOTS((4,4),(2,2),(-1.,0.),(0.,0.045),
 .UNSPECIFIED.)
GEOMETRIC_REPRESENTATION_ITEM()
RATIONAL_B_SPLINE_SURFACE(((1.,1.),(1.,1.),(1.,1.),(1.,1.)))
REPRESENTATION_ITEM('')
SURFACE()
);
#6514=(
BOUNDED_SURFACE()
B_SPLINE_SURFACE(3,1,((#12526,#12527),(#12528,#12529),(#12530,#12531),(#12532,
#12533)),.UNSPECIFIED.,.F.,.F.,.F.)
B_SPLINE_SURFACE_WITH_KNOTS((4,4),(2,2),(-1.,0.),(0.,0.045),
 .UNSPECIFIED.)
GEOMETRIC_REPRESENTATION_ITEM()
RATIONAL_B_SPLINE_SURFACE(((1.,1.),(1.,1.),(1.,1.),(1.,1.)))
REPRESENTATION_ITEM('')
SURFACE()
);
#6515=(
BOUNDED_SURFACE()
B_SPLINE_SURFACE(3,1,((#12545,#12546),(#12547,#12548),(#12549,#12550),(#12551,
#12552)),.UNSPECIFIED.,.F.,.F.,.F.)
B_SPLINE_SURFACE_WITH_KNOTS((4,4),(2,2),(-1.,0.),(0.,0.045),
 .UNSPECIFIED.)
GEOMETRIC_REPRESENTATION_ITEM()
RATIONAL_B_SPLINE_SURFACE(((1.,1.),(1.,1.),(1.,1.),(1.,1.)))
REPRESENTATION_ITEM('')
SURFACE()
);
#6516=(
BOUNDED_SURFACE()
B_SPLINE_SURFACE(3,1,((#12564,#12565),(#12566,#12567),(#12568,#12569),(#12570,
#12571)),.UNSPECIFIED.,.F.,.F.,.F.)
B_SPLINE_SURFACE_WITH_KNOTS((4,4),(2,2),(-1.,0.),(0.,0.045),
 .UNSPECIFIED.)
GEOMETRIC_REPRESENTATION_ITEM()
RATIONAL_B_SPLINE_SURFACE(((1.,1.),(1.,1.),(1.,1.),(1.,1.)))
REPRESENTATION_ITEM('')
SURFACE()
);
#6517=(
BOUNDED_SURFACE()
B_SPLINE_SURFACE(3,1,((#12583,#12584),(#12585,#12586),(#12587,#12588),(#12589,
#12590)),.UNSPECIFIED.,.F.,.F.,.F.)
B_SPLINE_SURFACE_WITH_KNOTS((4,4),(2,2),(-1.,0.),(0.,0.045),
 .UNSPECIFIED.)
GEOMETRIC_REPRESENTATION_ITEM()
RATIONAL_B_SPLINE_SURFACE(((1.,1.),(1.,1.),(1.,1.),(1.,1.)))
REPRESENTATION_ITEM('')
SURFACE()
);
#6518=(
BOUNDED_SURFACE()
B_SPLINE_SURFACE(3,1,((#12602,#12603),(#12604,#12605),(#12606,#12607),(#12608,
#12609)),.UNSPECIFIED.,.F.,.F.,.F.)
B_SPLINE_SURFACE_WITH_KNOTS((4,4),(2,2),(-1.,0.),(0.,0.045),
 .UNSPECIFIED.)
GEOMETRIC_REPRESENTATION_ITEM()
RATIONAL_B_SPLINE_SURFACE(((1.,1.),(1.,1.),(1.,1.),(1.,1.)))
REPRESENTATION_ITEM('')
SURFACE()
);
#6519=(
BOUNDED_SURFACE()
B_SPLINE_SURFACE(3,1,((#12621,#12622),(#12623,#12624),(#12625,#12626),(#12627,
#12628)),.UNSPECIFIED.,.F.,.F.,.F.)
B_SPLINE_SURFACE_WITH_KNOTS((4,4),(2,2),(-1.,0.),(0.,0.045),
 .UNSPECIFIED.)
GEOMETRIC_REPRESENTATION_ITEM()
RATIONAL_B_SPLINE_SURFACE(((1.,1.),(1.,1.),(1.,1.),(1.,1.)))
REPRESENTATION_ITEM('')
SURFACE()
);
#6520=(
BOUNDED_SURFACE()
B_SPLINE_SURFACE(3,1,((#12640,#12641),(#12642,#12643),(#12644,#12645),(#12646,
#12647)),.UNSPECIFIED.,.F.,.F.,.F.)
B_SPLINE_SURFACE_WITH_KNOTS((4,4),(2,2),(-1.,0.),(0.,0.045),
 .UNSPECIFIED.)
GEOMETRIC_REPRESENTATION_ITEM()
RATIONAL_B_SPLINE_SURFACE(((1.,1.),(1.,1.),(1.,1.),(1.,1.)))
REPRESENTATION_ITEM('')
SURFACE()
);
#6521=(
BOUNDED_SURFACE()
B_SPLINE_SURFACE(3,1,((#12659,#12660),(#12661,#12662),(#12663,#12664),(#12665,
#12666)),.UNSPECIFIED.,.F.,.F.,.F.)
B_SPLINE_SURFACE_WITH_KNOTS((4,4),(2,2),(-1.,0.),(0.,0.045),
 .UNSPECIFIED.)
GEOMETRIC_REPRESENTATION_ITEM()
RATIONAL_B_SPLINE_SURFACE(((1.,1.),(1.,1.),(1.,1.),(1.,1.)))
REPRESENTATION_ITEM('')
SURFACE()
);
#6522=(
BOUNDED_SURFACE()
B_SPLINE_SURFACE(3,1,((#12678,#12679),(#12680,#12681),(#12682,#12683),(#12684,
#12685)),.UNSPECIFIED.,.F.,.F.,.F.)
B_SPLINE_SURFACE_WITH_KNOTS((4,4),(2,2),(-1.,0.),(0.,0.045),
 .UNSPECIFIED.)
GEOMETRIC_REPRESENTATION_ITEM()
RATIONAL_B_SPLINE_SURFACE(((1.,1.),(1.,1.),(1.,1.),(1.,1.)))
REPRESENTATION_ITEM('')
SURFACE()
);
#6523=(
BOUNDED_SURFACE()
B_SPLINE_SURFACE(3,1,((#12695,#12696),(#12697,#12698),(#12699,#12700),(#12701,
#12702)),.UNSPECIFIED.,.F.,.F.,.F.)
B_SPLINE_SURFACE_WITH_KNOTS((4,4),(2,2),(-1.,0.),(0.,0.045),
 .UNSPECIFIED.)
GEOMETRIC_REPRESENTATION_ITEM()
RATIONAL_B_SPLINE_SURFACE(((1.,1.),(1.,1.),(1.,1.),(1.,1.)))
REPRESENTATION_ITEM('')
SURFACE()
);
#6524=(
BOUNDED_SURFACE()
B_SPLINE_SURFACE(3,1,((#12717,#12718),(#12719,#12720),(#12721,#12722),(#12723,
#12724)),.UNSPECIFIED.,.F.,.F.,.F.)
B_SPLINE_SURFACE_WITH_KNOTS((4,4),(2,2),(-1.,0.),(0.,0.045),
 .UNSPECIFIED.)
GEOMETRIC_REPRESENTATION_ITEM()
RATIONAL_B_SPLINE_SURFACE(((1.,1.),(1.,1.),(1.,1.),(1.,1.)))
REPRESENTATION_ITEM('')
SURFACE()
);
#6525=(
BOUNDED_SURFACE()
B_SPLINE_SURFACE(3,1,((#12736,#12737),(#12738,#12739),(#12740,#12741),(#12742,
#12743)),.UNSPECIFIED.,.F.,.F.,.F.)
B_SPLINE_SURFACE_WITH_KNOTS((4,4),(2,2),(-1.,0.),(0.,0.045),
 .UNSPECIFIED.)
GEOMETRIC_REPRESENTATION_ITEM()
RATIONAL_B_SPLINE_SURFACE(((1.,1.),(1.,1.),(1.,1.),(1.,1.)))
REPRESENTATION_ITEM('')
SURFACE()
);
#6526=(
BOUNDED_SURFACE()
B_SPLINE_SURFACE(3,1,((#12755,#12756),(#12757,#12758),(#12759,#12760),(#12761,
#12762)),.UNSPECIFIED.,.F.,.F.,.F.)
B_SPLINE_SURFACE_WITH_KNOTS((4,4),(2,2),(-1.,0.),(0.,0.045),
 .UNSPECIFIED.)
GEOMETRIC_REPRESENTATION_ITEM()
RATIONAL_B_SPLINE_SURFACE(((1.,1.),(1.,1.),(1.,1.),(1.,1.)))
REPRESENTATION_ITEM('')
SURFACE()
);
#6527=(
BOUNDED_SURFACE()
B_SPLINE_SURFACE(3,1,((#12774,#12775),(#12776,#12777),(#12778,#12779),(#12780,
#12781)),.UNSPECIFIED.,.F.,.F.,.F.)
B_SPLINE_SURFACE_WITH_KNOTS((4,4),(2,2),(-1.,0.),(0.,0.045),
 .UNSPECIFIED.)
GEOMETRIC_REPRESENTATION_ITEM()
RATIONAL_B_SPLINE_SURFACE(((1.,1.),(1.,1.),(1.,1.),(1.,1.)))
REPRESENTATION_ITEM('')
SURFACE()
);
#6528=(
BOUNDED_SURFACE()
B_SPLINE_SURFACE(3,1,((#12793,#12794),(#12795,#12796),(#12797,#12798),(#12799,
#12800)),.UNSPECIFIED.,.F.,.F.,.F.)
B_SPLINE_SURFACE_WITH_KNOTS((4,4),(2,2),(-1.,0.),(0.,0.045),
 .UNSPECIFIED.)
GEOMETRIC_REPRESENTATION_ITEM()
RATIONAL_B_SPLINE_SURFACE(((1.,1.),(1.,1.),(1.,1.),(1.,1.)))
REPRESENTATION_ITEM('')
SURFACE()
);
#6529=ADVANCED_FACE('',(#182),#6281,.F.);
#6530=ADVANCED_FACE('',(#183),#6282,.F.);
#6531=ADVANCED_FACE('',(#184),#6283,.F.);
#6532=ADVANCED_FACE('',(#185),#6284,.F.);
#6533=ADVANCED_FACE('',(#186),#75,.F.);
#6534=ADVANCED_FACE('',(#187),#76,.F.);
#6535=ADVANCED_FACE('',(#188),#6285,.F.);
#6536=ADVANCED_FACE('',(#189),#6286,.F.);
#6537=ADVANCED_FACE('',(#190),#6287,.F.);
#6538=ADVANCED_FACE('',(#191),#6288,.F.);
#6539=ADVANCED_FACE('',(#192),#6289,.F.);
#6540=ADVANCED_FACE('',(#193),#6290,.F.);
#6541=ADVANCED_FACE('',(#194),#6291,.F.);
#6542=ADVANCED_FACE('',(#195),#6292,.F.);
#6543=ADVANCED_FACE('',(#196),#6293,.F.);
#6544=ADVANCED_FACE('',(#197),#6294,.F.);
#6545=ADVANCED_FACE('',(#198),#6295,.F.);
#6546=ADVANCED_FACE('',(#199),#6296,.F.);
#6547=ADVANCED_FACE('',(#200),#77,.F.);
#6548=ADVANCED_FACE('',(#201),#78,.F.);
#6549=ADVANCED_FACE('',(#202),#6297,.F.);
#6550=ADVANCED_FACE('',(#203),#6298,.F.);
#6551=ADVANCED_FACE('',(#204),#6299,.F.);
#6552=ADVANCED_FACE('',(#205),#6300,.F.);
#6553=ADVANCED_FACE('',(#206),#6301,.F.);
#6554=ADVANCED_FACE('',(#207),#6302,.F.);
#6555=ADVANCED_FACE('',(#208),#6303,.F.);
#6556=ADVANCED_FACE('',(#209),#6304,.F.);
#6557=ADVANCED_FACE('',(#210),#6305,.F.);
#6558=ADVANCED_FACE('',(#211),#6306,.F.);
#6559=ADVANCED_FACE('',(#212),#6307,.F.);
#6560=ADVANCED_FACE('',(#213),#6308,.F.);
#6561=ADVANCED_FACE('',(#214),#6309,.F.);
#6562=ADVANCED_FACE('',(#215),#6310,.F.);
#6563=ADVANCED_FACE('',(#216),#6311,.F.);
#6564=ADVANCED_FACE('',(#217),#6312,.F.);
#6565=ADVANCED_FACE('',(#218),#6313,.F.);
#6566=ADVANCED_FACE('',(#219),#6314,.F.);
#6567=ADVANCED_FACE('',(#220),#6315,.F.);
#6568=ADVANCED_FACE('',(#221),#6316,.F.);
#6569=ADVANCED_FACE('',(#222),#6317,.F.);
#6570=ADVANCED_FACE('',(#223),#6318,.F.);
#6571=ADVANCED_FACE('',(#224),#6319,.F.);
#6572=ADVANCED_FACE('',(#225),#79,.F.);
#6573=ADVANCED_FACE('',(#226),#80,.F.);
#6574=ADVANCED_FACE('',(#227),#6320,.F.);
#6575=ADVANCED_FACE('',(#228),#6321,.F.);
#6576=ADVANCED_FACE('',(#229),#6322,.F.);
#6577=ADVANCED_FACE('',(#230),#6323,.F.);
#6578=ADVANCED_FACE('',(#231),#81,.F.);
#6579=ADVANCED_FACE('',(#232),#82,.F.);
#6580=ADVANCED_FACE('',(#233),#6324,.F.);
#6581=ADVANCED_FACE('',(#234),#6325,.F.);
#6582=ADVANCED_FACE('',(#235),#83,.F.);
#6583=ADVANCED_FACE('',(#236),#84,.F.);
#6584=ADVANCED_FACE('',(#237),#85,.F.);
#6585=ADVANCED_FACE('',(#238),#6326,.F.);
#6586=ADVANCED_FACE('',(#239),#6327,.F.);
#6587=ADVANCED_FACE('',(#240),#6328,.F.);
#6588=ADVANCED_FACE('',(#241),#6329,.F.);
#6589=ADVANCED_FACE('',(#242),#6330,.F.);
#6590=ADVANCED_FACE('',(#243),#6331,.F.);
#6591=ADVANCED_FACE('',(#244),#6332,.F.);
#6592=ADVANCED_FACE('',(#245),#6333,.F.);
#6593=ADVANCED_FACE('',(#246),#6334,.F.);
#6594=ADVANCED_FACE('',(#247),#6335,.F.);
#6595=ADVANCED_FACE('',(#248),#6336,.F.);
#6596=ADVANCED_FACE('',(#249),#6337,.F.);
#6597=ADVANCED_FACE('',(#250),#6338,.F.);
#6598=ADVANCED_FACE('',(#251),#6339,.F.);
#6599=ADVANCED_FACE('',(#252),#6340,.F.);
#6600=ADVANCED_FACE('',(#253),#6341,.F.);
#6601=ADVANCED_FACE('',(#254),#6342,.F.);
#6602=ADVANCED_FACE('',(#255),#6343,.F.);
#6603=ADVANCED_FACE('',(#256),#6344,.F.);
#6604=ADVANCED_FACE('',(#257),#6345,.F.);
#6605=ADVANCED_FACE('',(#258),#6346,.F.);
#6606=ADVANCED_FACE('',(#259),#86,.F.);
#6607=ADVANCED_FACE('',(#260),#87,.F.);
#6608=ADVANCED_FACE('',(#261),#6347,.F.);
#6609=ADVANCED_FACE('',(#262),#6348,.F.);
#6610=ADVANCED_FACE('',(#263),#6349,.F.);
#6611=ADVANCED_FACE('',(#264),#6350,.F.);
#6612=ADVANCED_FACE('',(#265),#88,.F.);
#6613=ADVANCED_FACE('',(#266),#89,.F.);
#6614=ADVANCED_FACE('',(#267),#6351,.F.);
#6615=ADVANCED_FACE('',(#268),#6352,.F.);
#6616=ADVANCED_FACE('',(#269),#6353,.F.);
#6617=ADVANCED_FACE('',(#270),#6354,.F.);
#6618=ADVANCED_FACE('',(#271),#6355,.F.);
#6619=ADVANCED_FACE('',(#272),#6356,.F.);
#6620=ADVANCED_FACE('',(#273),#6357,.F.);
#6621=ADVANCED_FACE('',(#274),#6358,.F.);
#6622=ADVANCED_FACE('',(#275),#6359,.F.);
#6623=ADVANCED_FACE('',(#276),#6360,.F.);
#6624=ADVANCED_FACE('',(#277),#6361,.F.);
#6625=ADVANCED_FACE('',(#278),#6362,.F.);
#6626=ADVANCED_FACE('',(#279),#6363,.F.);
#6627=ADVANCED_FACE('',(#280),#6364,.F.);
#6628=ADVANCED_FACE('',(#281),#6365,.F.);
#6629=ADVANCED_FACE('',(#282),#6366,.F.);
#6630=ADVANCED_FACE('',(#283),#6367,.F.);
#6631=ADVANCED_FACE('',(#284),#6368,.F.);
#6632=ADVANCED_FACE('',(#285),#90,.F.);
#6633=ADVANCED_FACE('',(#286),#91,.F.);
#6634=ADVANCED_FACE('',(#287),#6369,.F.);
#6635=ADVANCED_FACE('',(#288),#6370,.F.);
#6636=ADVANCED_FACE('',(#289),#6371,.F.);
#6637=ADVANCED_FACE('',(#290),#6372,.F.);
#6638=ADVANCED_FACE('',(#291),#6373,.F.);
#6639=ADVANCED_FACE('',(#292),#6374,.F.);
#6640=ADVANCED_FACE('',(#293),#92,.F.);
#6641=ADVANCED_FACE('',(#294),#93,.F.);
#6642=ADVANCED_FACE('',(#295),#6375,.F.);
#6643=ADVANCED_FACE('',(#296),#6376,.F.);
#6644=ADVANCED_FACE('',(#297),#6377,.F.);
#6645=ADVANCED_FACE('',(#298),#6378,.F.);
#6646=ADVANCED_FACE('',(#299),#94,.F.);
#6647=ADVANCED_FACE('',(#300),#95,.F.);
#6648=ADVANCED_FACE('',(#301),#6379,.F.);
#6649=ADVANCED_FACE('',(#302),#6380,.F.);
#6650=ADVANCED_FACE('',(#303),#6381,.F.);
#6651=ADVANCED_FACE('',(#304),#6382,.F.);
#6652=ADVANCED_FACE('',(#305),#6383,.F.);
#6653=ADVANCED_FACE('',(#306),#96,.F.);
#6654=ADVANCED_FACE('',(#307),#97,.F.);
#6655=ADVANCED_FACE('',(#308),#6384,.F.);
#6656=ADVANCED_FACE('',(#309),#6385,.F.);
#6657=ADVANCED_FACE('',(#310),#6386,.F.);
#6658=ADVANCED_FACE('',(#311),#6387,.F.);
#6659=ADVANCED_FACE('',(#312),#98,.F.);
#6660=ADVANCED_FACE('',(#313),#99,.F.);
#6661=ADVANCED_FACE('',(#314),#6388,.F.);
#6662=ADVANCED_FACE('',(#315),#6389,.F.);
#6663=ADVANCED_FACE('',(#316),#6390,.F.);
#6664=ADVANCED_FACE('',(#317),#6391,.F.);
#6665=ADVANCED_FACE('',(#318),#6392,.F.);
#6666=ADVANCED_FACE('',(#319),#6393,.F.);
#6667=ADVANCED_FACE('',(#320),#6394,.F.);
#6668=ADVANCED_FACE('',(#321),#6395,.F.);
#6669=ADVANCED_FACE('',(#322),#6396,.F.);
#6670=ADVANCED_FACE('',(#323),#6397,.F.);
#6671=ADVANCED_FACE('',(#324),#6398,.F.);
#6672=ADVANCED_FACE('',(#325),#6399,.F.);
#6673=ADVANCED_FACE('',(#326),#6400,.F.);
#6674=ADVANCED_FACE('',(#327),#6401,.F.);
#6675=ADVANCED_FACE('',(#328),#6402,.F.);
#6676=ADVANCED_FACE('',(#329),#6403,.F.);
#6677=ADVANCED_FACE('',(#330),#6404,.F.);
#6678=ADVANCED_FACE('',(#331),#6405,.F.);
#6679=ADVANCED_FACE('',(#332),#6406,.F.);
#6680=ADVANCED_FACE('',(#333),#6407,.F.);
#6681=ADVANCED_FACE('',(#334),#6408,.F.);
#6682=ADVANCED_FACE('',(#335),#100,.F.);
#6683=ADVANCED_FACE('',(#336),#101,.F.);
#6684=ADVANCED_FACE('',(#337),#6409,.F.);
#6685=ADVANCED_FACE('',(#338),#6410,.F.);
#6686=ADVANCED_FACE('',(#339),#6411,.F.);
#6687=ADVANCED_FACE('',(#340),#6412,.F.);
#6688=ADVANCED_FACE('',(#341),#6413,.F.);
#6689=ADVANCED_FACE('',(#342),#6414,.F.);
#6690=ADVANCED_FACE('',(#343),#102,.F.);
#6691=ADVANCED_FACE('',(#344),#103,.F.);
#6692=ADVANCED_FACE('',(#345),#6415,.F.);
#6693=ADVANCED_FACE('',(#346),#6416,.F.);
#6694=ADVANCED_FACE('',(#347),#6417,.F.);
#6695=ADVANCED_FACE('',(#348),#6418,.F.);
#6696=ADVANCED_FACE('',(#349),#6419,.F.);
#6697=ADVANCED_FACE('',(#350),#6420,.F.);
#6698=ADVANCED_FACE('',(#351),#6421,.F.);
#6699=ADVANCED_FACE('',(#352),#6422,.F.);
#6700=ADVANCED_FACE('',(#353),#6423,.F.);
#6701=ADVANCED_FACE('',(#354),#6424,.F.);
#6702=ADVANCED_FACE('',(#355),#6425,.F.);
#6703=ADVANCED_FACE('',(#356),#6426,.F.);
#6704=ADVANCED_FACE('',(#357),#104,.F.);
#6705=ADVANCED_FACE('',(#358),#105,.F.);
#6706=ADVANCED_FACE('',(#359),#6427,.F.);
#6707=ADVANCED_FACE('',(#360),#6428,.F.);
#6708=ADVANCED_FACE('',(#361),#6429,.F.);
#6709=ADVANCED_FACE('',(#362),#6430,.F.);
#6710=ADVANCED_FACE('',(#363),#6431,.F.);
#6711=ADVANCED_FACE('',(#364),#6432,.F.);
#6712=ADVANCED_FACE('',(#365),#6433,.F.);
#6713=ADVANCED_FACE('',(#366),#6434,.F.);
#6714=ADVANCED_FACE('',(#367),#6435,.F.);
#6715=ADVANCED_FACE('',(#368),#6436,.F.);
#6716=ADVANCED_FACE('',(#369),#6437,.F.);
#6717=ADVANCED_FACE('',(#370),#106,.F.);
#6718=ADVANCED_FACE('',(#371),#107,.F.);
#6719=ADVANCED_FACE('',(#372),#6438,.F.);
#6720=ADVANCED_FACE('',(#373),#6439,.F.);
#6721=ADVANCED_FACE('',(#374),#6440,.F.);
#6722=ADVANCED_FACE('',(#375),#6441,.F.);
#6723=ADVANCED_FACE('',(#376),#6442,.F.);
#6724=ADVANCED_FACE('',(#377),#6443,.F.);
#6725=ADVANCED_FACE('',(#378),#6444,.F.);
#6726=ADVANCED_FACE('',(#379),#6445,.F.);
#6727=ADVANCED_FACE('',(#380),#108,.F.);
#6728=ADVANCED_FACE('',(#381),#109,.F.);
#6729=ADVANCED_FACE('',(#382),#6446,.F.);
#6730=ADVANCED_FACE('',(#383),#6447,.F.);
#6731=ADVANCED_FACE('',(#384),#6448,.F.);
#6732=ADVANCED_FACE('',(#385),#6449,.F.);
#6733=ADVANCED_FACE('',(#386),#6450,.F.);
#6734=ADVANCED_FACE('',(#387),#6451,.F.);
#6735=ADVANCED_FACE('',(#388),#110,.F.);
#6736=ADVANCED_FACE('',(#389),#111,.F.);
#6737=ADVANCED_FACE('',(#390),#6452,.F.);
#6738=ADVANCED_FACE('',(#391),#6453,.F.);
#6739=ADVANCED_FACE('',(#392),#6454,.F.);
#6740=ADVANCED_FACE('',(#393),#6455,.F.);
#6741=ADVANCED_FACE('',(#394),#112,.F.);
#6742=ADVANCED_FACE('',(#395),#113,.F.);
#6743=ADVANCED_FACE('',(#396),#6456,.F.);
#6744=ADVANCED_FACE('',(#397),#6457,.F.);
#6745=ADVANCED_FACE('',(#398),#6458,.F.);
#6746=ADVANCED_FACE('',(#399),#6459,.F.);
#6747=ADVANCED_FACE('',(#400),#6460,.F.);
#6748=ADVANCED_FACE('',(#401),#6461,.F.);
#6749=ADVANCED_FACE('',(#402),#6462,.F.);
#6750=ADVANCED_FACE('',(#403),#6463,.F.);
#6751=ADVANCED_FACE('',(#404),#6464,.F.);
#6752=ADVANCED_FACE('',(#405),#114,.F.);
#6753=ADVANCED_FACE('',(#406),#115,.F.);
#6754=ADVANCED_FACE('',(#407),#6465,.F.);
#6755=ADVANCED_FACE('',(#408),#6466,.F.);
#6756=ADVANCED_FACE('',(#409),#6467,.F.);
#6757=ADVANCED_FACE('',(#410),#6468,.F.);
#6758=ADVANCED_FACE('',(#411),#6469,.F.);
#6759=ADVANCED_FACE('',(#412),#116,.F.);
#6760=ADVANCED_FACE('',(#413),#117,.F.);
#6761=ADVANCED_FACE('',(#414),#6470,.F.);
#6762=ADVANCED_FACE('',(#415),#6471,.F.);
#6763=ADVANCED_FACE('',(#416),#6472,.F.);
#6764=ADVANCED_FACE('',(#417),#6473,.F.);
#6765=ADVANCED_FACE('',(#418),#6474,.F.);
#6766=ADVANCED_FACE('',(#419),#6475,.F.);
#6767=ADVANCED_FACE('',(#420),#6476,.F.);
#6768=ADVANCED_FACE('',(#421),#6477,.F.);
#6769=ADVANCED_FACE('',(#422),#6478,.F.);
#6770=ADVANCED_FACE('',(#423),#6479,.F.);
#6771=ADVANCED_FACE('',(#424),#6480,.F.);
#6772=ADVANCED_FACE('',(#425),#6481,.F.);
#6773=ADVANCED_FACE('',(#426),#6482,.F.);
#6774=ADVANCED_FACE('',(#427),#6483,.F.);
#6775=ADVANCED_FACE('',(#428),#6484,.F.);
#6776=ADVANCED_FACE('',(#429),#6485,.F.);
#6777=ADVANCED_FACE('',(#430),#6486,.F.);
#6778=ADVANCED_FACE('',(#431),#6487,.F.);
#6779=ADVANCED_FACE('',(#432),#6488,.F.);
#6780=ADVANCED_FACE('',(#433),#6489,.F.);
#6781=ADVANCED_FACE('',(#434),#6490,.F.);
#6782=ADVANCED_FACE('',(#435),#6491,.F.);
#6783=ADVANCED_FACE('',(#436),#6492,.F.);
#6784=ADVANCED_FACE('',(#437),#6493,.F.);
#6785=ADVANCED_FACE('',(#438),#6494,.F.);
#6786=ADVANCED_FACE('',(#439),#6495,.F.);
#6787=ADVANCED_FACE('',(#440),#6496,.F.);
#6788=ADVANCED_FACE('',(#441),#6497,.F.);
#6789=ADVANCED_FACE('',(#442),#6498,.F.);
#6790=ADVANCED_FACE('',(#443),#6499,.F.);
#6791=ADVANCED_FACE('',(#444),#6500,.F.);
#6792=ADVANCED_FACE('',(#445),#6501,.F.);
#6793=ADVANCED_FACE('',(#446),#6502,.F.);
#6794=ADVANCED_FACE('',(#447),#6503,.F.);
#6795=ADVANCED_FACE('',(#448),#6504,.F.);
#6796=ADVANCED_FACE('',(#449),#6505,.F.);
#6797=ADVANCED_FACE('',(#450),#6506,.F.);
#6798=ADVANCED_FACE('',(#451),#6507,.F.);
#6799=ADVANCED_FACE('',(#452),#6508,.F.);
#6800=ADVANCED_FACE('',(#453),#6509,.F.);
#6801=ADVANCED_FACE('',(#454),#6510,.F.);
#6802=ADVANCED_FACE('',(#455),#6511,.F.);
#6803=ADVANCED_FACE('',(#456,#39,#40,#41,#42,#43),#118,.T.);
#6804=ADVANCED_FACE('',(#457),#6512,.F.);
#6805=ADVANCED_FACE('',(#458),#6513,.F.);
#6806=ADVANCED_FACE('',(#459),#119,.F.);
#6807=ADVANCED_FACE('',(#460),#120,.F.);
#6808=ADVANCED_FACE('',(#461),#6514,.F.);
#6809=ADVANCED_FACE('',(#462),#6515,.F.);
#6810=ADVANCED_FACE('',(#463),#6516,.F.);
#6811=ADVANCED_FACE('',(#464),#6517,.F.);
#6812=ADVANCED_FACE('',(#465),#6518,.F.);
#6813=ADVANCED_FACE('',(#466),#6519,.F.);
#6814=ADVANCED_FACE('',(#467),#6520,.F.);
#6815=ADVANCED_FACE('',(#468),#6521,.F.);
#6816=ADVANCED_FACE('',(#469),#6522,.F.);
#6817=ADVANCED_FACE('',(#470),#121,.T.);
#6818=ADVANCED_FACE('',(#471),#6523,.F.);
#6819=ADVANCED_FACE('',(#472),#6524,.F.);
#6820=ADVANCED_FACE('',(#473),#6525,.F.);
#6821=ADVANCED_FACE('',(#474),#6526,.F.);
#6822=ADVANCED_FACE('',(#475),#6527,.F.);
#6823=ADVANCED_FACE('',(#476),#6528,.F.);
#6824=ADVANCED_FACE('',(#477),#122,.T.);
#6825=ADVANCED_FACE('',(#478),#123,.T.);
#6826=ADVANCED_FACE('',(#479),#124,.T.);
#6827=ADVANCED_FACE('',(#480),#125,.T.);
#6828=ADVANCED_FACE('',(#481),#126,.T.);
#6829=ADVANCED_FACE('',(#482),#127,.T.);
#6830=ADVANCED_FACE('',(#483),#128,.F.);
#6831=ADVANCED_FACE('',(#484),#129,.F.);
#6832=ADVANCED_FACE('',(#485),#130,.F.);
#6833=ADVANCED_FACE('',(#486),#131,.F.);
#6834=ADVANCED_FACE('',(#487),#31,.T.);
#6835=ADVANCED_FACE('',(#488,#44),#132,.T.);
#6836=ADVANCED_FACE('',(#489),#32,.T.);
#6837=ADVANCED_FACE('',(#490,#45),#133,.T.);
#6838=ADVANCED_FACE('',(#491),#33,.T.);
#6839=ADVANCED_FACE('',(#492,#46),#134,.T.);
#6840=ADVANCED_FACE('',(#493),#34,.T.);
#6841=ADVANCED_FACE('',(#494,#47),#135,.T.);
#6842=ADVANCED_FACE('',(#495),#136,.F.);
#6843=ADVANCED_FACE('',(#496),#137,.F.);
#6844=ADVANCED_FACE('',(#497),#138,.F.);
#6845=ADVANCED_FACE('',(#498),#139,.F.);
#6846=ADVANCED_FACE('',(#499),#140,.F.);
#6847=ADVANCED_FACE('',(#500),#141,.F.);
#6848=ADVANCED_FACE('',(#501),#142,.F.);
#6849=ADVANCED_FACE('',(#502),#143,.F.);
#6850=ADVANCED_FACE('',(#503),#144,.F.);
#6851=ADVANCED_FACE('',(#504),#145,.F.);
#6852=ADVANCED_FACE('',(#505),#146,.F.);
#6853=ADVANCED_FACE('',(#506),#147,.F.);
#6854=ADVANCED_FACE('',(#507),#148,.F.);
#6855=ADVANCED_FACE('',(#508),#149,.F.);
#6856=ADVANCED_FACE('',(#509),#150,.F.);
#6857=ADVANCED_FACE('',(#510),#151,.F.);
#6858=ADVANCED_FACE('',(#511),#152,.F.);
#6859=ADVANCED_FACE('',(#512),#153,.F.);
#6860=ADVANCED_FACE('',(#513),#154,.F.);
#6861=ADVANCED_FACE('',(#514),#155,.F.);
#6862=ADVANCED_FACE('',(#515),#156,.F.);
#6863=ADVANCED_FACE('',(#516),#157,.F.);
#6864=ADVANCED_FACE('',(#517),#158,.F.);
#6865=ADVANCED_FACE('',(#518),#159,.F.);
#6866=ADVANCED_FACE('',(#519),#160,.F.);
#6867=ADVANCED_FACE('',(#520),#161,.F.);
#6868=ADVANCED_FACE('',(#521),#162,.F.);
#6869=ADVANCED_FACE('',(#522),#163,.F.);
#6870=ADVANCED_FACE('',(#523),#164,.F.);
#6871=ADVANCED_FACE('',(#524),#165,.F.);
#6872=ADVANCED_FACE('',(#525),#166,.F.);
#6873=ADVANCED_FACE('',(#526),#167,.F.);
#6874=ADVANCED_FACE('',(#527),#168,.F.);
#6875=ADVANCED_FACE('',(#528),#169,.F.);
#6876=ADVANCED_FACE('',(#529),#170,.F.);
#6877=ADVANCED_FACE('',(#530),#171,.F.);
#6878=ADVANCED_FACE('',(#531),#172,.T.);
#6879=ADVANCED_FACE('',(#532),#173,.T.);
#6880=ADVANCED_FACE('',(#533),#174,.T.);
#6881=ADVANCED_FACE('',(#534),#175,.T.);
#6882=ADVANCED_FACE('',(#535,#48,#49,#50,#51,#52,#53,#54,#55,#56,#57,#58,
#59,#60),#176,.T.);
#6883=ADVANCED_FACE('',(#536,#61,#62,#63,#64,#65,#66,#67,#68,#69,#70,#71,
#72,#73,#74),#177,.F.);
#6884=ADVANCED_FACE('',(#537),#35,.F.);
#6885=ADVANCED_FACE('',(#538),#178,.F.);
#6886=ADVANCED_FACE('',(#539),#36,.F.);
#6887=ADVANCED_FACE('',(#540),#179,.F.);
#6888=ADVANCED_FACE('',(#541),#37,.F.);
#6889=ADVANCED_FACE('',(#542),#180,.F.);
#6890=ADVANCED_FACE('',(#543),#38,.F.);
#6891=ADVANCED_FACE('',(#544),#181,.F.);
#6892=CLOSED_SHELL('',(#6529,#6530,#6531,#6532,#6533,#6534,#6535,#6536,
#6537,#6538,#6539,#6540,#6541,#6542,#6543,#6544,#6545,#6546,#6547,#6548,
#6549,#6550,#6551,#6552,#6553,#6554,#6555,#6556,#6557,#6558,#6559,#6560,
#6561,#6562,#6563,#6564,#6565,#6566,#6567,#6568,#6569,#6570,#6571,#6572,
#6573,#6574,#6575,#6576,#6577,#6578,#6579,#6580,#6581,#6582,#6583,#6584,
#6585,#6586,#6587,#6588,#6589,#6590,#6591,#6592,#6593,#6594,#6595,#6596,
#6597,#6598,#6599,#6600,#6601,#6602,#6603,#6604,#6605,#6606,#6607,#6608,
#6609,#6610,#6611,#6612,#6613,#6614,#6615,#6616,#6617,#6618,#6619,#6620,
#6621,#6622,#6623,#6624,#6625,#6626,#6627,#6628,#6629,#6630,#6631,#6632,
#6633,#6634,#6635,#6636,#6637,#6638,#6639,#6640,#6641,#6642,#6643,#6644,
#6645,#6646,#6647,#6648,#6649,#6650,#6651,#6652,#6653,#6654,#6655,#6656,
#6657,#6658,#6659,#6660,#6661,#6662,#6663,#6664,#6665,#6666,#6667,#6668,
#6669,#6670,#6671,#6672,#6673,#6674,#6675,#6676,#6677,#6678,#6679,#6680,
#6681,#6682,#6683,#6684,#6685,#6686,#6687,#6688,#6689,#6690,#6691,#6692,
#6693,#6694,#6695,#6696,#6697,#6698,#6699,#6700,#6701,#6702,#6703,#6704,
#6705,#6706,#6707,#6708,#6709,#6710,#6711,#6712,#6713,#6714,#6715,#6716,
#6717,#6718,#6719,#6720,#6721,#6722,#6723,#6724,#6725,#6726,#6727,#6728,
#6729,#6730,#6731,#6732,#6733,#6734,#6735,#6736,#6737,#6738,#6739,#6740,
#6741,#6742,#6743,#6744,#6745,#6746,#6747,#6748,#6749,#6750,#6751,#6752,
#6753,#6754,#6755,#6756,#6757,#6758,#6759,#6760,#6761,#6762,#6763,#6764,
#6765,#6766,#6767,#6768,#6769,#6770,#6771,#6772,#6773,#6774,#6775,#6776,
#6777,#6778,#6779,#6780,#6781,#6782,#6783,#6784,#6785,#6786,#6787,#6788,
#6789,#6790,#6791,#6792,#6793,#6794,#6795,#6796,#6797,#6798,#6799,#6800,
#6801,#6802,#6803,#6804,#6805,#6806,#6807,#6808,#6809,#6810,#6811,#6812,
#6813,#6814,#6815,#6816,#6817,#6818,#6819,#6820,#6821,#6822,#6823,#6824,
#6825,#6826,#6827,#6828,#6829,#6830,#6831,#6832,#6833,#6834,#6835,#6836,
#6837,#6838,#6839,#6840,#6841,#6842,#6843,#6844,#6845,#6846,#6847,#6848,
#6849,#6850,#6851,#6852,#6853,#6854,#6855,#6856,#6857,#6858,#6859,#6860,
#6861,#6862,#6863,#6864,#6865,#6866,#6867,#6868,#6869,#6870,#6871,#6872,
#6873,#6874,#6875,#6876,#6877,#6878,#6879,#6880,#6881,#6882,#6883,#6884,
#6885,#6886,#6887,#6888,#6889,#6890,#6891));
#6893=DERIVED_UNIT_ELEMENT(#6895,1.);
#6894=DERIVED_UNIT_ELEMENT(#13142,-3.);
#6895=(
MASS_UNIT()
NAMED_UNIT(*)
SI_UNIT(.KILO.,.GRAM.)
);
#6896=DERIVED_UNIT((#6893,#6894));
#6897=MEASURE_REPRESENTATION_ITEM('density measure',
POSITIVE_RATIO_MEASURE(7850.),#6896);
#6898=PROPERTY_DEFINITION_REPRESENTATION(#6903,#6900);
#6899=PROPERTY_DEFINITION_REPRESENTATION(#6904,#6901);
#6900=REPRESENTATION('material name',(#6902),#13139);
#6901=REPRESENTATION('density',(#6897),#13139);
#6902=DESCRIPTIVE_REPRESENTATION_ITEM('Acier','Acier');
#6903=PROPERTY_DEFINITION('material property','material name',#13149);
#6904=PROPERTY_DEFINITION('material property','density of part',#13149);
#6905=AXIS2_PLACEMENT_3D('',#7824,#7037,#7038);
#6906=AXIS2_PLACEMENT_3D('',#7904,#7044,#7045);
#6907=AXIS2_PLACEMENT_3D('',#7910,#7049,#7050);
#6908=AXIS2_PLACEMENT_3D('',#8144,#7066,#7067);
#6909=AXIS2_PLACEMENT_3D('',#8150,#7071,#7072);
#6910=AXIS2_PLACEMENT_3D('',#8593,#7099,#7100);
#6911=AXIS2_PLACEMENT_3D('',#8599,#7104,#7105);
#6912=AXIS2_PLACEMENT_3D('',#8681,#7113,#7114);
#6913=AXIS2_PLACEMENT_3D('',#8687,#7118,#7119);
#6914=AXIS2_PLACEMENT_3D('',#8731,#7125,#7126);
#6915=AXIS2_PLACEMENT_3D('',#8737,#7130,#7131);
#6916=AXIS2_PLACEMENT_3D('',#8743,#7135,#7136);
#6917=AXIS2_PLACEMENT_3D('',#9148,#7161,#7162);
#6918=AXIS2_PLACEMENT_3D('',#9154,#7166,#7167);
#6919=AXIS2_PLACEMENT_3D('',#9236,#7175,#7176);
#6920=AXIS2_PLACEMENT_3D('',#9242,#7180,#7181);
#6921=AXIS2_PLACEMENT_3D('',#9590,#7203,#7204);
#6922=AXIS2_PLACEMENT_3D('',#9596,#7208,#7209);
#6923=AXIS2_PLACEMENT_3D('',#9716,#7219,#7220);
#6924=AXIS2_PLACEMENT_3D('',#9722,#7224,#7225);
#6925=AXIS2_PLACEMENT_3D('',#9804,#7233,#7234);
#6926=AXIS2_PLACEMENT_3D('',#9810,#7238,#7239);
#6927=AXIS2_PLACEMENT_3D('',#9911,#7248,#7249);
#6928=AXIS2_PLACEMENT_3D('',#9917,#7253,#7254);
#6929=AXIS2_PLACEMENT_3D('',#9999,#7262,#7263);
#6930=AXIS2_PLACEMENT_3D('',#10005,#7267,#7268);
#6931=AXIS2_PLACEMENT_3D('',#10410,#7293,#7294);
#6932=AXIS2_PLACEMENT_3D('',#10416,#7298,#7299);
#6933=AXIS2_PLACEMENT_3D('',#10536,#7309,#7310);
#6934=AXIS2_PLACEMENT_3D('',#10542,#7314,#7315);
#6935=AXIS2_PLACEMENT_3D('',#10776,#7331,#7332);
#6936=AXIS2_PLACEMENT_3D('',#10782,#7336,#7337);
#6937=AXIS2_PLACEMENT_3D('',#10997,#7352,#7353);
#6938=AXIS2_PLACEMENT_3D('',#11003,#7357,#7358);
#6939=AXIS2_PLACEMENT_3D('',#11161,#7370,#7371);
#6940=AXIS2_PLACEMENT_3D('',#11167,#7375,#7376);
#6941=AXIS2_PLACEMENT_3D('',#11287,#7386,#7387);
#6942=AXIS2_PLACEMENT_3D('',#11293,#7391,#7392);
#6943=AXIS2_PLACEMENT_3D('',#11375,#7400,#7401);
#6944=AXIS2_PLACEMENT_3D('',#11381,#7405,#7406);
#6945=AXIS2_PLACEMENT_3D('',#11558,#7419,#7420);
#6946=AXIS2_PLACEMENT_3D('',#11564,#7424,#7425);
#6947=AXIS2_PLACEMENT_3D('',#11665,#7434,#7435);
#6948=AXIS2_PLACEMENT_3D('',#11671,#7439,#7440);
#6949=AXIS2_PLACEMENT_3D('',#12472,#7485,#7486);
#6950=AXIS2_PLACEMENT_3D('',#12514,#7490,#7491);
#6951=AXIS2_PLACEMENT_3D('',#12520,#7495,#7496);
#6952=AXIS2_PLACEMENT_3D('',#12694,#7508,#7509);
#6953=AXIS2_PLACEMENT_3D('',#12809,#7516,#7517);
#6954=AXIS2_PLACEMENT_3D('',#12810,#7518,#7519);
#6955=AXIS2_PLACEMENT_3D('',#12811,#7520,#7521);
#6956=AXIS2_PLACEMENT_3D('',#12812,#7522,#7523);
#6957=AXIS2_PLACEMENT_3D('',#12813,#7524,#7525);
#6958=AXIS2_PLACEMENT_3D('',#12814,#7526,#7527);
#6959=AXIS2_PLACEMENT_3D('',#12815,#7528,#7529);
#6960=AXIS2_PLACEMENT_3D('',#12824,#7534,#7535);
#6961=AXIS2_PLACEMENT_3D('',#12830,#7539,#7540);
#6962=AXIS2_PLACEMENT_3D('',#12836,#7544,#7545);
#6963=AXIS2_PLACEMENT_3D('',#12839,#7548,#7549);
#6964=AXIS2_PLACEMENT_3D('',#12841,#7550,#7551);
#6965=AXIS2_PLACEMENT_3D('',#12844,#7553,#7554);
#6966=AXIS2_PLACEMENT_3D('',#12845,#7555,#7556);
#6967=AXIS2_PLACEMENT_3D('',#12847,#7557,#7558);
#6968=AXIS2_PLACEMENT_3D('',#12848,#7559,#7560);
#6969=AXIS2_PLACEMENT_3D('',#12850,#7561,#7562);
#6970=AXIS2_PLACEMENT_3D('',#12853,#7564,#7565);
#6971=AXIS2_PLACEMENT_3D('',#12854,#7566,#7567);
#6972=AXIS2_PLACEMENT_3D('',#12856,#7568,#7569);
#6973=AXIS2_PLACEMENT_3D('',#12857,#7570,#7571);
#6974=AXIS2_PLACEMENT_3D('',#12859,#7572,#7573);
#6975=AXIS2_PLACEMENT_3D('',#12862,#7575,#7576);
#6976=AXIS2_PLACEMENT_3D('',#12863,#7577,#7578);
#6977=AXIS2_PLACEMENT_3D('',#12865,#7579,#7580);
#6978=AXIS2_PLACEMENT_3D('',#12866,#7581,#7582);
#6979=AXIS2_PLACEMENT_3D('',#12868,#7583,#7584);
#6980=AXIS2_PLACEMENT_3D('',#12871,#7586,#7587);
#6981=AXIS2_PLACEMENT_3D('',#12872,#7588,#7589);
#6982=AXIS2_PLACEMENT_3D('',#12874,#7590,#7591);
#6983=AXIS2_PLACEMENT_3D('',#12875,#7592,#7593);
#6984=AXIS2_PLACEMENT_3D('',#12884,#7598,#7599);
#6985=AXIS2_PLACEMENT_3D('',#12890,#7603,#7604);
#6986=AXIS2_PLACEMENT_3D('',#12896,#7608,#7609);
#6987=AXIS2_PLACEMENT_3D('',#12899,#7612,#7613);
#6988=AXIS2_PLACEMENT_3D('',#12908,#7618,#7619);
#6989=AXIS2_PLACEMENT_3D('',#12914,#7623,#7624);
#6990=AXIS2_PLACEMENT_3D('',#12920,#7628,#7629);
#6991=AXIS2_PLACEMENT_3D('',#12923,#7632,#7633);
#6992=AXIS2_PLACEMENT_3D('',#12932,#7638,#7639);
#6993=AXIS2_PLACEMENT_3D('',#12938,#7643,#7644);
#6994=AXIS2_PLACEMENT_3D('',#12944,#7648,#7649);
#6995=AXIS2_PLACEMENT_3D('',#12947,#7652,#7653);
#6996=AXIS2_PLACEMENT_3D('',#12956,#7658,#7659);
#6997=AXIS2_PLACEMENT_3D('',#12962,#7663,#7664);
#6998=AXIS2_PLACEMENT_3D('',#12968,#7668,#7669);
#6999=AXIS2_PLACEMENT_3D('',#12971,#7672,#7673);
#7000=AXIS2_PLACEMENT_3D('',#12980,#7678,#7679);
#7001=AXIS2_PLACEMENT_3D('',#12986,#7683,#7684);
#7002=AXIS2_PLACEMENT_3D('',#12992,#7688,#7689);
#7003=AXIS2_PLACEMENT_3D('',#12995,#7692,#7693);
#7004=AXIS2_PLACEMENT_3D('',#13004,#7698,#7699);
#7005=AXIS2_PLACEMENT_3D('',#13010,#7703,#7704);
#7006=AXIS2_PLACEMENT_3D('',#13016,#7708,#7709);
#7007=AXIS2_PLACEMENT_3D('',#13019,#7712,#7713);
#7008=AXIS2_PLACEMENT_3D('',#13028,#7718,#7719);
#7009=AXIS2_PLACEMENT_3D('',#13034,#7723,#7724);
#7010=AXIS2_PLACEMENT_3D('',#13040,#7728,#7729);
#7011=AXIS2_PLACEMENT_3D('',#13043,#7732,#7733);
#7012=AXIS2_PLACEMENT_3D('',#13052,#7738,#7739);
#7013=AXIS2_PLACEMENT_3D('',#13058,#7743,#7744);
#7014=AXIS2_PLACEMENT_3D('',#13064,#7748,#7749);
#7015=AXIS2_PLACEMENT_3D('',#13067,#7752,#7753);
#7016=AXIS2_PLACEMENT_3D('',#13076,#7758,#7759);
#7017=AXIS2_PLACEMENT_3D('',#13082,#7763,#7764);
#7018=AXIS2_PLACEMENT_3D('',#13088,#7768,#7769);
#7019=AXIS2_PLACEMENT_3D('',#13091,#7772,#7773);
#7020=AXIS2_PLACEMENT_3D('',#13100,#7778,#7779);
#7021=AXIS2_PLACEMENT_3D('',#13106,#7783,#7784);
#7022=AXIS2_PLACEMENT_3D('',#13112,#7788,#7789);
#7023=AXIS2_PLACEMENT_3D('',#13115,#7792,#7793);
#7024=AXIS2_PLACEMENT_3D('',#13116,#7794,#7795);
#7025=AXIS2_PLACEMENT_3D('',#13117,#7796,#7797);
#7026=AXIS2_PLACEMENT_3D('',#13120,#7799,#7800);
#7027=AXIS2_PLACEMENT_3D('',#13121,#7801,#7802);
#7028=AXIS2_PLACEMENT_3D('',#13122,#7803,#7804);
#7029=AXIS2_PLACEMENT_3D('',#13125,#7806,#7807);
#7030=AXIS2_PLACEMENT_3D('',#13126,#7808,#7809);
#7031=AXIS2_PLACEMENT_3D('',#13127,#7810,#7811);
#7032=AXIS2_PLACEMENT_3D('',#13130,#7813,#7814);
#7033=AXIS2_PLACEMENT_3D('',#13131,#7815,#7816);
#7034=AXIS2_PLACEMENT_3D('',#13132,#7817,#7818);
#7035=AXIS2_PLACEMENT_3D('',#13135,#7820,#7821);
#7036=AXIS2_PLACEMENT_3D('',#13136,#7822,#7823);
#7037=DIRECTION('axis',(0.,0.,1.));
#7038=DIRECTION('refdir',(1.,0.,0.));
#7039=DIRECTION('',(0.,0.,-1.));
#7040=DIRECTION('',(0.,0.,-1.));
#7041=DIRECTION('',(0.,0.,-1.));
#7042=DIRECTION('',(0.,0.,-1.));
#7043=DIRECTION('',(0.,0.,-1.));
#7044=DIRECTION('center_axis',(-0.588171697675022,0.808736084303206,0.));
#7045=DIRECTION('ref_axis',(0.808736084303206,0.588171697675022,0.));
#7046=DIRECTION('',(0.808736084303206,0.588171697675022,0.));
#7047=DIRECTION('',(0.,0.,-1.));
#7048=DIRECTION('',(0.808736084303206,0.588171697675022,0.));
#7049=DIRECTION('center_axis',(0.786318338822434,-0.61782155193189,0.));
#7050=DIRECTION('ref_axis',(-0.61782155193189,-0.786318338822434,0.));
#7051=DIRECTION('',(-0.61782155193189,-0.786318338822434,0.));
#7052=DIRECTION('',(0.,0.,-1.));
#7053=DIRECTION('',(-0.61782155193189,-0.786318338822434,0.));
#7054=DIRECTION('',(0.,0.,-1.));
#7055=DIRECTION('',(0.,0.,-1.));
#7056=DIRECTION('',(0.,0.,-1.));
#7057=DIRECTION('',(0.,0.,-1.));
#7058=DIRECTION('',(0.,0.,-1.));
#7059=DIRECTION('',(0.,0.,-1.));
#7060=DIRECTION('',(0.,0.,-1.));
#7061=DIRECTION('',(0.,0.,-1.));
#7062=DIRECTION('',(0.,0.,-1.));
#7063=DIRECTION('',(0.,0.,-1.));
#7064=DIRECTION('',(0.,0.,-1.));
#7065=DIRECTION('',(0.,0.,-1.));
#7066=DIRECTION('center_axis',(0.945190205468118,-0.326520252797796,0.));
#7067=DIRECTION('ref_axis',(-0.326520252797796,-0.945190205468118,0.));
#7068=DIRECTION('',(-0.326520252797796,-0.945190205468118,0.));
#7069=DIRECTION('',(0.,0.,-1.));
#7070=DIRECTION('',(-0.326520252797796,-0.945190205468118,0.));
#7071=DIRECTION('center_axis',(-0.996639273541674,0.0819155567296197,0.));
#7072=DIRECTION('ref_axis',(0.0819155567296197,0.996639273541674,0.));
#7073=DIRECTION('',(0.0819155567296197,0.996639273541674,0.));
#7074=DIRECTION('',(0.,0.,-1.));
#7075=DIRECTION('',(0.0819155567296197,0.996639273541674,0.));
#7076=DIRECTION('',(0.,0.,-1.));
#7077=DIRECTION('',(0.,0.,-1.));
#7078=DIRECTION('',(0.,0.,-1.));
#7079=DIRECTION('',(0.,0.,-1.));
#7080=DIRECTION('',(0.,0.,-1.));
#7081=DIRECTION('',(0.,0.,-1.));
#7082=DIRECTION('',(0.,0.,-1.));
#7083=DIRECTION('',(0.,0.,-1.));
#7084=DIRECTION('',(0.,0.,-1.));
#7085=DIRECTION('',(0.,0.,-1.));
#7086=DIRECTION('',(0.,0.,-1.));
#7087=DIRECTION('',(0.,0.,-1.));
#7088=DIRECTION('',(0.,0.,-1.));
#7089=DIRECTION('',(0.,0.,-1.));
#7090=DIRECTION('',(0.,0.,-1.));
#7091=DIRECTION('',(0.,0.,-1.));
#7092=DIRECTION('',(0.,0.,-1.));
#7093=DIRECTION('',(0.,0.,-1.));
#7094=DIRECTION('',(0.,0.,-1.));
#7095=DIRECTION('',(0.,0.,-1.));
#7096=DIRECTION('',(0.,0.,-1.));
#7097=DIRECTION('',(0.,0.,-1.));
#7098=DIRECTION('',(0.,0.,-1.));
#7099=DIRECTION('center_axis',(-0.71500666901293,0.699117631924009,0.));
#7100=DIRECTION('ref_axis',(0.699117631924009,0.71500666901293,0.));
#7101=DIRECTION('',(0.699117631924009,0.71500666901293,0.));
#7102=DIRECTION('',(0.,0.,-1.));
#7103=DIRECTION('',(0.699117631924009,0.71500666901293,0.));
#7104=DIRECTION('center_axis',(0.993263139087258,-0.115880699560052,0.));
#7105=DIRECTION('ref_axis',(-0.115880699560052,-0.993263139087258,0.));
#7106=DIRECTION('',(-0.115880699560052,-0.993263139087258,0.));
#7107=DIRECTION('',(0.,0.,-1.));
#7108=DIRECTION('',(-0.115880699560052,-0.993263139087258,0.));
#7109=DIRECTION('',(0.,0.,-1.));
#7110=DIRECTION('',(0.,0.,-1.));
#7111=DIRECTION('',(0.,0.,-1.));
#7112=DIRECTION('',(0.,0.,-1.));
#7113=DIRECTION('center_axis',(0.998204845465771,0.0598922907280808,0.));
#7114=DIRECTION('ref_axis',(0.0598922907280808,-0.998204845465771,0.));
#7115=DIRECTION('',(0.0598922907280808,-0.998204845465771,0.));
#7116=DIRECTION('',(0.,0.,-1.));
#7117=DIRECTION('',(0.0598922907280808,-0.998204845465771,0.));
#7118=DIRECTION('center_axis',(-0.793606361291885,0.608431543657176,0.));
#7119=DIRECTION('ref_axis',(0.608431543657176,0.793606361291885,0.));
#7120=DIRECTION('',(0.608431543657176,0.793606361291885,0.));
#7121=DIRECTION('',(0.,0.,-1.));
#7122=DIRECTION('',(0.608431543657176,0.793606361291885,0.));
#7123=DIRECTION('',(0.,0.,-1.));
#7124=DIRECTION('',(0.,0.,-1.));
#7125=DIRECTION('center_axis',(-0.671279432626712,0.741204373524846,0.));
#7126=DIRECTION('ref_axis',(0.741204373524846,0.671279432626712,0.));
#7127=DIRECTION('',(0.741204373524846,0.671279432626712,0.));
#7128=DIRECTION('',(0.,0.,-1.));
#7129=DIRECTION('',(0.741204373524846,0.671279432626712,0.));
#7130=DIRECTION('center_axis',(0.992645877550528,0.121054375311025,0.));
#7131=DIRECTION('ref_axis',(0.121054375311025,-0.992645877550528,0.));
#7132=DIRECTION('',(0.121054375311025,-0.992645877550528,0.));
#7133=DIRECTION('',(0.,0.,-1.));
#7134=DIRECTION('',(0.121054375311025,-0.992645877550528,0.));
#7135=DIRECTION('center_axis',(-0.768221279597365,0.640184399664493,0.));
#7136=DIRECTION('ref_axis',(0.640184399664493,0.768221279597365,0.));
#7137=DIRECTION('',(0.640184399664493,0.768221279597365,0.));
#7138=DIRECTION('',(0.,0.,-1.));
#7139=DIRECTION('',(0.640184399664493,0.768221279597365,0.));
#7140=DIRECTION('',(0.,0.,-1.));
#7141=DIRECTION('',(0.,0.,-1.));
#7142=DIRECTION('',(0.,0.,-1.));
#7143=DIRECTION('',(0.,0.,-1.));
#7144=DIRECTION('',(0.,0.,-1.));
#7145=DIRECTION('',(0.,0.,-1.));
#7146=DIRECTION('',(0.,0.,-1.));
#7147=DIRECTION('',(0.,0.,-1.));
#7148=DIRECTION('',(0.,0.,-1.));
#7149=DIRECTION('',(0.,0.,-1.));
#7150=DIRECTION('',(0.,0.,-1.));
#7151=DIRECTION('',(0.,0.,-1.));
#7152=DIRECTION('',(0.,0.,-1.));
#7153=DIRECTION('',(0.,0.,-1.));
#7154=DIRECTION('',(0.,0.,-1.));
#7155=DIRECTION('',(0.,0.,-1.));
#7156=DIRECTION('',(0.,0.,-1.));
#7157=DIRECTION('',(0.,0.,-1.));
#7158=DIRECTION('',(0.,0.,-1.));
#7159=DIRECTION('',(0.,0.,-1.));
#7160=DIRECTION('',(0.,0.,-1.));
#7161=DIRECTION('center_axis',(0.304775727103726,-0.952424147199343,0.));
#7162=DIRECTION('ref_axis',(-0.952424147199343,-0.304775727103725,0.));
#7163=DIRECTION('',(-0.952424147199343,-0.304775727103725,0.));
#7164=DIRECTION('',(0.,0.,-1.));
#7165=DIRECTION('',(-0.952424147199343,-0.304775727103725,0.));
#7166=DIRECTION('center_axis',(0.0399680383490733,0.999200958721781,0.));
#7167=DIRECTION('ref_axis',(0.999200958721781,-0.0399680383490733,0.));
#7168=DIRECTION('',(0.999200958721781,-0.0399680383490733,0.));
#7169=DIRECTION('',(0.,0.,-1.));
#7170=DIRECTION('',(0.999200958721781,-0.0399680383490733,0.));
#7171=DIRECTION('',(0.,0.,-1.));
#7172=DIRECTION('',(0.,0.,-1.));
#7173=DIRECTION('',(0.,0.,-1.));
#7174=DIRECTION('',(0.,0.,-1.));
#7175=DIRECTION('center_axis',(0.696934143640185,-0.717135133310676,0.));
#7176=DIRECTION('ref_axis',(-0.717135133310676,-0.696934143640185,0.));
#7177=DIRECTION('',(-0.717135133310676,-0.696934143640185,0.));
#7178=DIRECTION('',(0.,0.,-1.));
#7179=DIRECTION('',(-0.717135133310676,-0.696934143640185,0.));
#7180=DIRECTION('center_axis',(-0.176664062793727,0.984271206993893,0.));
#7181=DIRECTION('ref_axis',(0.984271206993893,0.176664062793727,0.));
#7182=DIRECTION('',(0.984271206993893,0.176664062793727,0.));
#7183=DIRECTION('',(0.,0.,-1.));
#7184=DIRECTION('',(0.984271206993893,0.176664062793727,0.));
#7185=DIRECTION('',(0.,0.,-1.));
#7186=DIRECTION('',(0.,0.,-1.));
#7187=DIRECTION('',(0.,0.,-1.));
#7188=DIRECTION('',(0.,0.,-1.));
#7189=DIRECTION('',(0.,0.,-1.));
#7190=DIRECTION('',(0.,0.,-1.));
#7191=DIRECTION('',(0.,0.,-1.));
#7192=DIRECTION('',(0.,0.,-1.));
#7193=DIRECTION('',(0.,0.,-1.));
#7194=DIRECTION('',(0.,0.,-1.));
#7195=DIRECTION('',(0.,0.,-1.));
#7196=DIRECTION('',(0.,0.,-1.));
#7197=DIRECTION('',(0.,0.,-1.));
#7198=DIRECTION('',(0.,0.,-1.));
#7199=DIRECTION('',(0.,0.,-1.));
#7200=DIRECTION('',(0.,0.,-1.));
#7201=DIRECTION('',(0.,0.,-1.));
#7202=DIRECTION('',(0.,0.,-1.));
#7203=DIRECTION('center_axis',(0.942990333582799,0.332820117735394,0.));
#7204=DIRECTION('ref_axis',(0.332820117735394,-0.942990333582799,0.));
#7205=DIRECTION('',(0.332820117735394,-0.942990333582799,0.));
#7206=DIRECTION('',(0.,0.,-1.));
#7207=DIRECTION('',(0.332820117735394,-0.942990333582799,0.));
#7208=DIRECTION('center_axis',(-1.,0.,0.));
#7209=DIRECTION('ref_axis',(0.,1.,0.));
#7210=DIRECTION('',(0.,1.,0.));
#7211=DIRECTION('',(0.,0.,-1.));
#7212=DIRECTION('',(0.,1.,0.));
#7213=DIRECTION('',(0.,0.,-1.));
#7214=DIRECTION('',(0.,0.,-1.));
#7215=DIRECTION('',(0.,0.,-1.));
#7216=DIRECTION('',(0.,0.,-1.));
#7217=DIRECTION('',(0.,0.,-1.));
#7218=DIRECTION('',(0.,0.,-1.));
#7219=DIRECTION('center_axis',(0.0623782861549624,-0.998052578482902,0.));
#7220=DIRECTION('ref_axis',(-0.998052578482902,-0.0623782861549624,0.));
#7221=DIRECTION('',(-0.998052578482902,-0.0623782861549624,0.));
#7222=DIRECTION('',(0.,0.,-1.));
#7223=DIRECTION('',(-0.998052578482902,-0.0623782861549624,0.));
#7224=DIRECTION('center_axis',(0.997833411031961,-0.0657912139143333,0.));
#7225=DIRECTION('ref_axis',(-0.0657912139143333,-0.997833411031961,0.));
#7226=DIRECTION('',(-0.0657912139143333,-0.997833411031961,0.));
#7227=DIRECTION('',(0.,0.,-1.));
#7228=DIRECTION('',(-0.0657912139143333,-0.997833411031961,0.));
#7229=DIRECTION('',(0.,0.,-1.));
#7230=DIRECTION('',(0.,0.,-1.));
#7231=DIRECTION('',(0.,0.,-1.));
#7232=DIRECTION('',(0.,0.,-1.));
#7233=DIRECTION('center_axis',(0.909064822893685,-0.416654710494521,0.));
#7234=DIRECTION('ref_axis',(-0.416654710494521,-0.909064822893685,0.));
#7235=DIRECTION('',(-0.416654710494521,-0.909064822893685,0.));
#7236=DIRECTION('',(0.,0.,-1.));
#7237=DIRECTION('',(-0.416654710494521,-0.909064822893685,0.));
#7238=DIRECTION('center_axis',(-0.341743063086577,-0.939793423488483,0.));
#7239=DIRECTION('ref_axis',(-0.939793423488483,0.341743063086577,0.));
#7240=DIRECTION('',(-0.939793423488483,0.341743063086577,0.));
#7241=DIRECTION('',(0.,0.,-1.));
#7242=DIRECTION('',(-0.939793423488483,0.341743063086577,0.));
#7243=DIRECTION('',(0.,0.,-1.));
#7244=DIRECTION('',(0.,0.,-1.));
#7245=DIRECTION('',(0.,0.,-1.));
#7246=DIRECTION('',(0.,0.,-1.));
#7247=DIRECTION('',(0.,0.,-1.));
#7248=DIRECTION('center_axis',(0.622244125575336,-0.782823254756133,0.));
#7249=DIRECTION('ref_axis',(-0.782823254756133,-0.622244125575336,0.));
#7250=DIRECTION('',(-0.782823254756133,-0.622244125575336,0.));
#7251=DIRECTION('',(0.,0.,-1.));
#7252=DIRECTION('',(-0.782823254756133,-0.622244125575336,0.));
#7253=DIRECTION('center_axis',(-0.766520481180041,-0.642219862610554,0.));
#7254=DIRECTION('ref_axis',(-0.642219862610554,0.76652048118004,0.));
#7255=DIRECTION('',(-0.642219862610554,0.76652048118004,0.));
#7256=DIRECTION('',(0.,0.,-1.));
#7257=DIRECTION('',(-0.642219862610554,0.76652048118004,0.));
#7258=DIRECTION('',(0.,0.,-1.));
#7259=DIRECTION('',(0.,0.,-1.));
#7260=DIRECTION('',(0.,0.,-1.));
#7261=DIRECTION('',(0.,0.,-1.));
#7262=DIRECTION('center_axis',(0.672672793996444,0.739940073395824,0.));
#7263=DIRECTION('ref_axis',(0.739940073395824,-0.672672793996444,0.));
#7264=DIRECTION('',(0.739940073395824,-0.672672793996444,0.));
#7265=DIRECTION('',(0.,0.,-1.));
#7266=DIRECTION('',(0.739940073395824,-0.672672793996444,0.));
#7267=DIRECTION('center_axis',(0.420269223516786,-0.907399459865719,0.));
#7268=DIRECTION('ref_axis',(-0.907399459865718,-0.420269223516786,0.));
#7269=DIRECTION('',(-0.907399459865718,-0.420269223516786,0.));
#7270=DIRECTION('',(0.,0.,-1.));
#7271=DIRECTION('',(-0.907399459865718,-0.420269223516786,0.));
#7272=DIRECTION('',(0.,0.,-1.));
#7273=DIRECTION('',(0.,0.,-1.));
#7274=DIRECTION('',(0.,0.,-1.));
#7275=DIRECTION('',(0.,0.,-1.));
#7276=DIRECTION('',(0.,0.,-1.));
#7277=DIRECTION('',(0.,0.,-1.));
#7278=DIRECTION('',(0.,0.,-1.));
#7279=DIRECTION('',(0.,0.,-1.));
#7280=DIRECTION('',(0.,0.,-1.));
#7281=DIRECTION('',(0.,0.,-1.));
#7282=DIRECTION('',(0.,0.,-1.));
#7283=DIRECTION('',(0.,0.,-1.));
#7284=DIRECTION('',(0.,0.,-1.));
#7285=DIRECTION('',(0.,0.,-1.));
#7286=DIRECTION('',(0.,0.,-1.));
#7287=DIRECTION('',(0.,0.,-1.));
#7288=DIRECTION('',(0.,0.,-1.));
#7289=DIRECTION('',(0.,0.,-1.));
#7290=DIRECTION('',(0.,0.,-1.));
#7291=DIRECTION('',(0.,0.,-1.));
#7292=DIRECTION('',(0.,0.,-1.));
#7293=DIRECTION('center_axis',(0.311039060414427,-0.950397129044754,0.));
#7294=DIRECTION('ref_axis',(-0.950397129044754,-0.311039060414427,0.));
#7295=DIRECTION('',(-0.950397129044754,-0.311039060414427,0.));
#7296=DIRECTION('',(0.,0.,-1.));
#7297=DIRECTION('',(-0.950397129044754,-0.311039060414427,0.));
#7298=DIRECTION('center_axis',(0.0507818526800114,0.998709769371656,0.));
#7299=DIRECTION('ref_axis',(0.998709769371656,-0.0507818526800114,0.));
#7300=DIRECTION('',(0.998709769371656,-0.0507818526800114,0.));
#7301=DIRECTION('',(0.,0.,-1.));
#7302=DIRECTION('',(0.998709769371656,-0.0507818526800114,0.));
#7303=DIRECTION('',(0.,0.,-1.));
#7304=DIRECTION('',(0.,0.,-1.));
#7305=DIRECTION('',(0.,0.,-1.));
#7306=DIRECTION('',(0.,0.,-1.));
#7307=DIRECTION('',(0.,0.,-1.));
#7308=DIRECTION('',(0.,0.,-1.));
#7309=DIRECTION('center_axis',(1.,6.35860209057725E-13,0.));
#7310=DIRECTION('ref_axis',(6.35860209057725E-13,-1.,0.));
#7311=DIRECTION('',(6.35860209057725E-13,-1.,0.));
#7312=DIRECTION('',(0.,0.,-1.));
#7313=DIRECTION('',(6.35860209057725E-13,-1.,0.));
#7314=DIRECTION('center_axis',(-0.691222645967286,0.722641857147774,0.));
#7315=DIRECTION('ref_axis',(0.722641857147774,0.691222645967286,0.));
#7316=DIRECTION('',(0.722641857147774,0.691222645967286,0.));
#7317=DIRECTION('',(0.,0.,-1.));
#7318=DIRECTION('',(0.722641857147774,0.691222645967286,0.));
#7319=DIRECTION('',(0.,0.,-1.));
#7320=DIRECTION('',(0.,0.,-1.));
#7321=DIRECTION('',(0.,0.,-1.));
#7322=DIRECTION('',(0.,0.,-1.));
#7323=DIRECTION('',(0.,0.,-1.));
#7324=DIRECTION('',(0.,0.,-1.));
#7325=DIRECTION('',(0.,0.,-1.));
#7326=DIRECTION('',(0.,0.,-1.));
#7327=DIRECTION('',(0.,0.,-1.));
#7328=DIRECTION('',(0.,0.,-1.));
#7329=DIRECTION('',(0.,0.,-1.));
#7330=DIRECTION('',(0.,0.,-1.));
#7331=DIRECTION('center_axis',(-0.707106781186548,-0.707106781186548,0.));
#7332=DIRECTION('ref_axis',(-0.707106781186548,0.707106781186548,0.));
#7333=DIRECTION('',(-0.707106781186548,0.707106781186548,0.));
#7334=DIRECTION('',(0.,0.,-1.));
#7335=DIRECTION('',(-0.707106781186547,0.707106781186547,0.));
#7336=DIRECTION('center_axis',(0.309086072337522,0.95103406873096,0.));
#7337=DIRECTION('ref_axis',(0.95103406873096,-0.309086072337522,0.));
#7338=DIRECTION('',(0.95103406873096,-0.309086072337522,0.));
#7339=DIRECTION('',(0.,0.,-1.));
#7340=DIRECTION('',(0.95103406873096,-0.309086072337522,0.));
#7341=DIRECTION('',(0.,0.,-1.));
#7342=DIRECTION('',(0.,0.,-1.));
#7343=DIRECTION('',(0.,0.,-1.));
#7344=DIRECTION('',(0.,0.,-1.));
#7345=DIRECTION('',(0.,0.,-1.));
#7346=DIRECTION('',(0.,0.,-1.));
#7347=DIRECTION('',(0.,0.,-1.));
#7348=DIRECTION('',(0.,0.,-1.));
#7349=DIRECTION('',(0.,0.,-1.));
#7350=DIRECTION('',(0.,0.,-1.));
#7351=DIRECTION('',(0.,0.,-1.));
#7352=DIRECTION('center_axis',(-0.0116271209621029,0.999932402744372,0.));
#7353=DIRECTION('ref_axis',(0.999932402744372,0.0116271209621029,0.));
#7354=DIRECTION('',(0.999932402744372,0.0116271209621029,0.));
#7355=DIRECTION('',(0.,0.,-1.));
#7356=DIRECTION('',(0.999932402744372,0.0116271209621029,0.));
#7357=DIRECTION('center_axis',(-0.452529550195039,-0.891749407737553,0.));
#7358=DIRECTION('ref_axis',(-0.891749407737553,0.452529550195039,0.));
#7359=DIRECTION('',(-0.891749407737553,0.452529550195039,0.));
#7360=DIRECTION('',(0.,0.,-1.));
#7361=DIRECTION('',(-0.891749407737553,0.452529550195039,0.));
#7362=DIRECTION('',(0.,0.,-1.));
#7363=DIRECTION('',(0.,0.,-1.));
#7364=DIRECTION('',(0.,0.,-1.));
#7365=DIRECTION('',(0.,0.,-1.));
#7366=DIRECTION('',(0.,0.,-1.));
#7367=DIRECTION('',(0.,0.,-1.));
#7368=DIRECTION('',(0.,0.,-1.));
#7369=DIRECTION('',(0.,0.,-1.));
#7370=DIRECTION('center_axis',(-0.326709777050991,0.945124712183155,0.));
#7371=DIRECTION('ref_axis',(0.945124712183155,0.326709777050991,0.));
#7372=DIRECTION('',(0.945124712183155,0.326709777050991,0.));
#7373=DIRECTION('',(0.,0.,-1.));
#7374=DIRECTION('',(0.945124712183155,0.326709777050991,0.));
#7375=DIRECTION('center_axis',(-0.153337329831635,-0.988173903359173,0.));
#7376=DIRECTION('ref_axis',(-0.988173903359173,0.153337329831635,0.));
#7377=DIRECTION('',(-0.988173903359173,0.153337329831635,0.));
#7378=DIRECTION('',(0.,0.,-1.));
#7379=DIRECTION('',(-0.988173903359173,0.153337329831635,0.));
#7380=DIRECTION('',(0.,0.,-1.));
#7381=DIRECTION('',(0.,0.,-1.));
#7382=DIRECTION('',(0.,0.,-1.));
#7383=DIRECTION('',(0.,0.,-1.));
#7384=DIRECTION('',(0.,0.,-1.));
#7385=DIRECTION('',(0.,0.,-1.));
#7386=DIRECTION('center_axis',(-0.828283413127467,0.560309367704943,0.));
#7387=DIRECTION('ref_axis',(0.560309367704943,0.828283413127467,0.));
#7388=DIRECTION('',(0.560309367704943,0.828283413127467,0.));
#7389=DIRECTION('',(0.,0.,-1.));
#7390=DIRECTION('',(0.560309367704943,0.828283413127467,0.));
#7391=DIRECTION('center_axis',(0.461352736641942,-0.88721680123462,0.));
#7392=DIRECTION('ref_axis',(-0.88721680123462,-0.461352736641942,0.));
#7393=DIRECTION('',(-0.88721680123462,-0.461352736641942,0.));
#7394=DIRECTION('',(0.,0.,-1.));
#7395=DIRECTION('',(-0.88721680123462,-0.461352736641942,0.));
#7396=DIRECTION('',(0.,0.,-1.));
#7397=DIRECTION('',(0.,0.,-1.));
#7398=DIRECTION('',(0.,0.,-1.));
#7399=DIRECTION('',(0.,0.,-1.));
#7400=DIRECTION('center_axis',(0.995307161766715,-0.0967659740605461,0.));
#7401=DIRECTION('ref_axis',(-0.0967659740605461,-0.995307161766715,0.));
#7402=DIRECTION('',(-0.0967659740605461,-0.995307161766715,0.));
#7403=DIRECTION('',(0.,0.,-1.));
#7404=DIRECTION('',(-0.0967659740605461,-0.995307161766715,0.));
#7405=DIRECTION('center_axis',(-0.78086880944303,-0.624695047554424,0.));
#7406=DIRECTION('ref_axis',(-0.624695047554424,0.78086880944303,0.));
#7407=DIRECTION('',(-0.624695047554424,0.78086880944303,0.));
#7408=DIRECTION('',(0.,0.,-1.));
#7409=DIRECTION('',(-0.624695047554424,0.78086880944303,0.));
#7410=DIRECTION('',(0.,0.,-1.));
#7411=DIRECTION('',(0.,0.,-1.));
#7412=DIRECTION('',(0.,0.,-1.));
#7413=DIRECTION('',(0.,0.,-1.));
#7414=DIRECTION('',(0.,0.,-1.));
#7415=DIRECTION('',(0.,0.,-1.));
#7416=DIRECTION('',(0.,0.,-1.));
#7417=DIRECTION('',(0.,0.,-1.));
#7418=DIRECTION('',(0.,0.,-1.));
#7419=DIRECTION('center_axis',(-0.711653949877922,0.702530181289852,0.));
#7420=DIRECTION('ref_axis',(0.702530181289852,0.711653949877922,0.));
#7421=DIRECTION('',(0.702530181289852,0.711653949877922,0.));
#7422=DIRECTION('',(0.,0.,-1.));
#7423=DIRECTION('',(0.702530181289852,0.711653949877921,0.));
#7424=DIRECTION('center_axis',(-0.971136422266709,-0.23852473529388,0.));
#7425=DIRECTION('ref_axis',(-0.23852473529388,0.971136422266709,0.));
#7426=DIRECTION('',(-0.23852473529388,0.971136422266709,0.));
#7427=DIRECTION('',(0.,0.,-1.));
#7428=DIRECTION('',(-0.23852473529388,0.971136422266709,0.));
#7429=DIRECTION('',(0.,0.,-1.));
#7430=DIRECTION('',(0.,0.,-1.));
#7431=DIRECTION('',(0.,0.,-1.));
#7432=DIRECTION('',(0.,0.,-1.));
#7433=DIRECTION('',(0.,0.,-1.));
#7434=DIRECTION('center_axis',(0.306363336504641,-0.951914652710916,0.));
#7435=DIRECTION('ref_axis',(-0.951914652710916,-0.306363336504641,0.));
#7436=DIRECTION('',(-0.951914652710916,-0.306363336504641,0.));
#7437=DIRECTION('',(0.,0.,-1.));
#7438=DIRECTION('',(-0.951914652710916,-0.306363336504641,0.));
#7439=DIRECTION('center_axis',(0.152057184253861,0.98837169765063,0.));
#7440=DIRECTION('ref_axis',(0.98837169765063,-0.152057184253861,0.));
#7441=DIRECTION('',(0.98837169765063,-0.152057184253861,0.));
#7442=DIRECTION('',(0.,0.,-1.));
#7443=DIRECTION('',(0.98837169765063,-0.152057184253861,0.));
#7444=DIRECTION('',(0.,0.,-1.));
#7445=DIRECTION('',(0.,0.,-1.));
#7446=DIRECTION('',(0.,0.,-1.));
#7447=DIRECTION('',(0.,0.,-1.));
#7448=DIRECTION('',(0.,0.,-1.));
#7449=DIRECTION('',(0.,0.,-1.));
#7450=DIRECTION('',(0.,0.,-1.));
#7451=DIRECTION('',(0.,0.,-1.));
#7452=DIRECTION('',(0.,0.,-1.));
#7453=DIRECTION('',(0.,0.,-1.));
#7454=DIRECTION('',(0.,0.,-1.));
#7455=DIRECTION('',(0.,0.,-1.));
#7456=DIRECTION('',(0.,0.,-1.));
#7457=DIRECTION('',(0.,0.,-1.));
#7458=DIRECTION('',(0.,0.,-1.));
#7459=DIRECTION('',(0.,0.,-1.));
#7460=DIRECTION('',(0.,0.,-1.));
#7461=DIRECTION('',(0.,0.,-1.));
#7462=DIRECTION('',(0.,0.,-1.));
#7463=DIRECTION('',(0.,0.,-1.));
#7464=DIRECTION('',(0.,0.,-1.));
#7465=DIRECTION('',(0.,0.,-1.));
#7466=DIRECTION('',(0.,0.,-1.));
#7467=DIRECTION('',(0.,0.,-1.));
#7468=DIRECTION('',(0.,0.,-1.));
#7469=DIRECTION('',(0.,0.,-1.));
#7470=DIRECTION('',(0.,0.,-1.));
#7471=DIRECTION('',(0.,0.,-1.));
#7472=DIRECTION('',(0.,0.,-1.));
#7473=DIRECTION('',(0.,0.,-1.));
#7474=DIRECTION('',(0.,0.,-1.));
#7475=DIRECTION('',(0.,0.,-1.));
#7476=DIRECTION('',(0.,0.,-1.));
#7477=DIRECTION('',(0.,0.,-1.));
#7478=DIRECTION('',(0.,0.,-1.));
#7479=DIRECTION('',(0.,0.,-1.));
#7480=DIRECTION('',(0.,0.,-1.));
#7481=DIRECTION('',(0.,0.,-1.));
#7482=DIRECTION('',(0.,0.,-1.));
#7483=DIRECTION('',(0.,0.,-1.));
#7484=DIRECTION('',(0.,0.,-1.));
#7485=DIRECTION('center_axis',(0.,0.,1.));
#7486=DIRECTION('ref_axis',(1.,0.,0.));
#7487=DIRECTION('',(0.,0.,-1.));
#7488=DIRECTION('',(0.,0.,-1.));
#7489=DIRECTION('',(0.,0.,-1.));
#7490=DIRECTION('center_axis',(-0.586967571460976,0.809610443394355,0.));
#7491=DIRECTION('ref_axis',(0.809610443394355,0.586967571460976,0.));
#7492=DIRECTION('',(0.809610443394355,0.586967571460976,0.));
#7493=DIRECTION('',(0.,0.,-1.));
#7494=DIRECTION('',(0.809610443394355,0.586967571460976,0.));
#7495=DIRECTION('center_axis',(0.172380331752429,-0.985030467155673,0.));
#7496=DIRECTION('ref_axis',(-0.985030467155672,-0.172380331752429,0.));
#7497=DIRECTION('',(-0.985030467155672,-0.172380331752429,0.));
#7498=DIRECTION('',(0.,0.,-1.));
#7499=DIRECTION('',(-0.985030467155672,-0.172380331752429,0.));
#7500=DIRECTION('',(0.,0.,-1.));
#7501=DIRECTION('',(0.,0.,-1.));
#7502=DIRECTION('',(0.,0.,-1.));
#7503=DIRECTION('',(0.,0.,-1.));
#7504=DIRECTION('',(0.,0.,-1.));
#7505=DIRECTION('',(0.,0.,-1.));
#7506=DIRECTION('',(0.,0.,-1.));
#7507=DIRECTION('',(0.,0.,-1.));
#7508=DIRECTION('center_axis',(0.,0.,1.));
#7509=DIRECTION('ref_axis',(1.,0.,0.));
#7510=DIRECTION('',(0.,0.,-1.));
#7511=DIRECTION('',(0.,0.,-1.));
#7512=DIRECTION('',(0.,0.,-1.));
#7513=DIRECTION('',(0.,0.,-1.));
#7514=DIRECTION('',(0.,0.,-1.));
#7515=DIRECTION('',(0.,0.,-1.));
#7516=DIRECTION('center_axis',(0.,0.,1.));
#7517=DIRECTION('ref_axis',(1.,0.,0.));
#7518=DIRECTION('center_axis',(0.,0.,1.));
#7519=DIRECTION('ref_axis',(1.,0.,0.));
#7520=DIRECTION('center_axis',(0.,0.,1.));
#7521=DIRECTION('ref_axis',(1.,0.,0.));
#7522=DIRECTION('center_axis',(0.,0.,1.));
#7523=DIRECTION('ref_axis',(1.,0.,0.));
#7524=DIRECTION('center_axis',(0.,0.,1.));
#7525=DIRECTION('ref_axis',(1.,0.,0.));
#7526=DIRECTION('center_axis',(0.,0.,1.));
#7527=DIRECTION('ref_axis',(1.,0.,0.));
#7528=DIRECTION('center_axis',(-1.,0.,0.));
#7529=DIRECTION('ref_axis',(0.,1.,0.));
#7530=DIRECTION('',(0.,1.,0.));
#7531=DIRECTION('',(0.,0.,-1.));
#7532=DIRECTION('',(0.,-1.,0.));
#7533=DIRECTION('',(0.,0.,-1.));
#7534=DIRECTION('center_axis',(0.,-1.,0.));
#7535=DIRECTION('ref_axis',(-1.,0.,0.));
#7536=DIRECTION('',(-1.,0.,0.));
#7537=DIRECTION('',(0.,0.,-1.));
#7538=DIRECTION('',(1.,0.,0.));
#7539=DIRECTION('center_axis',(1.,0.,0.));
#7540=DIRECTION('ref_axis',(0.,-1.,0.));
#7541=DIRECTION('',(0.,-1.,0.));
#7542=DIRECTION('',(0.,0.,-1.));
#7543=DIRECTION('',(0.,1.,0.));
#7544=DIRECTION('center_axis',(0.,1.,0.));
#7545=DIRECTION('ref_axis',(1.,0.,0.));
#7546=DIRECTION('',(1.,0.,0.));
#7547=DIRECTION('',(-1.,0.,0.));
#7548=DIRECTION('center_axis',(0.,0.,-1.));
#7549=DIRECTION('ref_axis',(-1.,0.,0.));
#7550=DIRECTION('center_axis',(0.,0.,-1.));
#7551=DIRECTION('ref_axis',(-1.,0.,0.));
#7552=DIRECTION('',(0.,0.,1.));
#7553=DIRECTION('center_axis',(0.,0.,1.));
#7554=DIRECTION('ref_axis',(-1.,0.,0.));
#7555=DIRECTION('center_axis',(0.,0.,-1.));
#7556=DIRECTION('ref_axis',(-1.,0.,0.));
#7557=DIRECTION('center_axis',(0.,0.,1.));
#7558=DIRECTION('ref_axis',(-1.,0.,0.));
#7559=DIRECTION('center_axis',(0.,0.,-1.));
#7560=DIRECTION('ref_axis',(-1.,0.,0.));
#7561=DIRECTION('center_axis',(0.,0.,-1.));
#7562=DIRECTION('ref_axis',(-1.,0.,0.));
#7563=DIRECTION('',(0.,0.,1.));
#7564=DIRECTION('center_axis',(0.,0.,1.));
#7565=DIRECTION('ref_axis',(-1.,0.,0.));
#7566=DIRECTION('center_axis',(0.,0.,-1.));
#7567=DIRECTION('ref_axis',(-1.,0.,0.));
#7568=DIRECTION('center_axis',(0.,0.,1.));
#7569=DIRECTION('ref_axis',(-1.,0.,0.));
#7570=DIRECTION('center_axis',(0.,0.,-1.));
#7571=DIRECTION('ref_axis',(-1.,0.,0.));
#7572=DIRECTION('center_axis',(0.,0.,-1.));
#7573=DIRECTION('ref_axis',(-1.,0.,0.));
#7574=DIRECTION('',(0.,0.,1.));
#7575=DIRECTION('center_axis',(0.,0.,1.));
#7576=DIRECTION('ref_axis',(-1.,0.,0.));
#7577=DIRECTION('center_axis',(0.,0.,-1.));
#7578=DIRECTION('ref_axis',(-1.,0.,0.));
#7579=DIRECTION('center_axis',(0.,0.,1.));
#7580=DIRECTION('ref_axis',(-1.,0.,0.));
#7581=DIRECTION('center_axis',(0.,0.,-1.));
#7582=DIRECTION('ref_axis',(-1.,0.,0.));
#7583=DIRECTION('center_axis',(0.,0.,-1.));
#7584=DIRECTION('ref_axis',(-1.,0.,0.));
#7585=DIRECTION('',(0.,0.,1.));
#7586=DIRECTION('center_axis',(0.,0.,1.));
#7587=DIRECTION('ref_axis',(-1.,0.,0.));
#7588=DIRECTION('center_axis',(0.,0.,-1.));
#7589=DIRECTION('ref_axis',(-1.,0.,0.));
#7590=DIRECTION('center_axis',(0.,0.,1.));
#7591=DIRECTION('ref_axis',(-1.,0.,0.));
#7592=DIRECTION('center_axis',(1.,0.,0.));
#7593=DIRECTION('ref_axis',(0.,-1.,0.));
#7594=DIRECTION('',(0.,-1.,0.));
#7595=DIRECTION('',(0.,0.,-1.));
#7596=DIRECTION('',(0.,1.,0.));
#7597=DIRECTION('',(0.,0.,-1.));
#7598=DIRECTION('center_axis',(0.,1.,0.));
#7599=DIRECTION('ref_axis',(1.,0.,0.));
#7600=DIRECTION('',(1.,0.,0.));
#7601=DIRECTION('',(0.,0.,-1.));
#7602=DIRECTION('',(-1.,0.,0.));
#7603=DIRECTION('center_axis',(-1.,0.,0.));
#7604=DIRECTION('ref_axis',(0.,1.,0.));
#7605=DIRECTION('',(0.,1.,0.));
#7606=DIRECTION('',(0.,0.,-1.));
#7607=DIRECTION('',(0.,-1.,0.));
#7608=DIRECTION('center_axis',(0.,-1.,0.));
#7609=DIRECTION('ref_axis',(-1.,0.,0.));
#7610=DIRECTION('',(-1.,0.,0.));
#7611=DIRECTION('',(1.,0.,0.));
#7612=DIRECTION('center_axis',(-1.,0.,0.));
#7613=DIRECTION('ref_axis',(0.,1.,0.));
#7614=DIRECTION('',(0.,1.,0.));
#7615=DIRECTION('',(0.,0.,-1.));
#7616=DIRECTION('',(0.,-1.,0.));
#7617=DIRECTION('',(0.,0.,-1.));
#7618=DIRECTION('center_axis',(0.,-1.,0.));
#7619=DIRECTION('ref_axis',(-1.,0.,0.));
#7620=DIRECTION('',(-1.,0.,0.));
#7621=DIRECTION('',(0.,0.,-1.));
#7622=DIRECTION('',(1.,0.,0.));
#7623=DIRECTION('center_axis',(1.,0.,0.));
#7624=DIRECTION('ref_axis',(0.,-1.,0.));
#7625=DIRECTION('',(0.,-1.,0.));
#7626=DIRECTION('',(0.,0.,-1.));
#7627=DIRECTION('',(0.,1.,0.));
#7628=DIRECTION('center_axis',(0.,1.,0.));
#7629=DIRECTION('ref_axis',(1.,0.,0.));
#7630=DIRECTION('',(1.,0.,0.));
#7631=DIRECTION('',(-1.,0.,0.));
#7632=DIRECTION('center_axis',(0.,-1.,0.));
#7633=DIRECTION('ref_axis',(-1.,0.,0.));
#7634=DIRECTION('',(-1.,0.,0.));
#7635=DIRECTION('',(0.,0.,-1.));
#7636=DIRECTION('',(1.,0.,0.));
#7637=DIRECTION('',(0.,0.,-1.));
#7638=DIRECTION('center_axis',(1.,0.,0.));
#7639=DIRECTION('ref_axis',(0.,-1.,0.));
#7640=DIRECTION('',(0.,-1.,0.));
#7641=DIRECTION('',(0.,0.,-1.));
#7642=DIRECTION('',(0.,1.,0.));
#7643=DIRECTION('center_axis',(0.,1.,0.));
#7644=DIRECTION('ref_axis',(1.,0.,0.));
#7645=DIRECTION('',(1.,0.,0.));
#7646=DIRECTION('',(0.,0.,-1.));
#7647=DIRECTION('',(-1.,0.,0.));
#7648=DIRECTION('center_axis',(-1.,0.,0.));
#7649=DIRECTION('ref_axis',(0.,1.,0.));
#7650=DIRECTION('',(0.,1.,0.));
#7651=DIRECTION('',(0.,-1.,0.));
#7652=DIRECTION('center_axis',(0.,1.,0.));
#7653=DIRECTION('ref_axis',(1.,0.,0.));
#7654=DIRECTION('',(1.,0.,0.));
#7655=DIRECTION('',(0.,0.,-1.));
#7656=DIRECTION('',(-1.,0.,0.));
#7657=DIRECTION('',(0.,0.,-1.));
#7658=DIRECTION('center_axis',(-1.,0.,0.));
#7659=DIRECTION('ref_axis',(0.,1.,0.));
#7660=DIRECTION('',(0.,1.,0.));
#7661=DIRECTION('',(0.,0.,-1.));
#7662=DIRECTION('',(0.,-1.,0.));
#7663=DIRECTION('center_axis',(0.,-1.,0.));
#7664=DIRECTION('ref_axis',(-1.,0.,0.));
#7665=DIRECTION('',(-1.,0.,0.));
#7666=DIRECTION('',(0.,0.,-1.));
#7667=DIRECTION('',(1.,0.,0.));
#7668=DIRECTION('center_axis',(0.999999999988304,4.83643625089338E-6,0.));
#7669=DIRECTION('ref_axis',(4.83643625089338E-6,-0.999999999988304,0.));
#7670=DIRECTION('',(4.83643625089338E-6,-0.999999999988304,0.));
#7671=DIRECTION('',(-4.83643625089338E-6,0.999999999988304,0.));
#7672=DIRECTION('center_axis',(0.999999999962084,8.70821267446852E-6,0.));
#7673=DIRECTION('ref_axis',(8.70821267446852E-6,-0.999999999962083,0.));
#7674=DIRECTION('',(8.70821267446852E-6,-0.999999999962083,0.));
#7675=DIRECTION('',(0.,0.,-1.));
#7676=DIRECTION('',(-8.70821267446852E-6,0.999999999962083,0.));
#7677=DIRECTION('',(0.,0.,-1.));
#7678=DIRECTION('center_axis',(-8.70821267144911E-6,0.999999999962084,0.));
#7679=DIRECTION('ref_axis',(0.999999999962083,8.70821267144911E-6,0.));
#7680=DIRECTION('',(0.999999999962083,8.70821267144911E-6,0.));
#7681=DIRECTION('',(0.,0.,-1.));
#7682=DIRECTION('',(-0.999999999962083,-8.70821267144911E-6,0.));
#7683=DIRECTION('center_axis',(-0.999999999962084,-8.70821267446852E-6,
0.));
#7684=DIRECTION('ref_axis',(-8.70821267446852E-6,0.999999999962083,0.));
#7685=DIRECTION('',(-8.70821267446852E-6,0.999999999962083,0.));
#7686=DIRECTION('',(0.,0.,-1.));
#7687=DIRECTION('',(8.70821267446852E-6,-0.999999999962083,0.));
#7688=DIRECTION('center_axis',(8.70821267144911E-6,-0.999999999962084,0.));
#7689=DIRECTION('ref_axis',(-0.999999999962083,-8.70821267144911E-6,0.));
#7690=DIRECTION('',(-0.999999999962083,-8.70821267144911E-6,0.));
#7691=DIRECTION('',(0.999999999962083,8.70821267144911E-6,0.));
#7692=DIRECTION('center_axis',(1.,0.,0.));
#7693=DIRECTION('ref_axis',(0.,-1.,0.));
#7694=DIRECTION('',(0.,-1.,0.));
#7695=DIRECTION('',(0.,0.,-1.));
#7696=DIRECTION('',(0.,1.,0.));
#7697=DIRECTION('',(0.,0.,-1.));
#7698=DIRECTION('center_axis',(0.,1.,0.));
#7699=DIRECTION('ref_axis',(1.,0.,0.));
#7700=DIRECTION('',(1.,0.,0.));
#7701=DIRECTION('',(0.,0.,-1.));
#7702=DIRECTION('',(-1.,0.,0.));
#7703=DIRECTION('center_axis',(-1.,0.,0.));
#7704=DIRECTION('ref_axis',(0.,1.,0.));
#7705=DIRECTION('',(0.,1.,0.));
#7706=DIRECTION('',(0.,0.,-1.));
#7707=DIRECTION('',(0.,-1.,0.));
#7708=DIRECTION('center_axis',(0.,-1.,0.));
#7709=DIRECTION('ref_axis',(-1.,0.,0.));
#7710=DIRECTION('',(-1.,0.,0.));
#7711=DIRECTION('',(1.,0.,0.));
#7712=DIRECTION('center_axis',(1.,0.,0.));
#7713=DIRECTION('ref_axis',(0.,-1.,0.));
#7714=DIRECTION('',(0.,-1.,0.));
#7715=DIRECTION('',(0.,0.,-1.));
#7716=DIRECTION('',(0.,1.,0.));
#7717=DIRECTION('',(0.,0.,-1.));
#7718=DIRECTION('center_axis',(0.,1.,0.));
#7719=DIRECTION('ref_axis',(1.,0.,0.));
#7720=DIRECTION('',(1.,0.,0.));
#7721=DIRECTION('',(0.,0.,-1.));
#7722=DIRECTION('',(-1.,0.,0.));
#7723=DIRECTION('center_axis',(-1.,0.,0.));
#7724=DIRECTION('ref_axis',(0.,1.,0.));
#7725=DIRECTION('',(0.,1.,0.));
#7726=DIRECTION('',(0.,0.,-1.));
#7727=DIRECTION('',(0.,-1.,0.));
#7728=DIRECTION('center_axis',(0.,-1.,0.));
#7729=DIRECTION('ref_axis',(-1.,0.,0.));
#7730=DIRECTION('',(-1.,0.,0.));
#7731=DIRECTION('',(1.,0.,0.));
#7732=DIRECTION('center_axis',(0.999999999988304,4.83643625089338E-6,0.));
#7733=DIRECTION('ref_axis',(4.83643625089338E-6,-0.999999999988304,0.));
#7734=DIRECTION('',(4.83643625089338E-6,-0.999999999988304,0.));
#7735=DIRECTION('',(0.,0.,-1.));
#7736=DIRECTION('',(-4.83643625089338E-6,0.999999999988304,0.));
#7737=DIRECTION('',(0.,0.,-1.));
#7738=DIRECTION('center_axis',(0.,1.,0.));
#7739=DIRECTION('ref_axis',(1.,0.,0.));
#7740=DIRECTION('',(1.,0.,0.));
#7741=DIRECTION('',(0.,0.,-1.));
#7742=DIRECTION('',(-1.,0.,0.));
#7743=DIRECTION('center_axis',(-1.,0.,0.));
#7744=DIRECTION('ref_axis',(0.,1.,0.));
#7745=DIRECTION('',(0.,1.,0.));
#7746=DIRECTION('',(0.,0.,-1.));
#7747=DIRECTION('',(0.,-1.,0.));
#7748=DIRECTION('center_axis',(0.,-1.,0.));
#7749=DIRECTION('ref_axis',(-1.,0.,0.));
#7750=DIRECTION('',(-1.,0.,0.));
#7751=DIRECTION('',(1.,0.,0.));
#7752=DIRECTION('center_axis',(-1.,0.,0.));
#7753=DIRECTION('ref_axis',(0.,1.,0.));
#7754=DIRECTION('',(0.,1.,0.));
#7755=DIRECTION('',(0.,0.,-1.));
#7756=DIRECTION('',(0.,-1.,0.));
#7757=DIRECTION('',(0.,0.,-1.));
#7758=DIRECTION('center_axis',(0.,-1.,0.));
#7759=DIRECTION('ref_axis',(-1.,0.,0.));
#7760=DIRECTION('',(-1.,0.,0.));
#7761=DIRECTION('',(0.,0.,-1.));
#7762=DIRECTION('',(1.,0.,0.));
#7763=DIRECTION('center_axis',(1.,0.,0.));
#7764=DIRECTION('ref_axis',(0.,-1.,0.));
#7765=DIRECTION('',(0.,-1.,0.));
#7766=DIRECTION('',(0.,0.,-1.));
#7767=DIRECTION('',(0.,1.,0.));
#7768=DIRECTION('center_axis',(9.53814613734483E-15,1.,0.));
#7769=DIRECTION('ref_axis',(1.,-9.53814613734483E-15,0.));
#7770=DIRECTION('',(1.,-9.53814613734483E-15,0.));
#7771=DIRECTION('',(-1.,9.53814613734483E-15,0.));
#7772=DIRECTION('center_axis',(1.,0.,0.));
#7773=DIRECTION('ref_axis',(0.,1.,0.));
#7774=DIRECTION('',(0.,-1.,0.));
#7775=DIRECTION('',(0.,0.,1.));
#7776=DIRECTION('',(0.,1.,0.));
#7777=DIRECTION('',(0.,0.,1.));
#7778=DIRECTION('center_axis',(0.,-1.,0.));
#7779=DIRECTION('ref_axis',(1.,0.,0.));
#7780=DIRECTION('',(-1.,0.,0.));
#7781=DIRECTION('',(1.,0.,0.));
#7782=DIRECTION('',(0.,0.,1.));
#7783=DIRECTION('center_axis',(-1.,0.,0.));
#7784=DIRECTION('ref_axis',(0.,-1.,0.));
#7785=DIRECTION('',(0.,1.,0.));
#7786=DIRECTION('',(0.,-1.,0.));
#7787=DIRECTION('',(0.,0.,1.));
#7788=DIRECTION('center_axis',(0.,1.,0.));
#7789=DIRECTION('ref_axis',(-1.,0.,0.));
#7790=DIRECTION('',(1.,0.,0.));
#7791=DIRECTION('',(-1.,0.,0.));
#7792=DIRECTION('center_axis',(0.,0.,1.));
#7793=DIRECTION('ref_axis',(1.,0.,0.));
#7794=DIRECTION('center_axis',(0.,0.,1.));
#7795=DIRECTION('ref_axis',(1.,0.,0.));
#7796=DIRECTION('center_axis',(0.,0.,1.));
#7797=DIRECTION('ref_axis',(-1.,0.,0.));
#7798=DIRECTION('',(0.,0.,1.));
#7799=DIRECTION('center_axis',(0.,0.,1.));
#7800=DIRECTION('ref_axis',(-1.,0.,0.));
#7801=DIRECTION('center_axis',(0.,0.,1.));
#7802=DIRECTION('ref_axis',(-1.,0.,0.));
#7803=DIRECTION('center_axis',(0.,0.,1.));
#7804=DIRECTION('ref_axis',(-1.,0.,0.));
#7805=DIRECTION('',(0.,0.,1.));
#7806=DIRECTION('center_axis',(0.,0.,1.));
#7807=DIRECTION('ref_axis',(-1.,0.,0.));
#7808=DIRECTION('center_axis',(0.,0.,1.));
#7809=DIRECTION('ref_axis',(-1.,0.,0.));
#7810=DIRECTION('center_axis',(0.,0.,1.));
#7811=DIRECTION('ref_axis',(-1.,0.,0.));
#7812=DIRECTION('',(0.,0.,1.));
#7813=DIRECTION('center_axis',(0.,0.,1.));
#7814=DIRECTION('ref_axis',(-1.,0.,0.));
#7815=DIRECTION('center_axis',(0.,0.,1.));
#7816=DIRECTION('ref_axis',(-1.,0.,0.));
#7817=DIRECTION('center_axis',(0.,0.,1.));
#7818=DIRECTION('ref_axis',(-1.,0.,0.));
#7819=DIRECTION('',(0.,0.,1.));
#7820=DIRECTION('center_axis',(0.,0.,1.));
#7821=DIRECTION('ref_axis',(-1.,0.,0.));
#7822=DIRECTION('center_axis',(0.,0.,1.));
#7823=DIRECTION('ref_axis',(-1.,0.,0.));
#7824=CARTESIAN_POINT('',(0.,0.,0.));
#7825=CARTESIAN_POINT('Ctrl Pts',(955.749373512552,-306.33644119705,6.51));
#7826=CARTESIAN_POINT('Ctrl Pts',(955.749373512552,-306.33644119705,6.06));
#7827=CARTESIAN_POINT('Ctrl Pts',(955.673471168802,-306.239454868925,6.51));
#7828=CARTESIAN_POINT('Ctrl Pts',(955.673471168802,-306.239454868925,6.06));
#7829=CARTESIAN_POINT('Ctrl Pts',(955.559617653177,-306.121384556425,6.51));
#7830=CARTESIAN_POINT('Ctrl Pts',(955.559617653177,-306.121384556425,6.06));
#7831=CARTESIAN_POINT('Ctrl Pts',(955.496365700052,-306.070782993925,6.51));
#7832=CARTESIAN_POINT('Ctrl Pts',(955.496365700052,-306.070782993925,6.06));
#7833=CARTESIAN_POINT('',(955.749373512552,-306.33644119705,6.51));
#7834=CARTESIAN_POINT('',(955.496365700052,-306.070782993925,6.51));
#7835=CARTESIAN_POINT('Ctrl Pts',(955.749373512552,-306.33644119705,6.51));
#7836=CARTESIAN_POINT('Ctrl Pts',(955.673471168802,-306.239454868925,6.51));
#7837=CARTESIAN_POINT('Ctrl Pts',(955.559617653177,-306.121384556425,6.51));
#7838=CARTESIAN_POINT('Ctrl Pts',(955.496365700052,-306.070782993925,6.51));
#7839=CARTESIAN_POINT('',(955.749373512552,-306.33644119705,6.06));
#7840=CARTESIAN_POINT('',(955.749373512552,-306.33644119705,6.51));
#7841=CARTESIAN_POINT('',(955.496365700052,-306.070782993925,6.06));
#7842=CARTESIAN_POINT('Ctrl Pts',(955.749373512552,-306.33644119705,6.06));
#7843=CARTESIAN_POINT('Ctrl Pts',(955.673471168802,-306.239454868925,6.06));
#7844=CARTESIAN_POINT('Ctrl Pts',(955.559617653177,-306.121384556425,6.06));
#7845=CARTESIAN_POINT('Ctrl Pts',(955.496365700052,-306.070782993925,6.06));
#7846=CARTESIAN_POINT('',(955.496365700052,-306.070782993925,6.51));
#7847=CARTESIAN_POINT('Ctrl Pts',(956.069850075052,-307.2725701033,6.51));
#7848=CARTESIAN_POINT('Ctrl Pts',(956.069850075052,-307.2725701033,6.06));
#7849=CARTESIAN_POINT('Ctrl Pts',(956.069850075052,-306.8508904158,6.51));
#7850=CARTESIAN_POINT('Ctrl Pts',(956.069850075052,-306.8508904158,6.06));
#7851=CARTESIAN_POINT('Ctrl Pts',(955.998164528177,-306.6484841658,6.51));
#7852=CARTESIAN_POINT('Ctrl Pts',(955.998164528177,-306.6484841658,6.06));
#7853=CARTESIAN_POINT('Ctrl Pts',(955.749373512552,-306.33644119705,6.51));
#7854=CARTESIAN_POINT('Ctrl Pts',(955.749373512552,-306.33644119705,6.06));
#7855=CARTESIAN_POINT('',(956.069850075052,-307.2725701033,6.51));
#7856=CARTESIAN_POINT('Ctrl Pts',(956.069850075052,-307.2725701033,6.51));
#7857=CARTESIAN_POINT('Ctrl Pts',(956.069850075052,-306.8508904158,6.51));
#7858=CARTESIAN_POINT('Ctrl Pts',(955.998164528177,-306.6484841658,6.51));
#7859=CARTESIAN_POINT('Ctrl Pts',(955.749373512552,-306.33644119705,6.51));
#7860=CARTESIAN_POINT('',(956.069850075052,-307.2725701033,6.06));
#7861=CARTESIAN_POINT('',(956.069850075052,-307.2725701033,6.51));
#7862=CARTESIAN_POINT('Ctrl Pts',(956.069850075052,-307.2725701033,6.06));
#7863=CARTESIAN_POINT('Ctrl Pts',(956.069850075052,-306.8508904158,6.06));
#7864=CARTESIAN_POINT('Ctrl Pts',(955.998164528177,-306.6484841658,6.06));
#7865=CARTESIAN_POINT('Ctrl Pts',(955.749373512552,-306.33644119705,6.06));
#7866=CARTESIAN_POINT('Ctrl Pts',(955.964430153177,-307.884005650175,6.51));
#7867=CARTESIAN_POINT('Ctrl Pts',(955.964430153177,-307.884005650175,6.06));
#7868=CARTESIAN_POINT('Ctrl Pts',(956.057199684427,-307.68581619705,6.51));
#7869=CARTESIAN_POINT('Ctrl Pts',(956.057199684427,-307.68581619705,6.06));
#7870=CARTESIAN_POINT('Ctrl Pts',(956.074066871927,-307.597263462675,6.51));
#7871=CARTESIAN_POINT('Ctrl Pts',(956.074066871927,-307.597263462675,6.06));
#7872=CARTESIAN_POINT('Ctrl Pts',(956.069850075052,-307.2725701033,6.51));
#7873=CARTESIAN_POINT('Ctrl Pts',(956.069850075052,-307.2725701033,6.06));
#7874=CARTESIAN_POINT('',(955.964430153177,-307.884005650175,6.51));
#7875=CARTESIAN_POINT('Ctrl Pts',(955.964430153177,-307.884005650175,6.51));
#7876=CARTESIAN_POINT('Ctrl Pts',(956.057199684427,-307.68581619705,6.51));
#7877=CARTESIAN_POINT('Ctrl Pts',(956.074066871927,-307.597263462675,6.51));
#7878=CARTESIAN_POINT('Ctrl Pts',(956.069850075052,-307.2725701033,6.51));
#7879=CARTESIAN_POINT('',(955.964430153177,-307.884005650175,6.06));
#7880=CARTESIAN_POINT('',(955.964430153177,-307.884005650175,6.51));
#7881=CARTESIAN_POINT('Ctrl Pts',(955.964430153177,-307.884005650175,6.06));
#7882=CARTESIAN_POINT('Ctrl Pts',(956.057199684427,-307.68581619705,6.06));
#7883=CARTESIAN_POINT('Ctrl Pts',(956.074066871927,-307.597263462675,6.06));
#7884=CARTESIAN_POINT('Ctrl Pts',(956.069850075052,-307.2725701033,6.06));
#7885=CARTESIAN_POINT('Ctrl Pts',(955.369861793802,-308.64724588455,6.51));
#7886=CARTESIAN_POINT('Ctrl Pts',(955.369861793802,-308.64724588455,6.06));
#7887=CARTESIAN_POINT('Ctrl Pts',(955.559617653177,-308.51230838455,6.51));
#7888=CARTESIAN_POINT('Ctrl Pts',(955.559617653177,-308.51230838455,6.06));
#7889=CARTESIAN_POINT('Ctrl Pts',(955.833709450052,-308.1665310408,6.51));
#7890=CARTESIAN_POINT('Ctrl Pts',(955.833709450052,-308.1665310408,6.06));
#7891=CARTESIAN_POINT('Ctrl Pts',(955.964430153177,-307.884005650175,6.51));
#7892=CARTESIAN_POINT('Ctrl Pts',(955.964430153177,-307.884005650175,6.06));
#7893=CARTESIAN_POINT('',(955.369861793802,-308.64724588455,6.51));
#7894=CARTESIAN_POINT('Ctrl Pts',(955.369861793802,-308.64724588455,6.51));
#7895=CARTESIAN_POINT('Ctrl Pts',(955.559617653177,-308.51230838455,6.51));
#7896=CARTESIAN_POINT('Ctrl Pts',(955.833709450052,-308.1665310408,6.51));
#7897=CARTESIAN_POINT('Ctrl Pts',(955.964430153177,-307.884005650175,6.51));
#7898=CARTESIAN_POINT('',(955.369861793802,-308.64724588455,6.06));
#7899=CARTESIAN_POINT('',(955.369861793802,-308.64724588455,6.51));
#7900=CARTESIAN_POINT('Ctrl Pts',(955.369861793802,-308.64724588455,6.06));
#7901=CARTESIAN_POINT('Ctrl Pts',(955.559617653177,-308.51230838455,6.06));
#7902=CARTESIAN_POINT('Ctrl Pts',(955.833709450052,-308.1665310408,6.06));
#7903=CARTESIAN_POINT('Ctrl Pts',(955.964430153177,-307.884005650175,6.06));
#7904=CARTESIAN_POINT('Origin',(955.230707496927,-308.74844900955,6.51));
#7905=CARTESIAN_POINT('',(955.230707496927,-308.74844900955,6.51));
#7906=CARTESIAN_POINT('',(945.976405314416,-315.47885059683,6.51));
#7907=CARTESIAN_POINT('',(955.230707496927,-308.74844900955,6.06));
#7908=CARTESIAN_POINT('',(955.230707496927,-308.74844900955,6.51));
#7909=CARTESIAN_POINT('',(955.369861793802,-308.64724588455,6.06));
#7910=CARTESIAN_POINT('Origin',(955.369861793802,-308.5713435408,6.51));
#7911=CARTESIAN_POINT('',(955.369861793802,-308.5713435408,6.51));
#7912=CARTESIAN_POINT('',(947.26233871447,-318.890009278132,6.51));
#7913=CARTESIAN_POINT('',(955.369861793802,-308.5713435408,6.06));
#7914=CARTESIAN_POINT('',(955.369861793802,-308.5713435408,6.51));
#7915=CARTESIAN_POINT('',(955.230707496927,-308.74844900955,6.06));
#7916=CARTESIAN_POINT('Ctrl Pts',(955.546967262552,-306.3111404158,6.51));
#7917=CARTESIAN_POINT('Ctrl Pts',(955.546967262552,-306.3111404158,6.06));
#7918=CARTESIAN_POINT('Ctrl Pts',(955.930695778177,-307.06173025955,6.51));
#7919=CARTESIAN_POINT('Ctrl Pts',(955.930695778177,-307.06173025955,6.06));
#7920=CARTESIAN_POINT('Ctrl Pts',(955.859010231302,-307.951474400175,6.51));
#7921=CARTESIAN_POINT('Ctrl Pts',(955.859010231302,-307.951474400175,6.06));
#7922=CARTESIAN_POINT('Ctrl Pts',(955.369861793802,-308.5713435408,6.51));
#7923=CARTESIAN_POINT('Ctrl Pts',(955.369861793802,-308.5713435408,6.06));
#7924=CARTESIAN_POINT('',(955.546967262552,-306.3111404158,6.51));
#7925=CARTESIAN_POINT('Ctrl Pts',(955.546967262552,-306.3111404158,6.51));
#7926=CARTESIAN_POINT('Ctrl Pts',(955.930695778177,-307.06173025955,6.51));
#7927=CARTESIAN_POINT('Ctrl Pts',(955.859010231302,-307.951474400175,6.51));
#7928=CARTESIAN_POINT('Ctrl Pts',(955.369861793802,-308.5713435408,6.51));
#7929=CARTESIAN_POINT('',(955.546967262552,-306.3111404158,6.06));
#7930=CARTESIAN_POINT('',(955.546967262552,-306.3111404158,6.51));
#7931=CARTESIAN_POINT('Ctrl Pts',(955.546967262552,-306.3111404158,6.06));
#7932=CARTESIAN_POINT('Ctrl Pts',(955.930695778177,-307.06173025955,6.06));
#7933=CARTESIAN_POINT('Ctrl Pts',(955.859010231302,-307.951474400175,6.06));
#7934=CARTESIAN_POINT('Ctrl Pts',(955.369861793802,-308.5713435408,6.06));
#7935=CARTESIAN_POINT('Ctrl Pts',(955.496365700052,-306.070782993925,6.51));
#7936=CARTESIAN_POINT('Ctrl Pts',(955.496365700052,-306.070782993925,6.06));
#7937=CARTESIAN_POINT('Ctrl Pts',(955.386728981302,-305.986447056425,6.51));
#7938=CARTESIAN_POINT('Ctrl Pts',(955.386728981302,-305.986447056425,6.06));
#7939=CARTESIAN_POINT('Ctrl Pts',(955.386728981302,-305.9906638533,6.51));
#7940=CARTESIAN_POINT('Ctrl Pts',(955.386728981302,-305.9906638533,6.06));
#7941=CARTESIAN_POINT('Ctrl Pts',(955.546967262552,-306.3111404158,6.51));
#7942=CARTESIAN_POINT('Ctrl Pts',(955.546967262552,-306.3111404158,6.06));
#7943=CARTESIAN_POINT('Ctrl Pts',(955.496365700052,-306.070782993925,6.51));
#7944=CARTESIAN_POINT('Ctrl Pts',(955.386728981302,-305.986447056425,6.51));
#7945=CARTESIAN_POINT('Ctrl Pts',(955.386728981302,-305.9906638533,6.51));
#7946=CARTESIAN_POINT('Ctrl Pts',(955.546967262552,-306.3111404158,6.51));
#7947=CARTESIAN_POINT('Ctrl Pts',(955.496365700052,-306.070782993925,6.06));
#7948=CARTESIAN_POINT('Ctrl Pts',(955.386728981302,-305.986447056425,6.06));
#7949=CARTESIAN_POINT('Ctrl Pts',(955.386728981302,-305.9906638533,6.06));
#7950=CARTESIAN_POINT('Ctrl Pts',(955.546967262552,-306.3111404158,6.06));
#7951=CARTESIAN_POINT('Ctrl Pts',(959.704728981302,-310.304447056425,6.51));
#7952=CARTESIAN_POINT('Ctrl Pts',(959.704728981302,-310.304447056425,6.06));
#7953=CARTESIAN_POINT('Ctrl Pts',(959.569791481302,-310.177943150175,6.51));
#7954=CARTESIAN_POINT('Ctrl Pts',(959.569791481302,-310.177943150175,6.06));
#7955=CARTESIAN_POINT('Ctrl Pts',(959.439070778177,-310.076740025175,6.51));
#7956=CARTESIAN_POINT('Ctrl Pts',(959.439070778177,-310.076740025175,6.06));
#7957=CARTESIAN_POINT('Ctrl Pts',(959.417986793802,-310.076740025175,6.51));
#7958=CARTESIAN_POINT('Ctrl Pts',(959.417986793802,-310.076740025175,6.06));
#7959=CARTESIAN_POINT('',(959.704728981302,-310.304447056425,6.51));
#7960=CARTESIAN_POINT('',(959.417986793802,-310.076740025175,6.51));
#7961=CARTESIAN_POINT('Ctrl Pts',(959.704728981302,-310.304447056425,6.51));
#7962=CARTESIAN_POINT('Ctrl Pts',(959.569791481302,-310.177943150175,6.51));
#7963=CARTESIAN_POINT('Ctrl Pts',(959.439070778177,-310.076740025175,6.51));
#7964=CARTESIAN_POINT('Ctrl Pts',(959.417986793802,-310.076740025175,6.51));
#7965=CARTESIAN_POINT('',(959.704728981302,-310.304447056425,6.06));
#7966=CARTESIAN_POINT('',(959.704728981302,-310.304447056425,6.51));
#7967=CARTESIAN_POINT('',(959.417986793802,-310.076740025175,6.06));
#7968=CARTESIAN_POINT('Ctrl Pts',(959.704728981302,-310.304447056425,6.06));
#7969=CARTESIAN_POINT('Ctrl Pts',(959.569791481302,-310.177943150175,6.06));
#7970=CARTESIAN_POINT('Ctrl Pts',(959.439070778177,-310.076740025175,6.06));
#7971=CARTESIAN_POINT('Ctrl Pts',(959.417986793802,-310.076740025175,6.06));
#7972=CARTESIAN_POINT('',(959.417986793802,-310.076740025175,6.51));
#7973=CARTESIAN_POINT('Ctrl Pts',(960.311947731302,-311.32912869705,6.51));
#7974=CARTESIAN_POINT('Ctrl Pts',(960.311947731302,-311.32912869705,6.06));
#7975=CARTESIAN_POINT('Ctrl Pts',(960.172793434427,-310.869497837675,6.51));
#7976=CARTESIAN_POINT('Ctrl Pts',(960.172793434427,-310.869497837675,6.06));
#7977=CARTESIAN_POINT('Ctrl Pts',(959.991471168802,-310.5616716658,6.51));
#7978=CARTESIAN_POINT('Ctrl Pts',(959.991471168802,-310.5616716658,6.06));
#7979=CARTESIAN_POINT('Ctrl Pts',(959.704728981302,-310.304447056425,6.51));
#7980=CARTESIAN_POINT('Ctrl Pts',(959.704728981302,-310.304447056425,6.06));
#7981=CARTESIAN_POINT('',(960.311947731302,-311.32912869705,6.51));
#7982=CARTESIAN_POINT('Ctrl Pts',(960.311947731302,-311.32912869705,6.51));
#7983=CARTESIAN_POINT('Ctrl Pts',(960.172793434427,-310.869497837675,6.51));
#7984=CARTESIAN_POINT('Ctrl Pts',(959.991471168802,-310.5616716658,6.51));
#7985=CARTESIAN_POINT('Ctrl Pts',(959.704728981302,-310.304447056425,6.51));
#7986=CARTESIAN_POINT('',(960.311947731302,-311.32912869705,6.06));
#7987=CARTESIAN_POINT('',(960.311947731302,-311.32912869705,6.51));
#7988=CARTESIAN_POINT('Ctrl Pts',(960.311947731302,-311.32912869705,6.06));
#7989=CARTESIAN_POINT('Ctrl Pts',(960.172793434427,-310.869497837675,6.06));
#7990=CARTESIAN_POINT('Ctrl Pts',(959.991471168802,-310.5616716658,6.06));
#7991=CARTESIAN_POINT('Ctrl Pts',(959.704728981302,-310.304447056425,6.06));
#7992=CARTESIAN_POINT('Ctrl Pts',(960.286646950052,-311.5062341658,6.51));
#7993=CARTESIAN_POINT('Ctrl Pts',(960.286646950052,-311.5062341658,6.06));
#7994=CARTESIAN_POINT('Ctrl Pts',(960.404717262552,-311.8267107283,6.51));
#7995=CARTESIAN_POINT('Ctrl Pts',(960.404717262552,-311.8267107283,6.06));
#7996=CARTESIAN_POINT('Ctrl Pts',(960.421584450052,-311.70020682205,6.51));
#7997=CARTESIAN_POINT('Ctrl Pts',(960.421584450052,-311.70020682205,6.06));
#7998=CARTESIAN_POINT('Ctrl Pts',(960.311947731302,-311.32912869705,6.51));
#7999=CARTESIAN_POINT('Ctrl Pts',(960.311947731302,-311.32912869705,6.06));
#8000=CARTESIAN_POINT('',(960.286646950052,-311.5062341658,6.51));
#8001=CARTESIAN_POINT('Ctrl Pts',(960.286646950052,-311.5062341658,6.51));
#8002=CARTESIAN_POINT('Ctrl Pts',(960.404717262552,-311.8267107283,6.51));
#8003=CARTESIAN_POINT('Ctrl Pts',(960.421584450052,-311.70020682205,6.51));
#8004=CARTESIAN_POINT('Ctrl Pts',(960.311947731302,-311.32912869705,6.51));
#8005=CARTESIAN_POINT('',(960.286646950052,-311.5062341658,6.06));
#8006=CARTESIAN_POINT('',(960.286646950052,-311.5062341658,6.51));
#8007=CARTESIAN_POINT('Ctrl Pts',(960.286646950052,-311.5062341658,6.06));
#8008=CARTESIAN_POINT('Ctrl Pts',(960.404717262552,-311.8267107283,6.06));
#8009=CARTESIAN_POINT('Ctrl Pts',(960.421584450052,-311.70020682205,6.06));
#8010=CARTESIAN_POINT('Ctrl Pts',(960.311947731302,-311.32912869705,6.06));
#8011=CARTESIAN_POINT('Ctrl Pts',(959.586658668802,-310.3255310408,6.51));
#8012=CARTESIAN_POINT('Ctrl Pts',(959.586658668802,-310.3255310408,6.06));
#8013=CARTESIAN_POINT('Ctrl Pts',(959.839666481302,-310.641790806425,6.51));
#8014=CARTESIAN_POINT('Ctrl Pts',(959.839666481302,-310.641790806425,6.06));
#8015=CARTESIAN_POINT('Ctrl Pts',(960.177010231302,-311.21105838455,6.51));
#8016=CARTESIAN_POINT('Ctrl Pts',(960.177010231302,-311.21105838455,6.06));
#8017=CARTESIAN_POINT('Ctrl Pts',(960.286646950052,-311.5062341658,6.51));
#8018=CARTESIAN_POINT('Ctrl Pts',(960.286646950052,-311.5062341658,6.06));
#8019=CARTESIAN_POINT('',(959.586658668802,-310.3255310408,6.51));
#8020=CARTESIAN_POINT('Ctrl Pts',(959.586658668802,-310.3255310408,6.51));
#8021=CARTESIAN_POINT('Ctrl Pts',(959.839666481302,-310.641790806425,6.51));
#8022=CARTESIAN_POINT('Ctrl Pts',(960.177010231302,-311.21105838455,6.51));
#8023=CARTESIAN_POINT('Ctrl Pts',(960.286646950052,-311.5062341658,6.51));
#8024=CARTESIAN_POINT('',(959.586658668802,-310.3255310408,6.06));
#8025=CARTESIAN_POINT('',(959.586658668802,-310.3255310408,6.51));
#8026=CARTESIAN_POINT('Ctrl Pts',(959.586658668802,-310.3255310408,6.06));
#8027=CARTESIAN_POINT('Ctrl Pts',(959.839666481302,-310.641790806425,6.06));
#8028=CARTESIAN_POINT('Ctrl Pts',(960.177010231302,-311.21105838455,6.06));
#8029=CARTESIAN_POINT('Ctrl Pts',(960.286646950052,-311.5062341658,6.06));
#8030=CARTESIAN_POINT('Ctrl Pts',(959.417986793802,-310.076740025175,6.51));
#8031=CARTESIAN_POINT('Ctrl Pts',(959.417986793802,-310.076740025175,6.06));
#8032=CARTESIAN_POINT('Ctrl Pts',(959.401119606302,-310.076740025175,6.51));
#8033=CARTESIAN_POINT('Ctrl Pts',(959.401119606302,-310.076740025175,6.06));
#8034=CARTESIAN_POINT('Ctrl Pts',(959.472805153177,-310.1905935408,6.51));
#8035=CARTESIAN_POINT('Ctrl Pts',(959.472805153177,-310.1905935408,6.06));
#8036=CARTESIAN_POINT('Ctrl Pts',(959.586658668802,-310.3255310408,6.51));
#8037=CARTESIAN_POINT('Ctrl Pts',(959.586658668802,-310.3255310408,6.06));
#8038=CARTESIAN_POINT('Ctrl Pts',(959.417986793802,-310.076740025175,6.51));
#8039=CARTESIAN_POINT('Ctrl Pts',(959.401119606302,-310.076740025175,6.51));
#8040=CARTESIAN_POINT('Ctrl Pts',(959.472805153177,-310.1905935408,6.51));
#8041=CARTESIAN_POINT('Ctrl Pts',(959.586658668802,-310.3255310408,6.51));
#8042=CARTESIAN_POINT('Ctrl Pts',(959.417986793802,-310.076740025175,6.06));
#8043=CARTESIAN_POINT('Ctrl Pts',(959.401119606302,-310.076740025175,6.06));
#8044=CARTESIAN_POINT('Ctrl Pts',(959.472805153177,-310.1905935408,6.06));
#8045=CARTESIAN_POINT('Ctrl Pts',(959.586658668802,-310.3255310408,6.06));
#8046=CARTESIAN_POINT('Ctrl Pts',(953.468086403177,-310.5110701033,6.51));
#8047=CARTESIAN_POINT('Ctrl Pts',(953.468086403177,-310.5110701033,6.06));
#8048=CARTESIAN_POINT('Ctrl Pts',(953.573506325052,-310.38456619705,6.51));
#8049=CARTESIAN_POINT('Ctrl Pts',(953.573506325052,-310.38456619705,6.06));
#8050=CARTESIAN_POINT('Ctrl Pts',(953.649408668802,-310.270712681425,6.51));
#8051=CARTESIAN_POINT('Ctrl Pts',(953.649408668802,-310.270712681425,6.06));
#8052=CARTESIAN_POINT('Ctrl Pts',(953.636758278177,-310.262279087675,6.51));
#8053=CARTESIAN_POINT('Ctrl Pts',(953.636758278177,-310.262279087675,6.06));
#8054=CARTESIAN_POINT('',(953.468086403177,-310.5110701033,6.51));
#8055=CARTESIAN_POINT('',(953.636758278177,-310.262279087675,6.51));
#8056=CARTESIAN_POINT('Ctrl Pts',(953.468086403177,-310.5110701033,6.51));
#8057=CARTESIAN_POINT('Ctrl Pts',(953.573506325052,-310.38456619705,6.51));
#8058=CARTESIAN_POINT('Ctrl Pts',(953.649408668802,-310.270712681425,6.51));
#8059=CARTESIAN_POINT('Ctrl Pts',(953.636758278177,-310.262279087675,6.51));
#8060=CARTESIAN_POINT('',(953.468086403177,-310.5110701033,6.06));
#8061=CARTESIAN_POINT('',(953.468086403177,-310.5110701033,6.51));
#8062=CARTESIAN_POINT('',(953.636758278177,-310.262279087675,6.06));
#8063=CARTESIAN_POINT('Ctrl Pts',(953.468086403177,-310.5110701033,6.06));
#8064=CARTESIAN_POINT('Ctrl Pts',(953.573506325052,-310.38456619705,6.06));
#8065=CARTESIAN_POINT('Ctrl Pts',(953.649408668802,-310.270712681425,6.06));
#8066=CARTESIAN_POINT('Ctrl Pts',(953.636758278177,-310.262279087675,6.06));
#8067=CARTESIAN_POINT('',(953.636758278177,-310.262279087675,6.51));
#8068=CARTESIAN_POINT('Ctrl Pts',(952.983154762552,-311.5568357283,6.51));
#8069=CARTESIAN_POINT('Ctrl Pts',(952.983154762552,-311.5568357283,6.06));
#8070=CARTESIAN_POINT('Ctrl Pts',(953.067490700052,-311.1520232283,6.51));
#8071=CARTESIAN_POINT('Ctrl Pts',(953.067490700052,-311.1520232283,6.06));
#8072=CARTESIAN_POINT('Ctrl Pts',(953.223512184427,-310.810462681425,6.51));
#8073=CARTESIAN_POINT('Ctrl Pts',(953.223512184427,-310.810462681425,6.06));
#8074=CARTESIAN_POINT('Ctrl Pts',(953.468086403177,-310.5110701033,6.51));
#8075=CARTESIAN_POINT('Ctrl Pts',(953.468086403177,-310.5110701033,6.06));
#8076=CARTESIAN_POINT('',(952.983154762552,-311.5568357283,6.51));
#8077=CARTESIAN_POINT('Ctrl Pts',(952.983154762552,-311.5568357283,6.51));
#8078=CARTESIAN_POINT('Ctrl Pts',(953.067490700052,-311.1520232283,6.51));
#8079=CARTESIAN_POINT('Ctrl Pts',(953.223512184427,-310.810462681425,6.51));
#8080=CARTESIAN_POINT('Ctrl Pts',(953.468086403177,-310.5110701033,6.51));
#8081=CARTESIAN_POINT('',(952.983154762552,-311.5568357283,6.06));
#8082=CARTESIAN_POINT('',(952.983154762552,-311.5568357283,6.51));
#8083=CARTESIAN_POINT('Ctrl Pts',(952.983154762552,-311.5568357283,6.06));
#8084=CARTESIAN_POINT('Ctrl Pts',(953.067490700052,-311.1520232283,6.06));
#8085=CARTESIAN_POINT('Ctrl Pts',(953.223512184427,-310.810462681425,6.06));
#8086=CARTESIAN_POINT('Ctrl Pts',(953.468086403177,-310.5110701033,6.06));
#8087=CARTESIAN_POINT('Ctrl Pts',(952.966287575052,-312.18935525955,6.51));
#8088=CARTESIAN_POINT('Ctrl Pts',(952.966287575052,-312.18935525955,6.06));
#8089=CARTESIAN_POINT('Ctrl Pts',(952.924119606302,-311.9279138533,6.51));
#8090=CARTESIAN_POINT('Ctrl Pts',(952.924119606302,-311.9279138533,6.06));
#8091=CARTESIAN_POINT('Ctrl Pts',(952.924119606302,-311.83514432205,6.51));
#8092=CARTESIAN_POINT('Ctrl Pts',(952.924119606302,-311.83514432205,6.06));
#8093=CARTESIAN_POINT('Ctrl Pts',(952.983154762552,-311.5568357283,6.51));
#8094=CARTESIAN_POINT('Ctrl Pts',(952.983154762552,-311.5568357283,6.06));
#8095=CARTESIAN_POINT('',(952.966287575052,-312.18935525955,6.51));
#8096=CARTESIAN_POINT('Ctrl Pts',(952.966287575052,-312.18935525955,6.51));
#8097=CARTESIAN_POINT('Ctrl Pts',(952.924119606302,-311.9279138533,6.51));
#8098=CARTESIAN_POINT('Ctrl Pts',(952.924119606302,-311.83514432205,6.51));
#8099=CARTESIAN_POINT('Ctrl Pts',(952.983154762552,-311.5568357283,6.51));
#8100=CARTESIAN_POINT('',(952.966287575052,-312.18935525955,6.06));
#8101=CARTESIAN_POINT('',(952.966287575052,-312.18935525955,6.51));
#8102=CARTESIAN_POINT('Ctrl Pts',(952.966287575052,-312.18935525955,6.06));
#8103=CARTESIAN_POINT('Ctrl Pts',(952.924119606302,-311.9279138533,6.06));
#8104=CARTESIAN_POINT('Ctrl Pts',(952.924119606302,-311.83514432205,6.06));
#8105=CARTESIAN_POINT('Ctrl Pts',(952.983154762552,-311.5568357283,6.06));
#8106=CARTESIAN_POINT('Ctrl Pts',(955.627086403177,-314.124865025175,6.51));
#8107=CARTESIAN_POINT('Ctrl Pts',(955.627086403177,-314.124865025175,6.06));
#8108=CARTESIAN_POINT('Ctrl Pts',(954.273494606302,-314.124865025175,6.51));
#8109=CARTESIAN_POINT('Ctrl Pts',(954.273494606302,-314.124865025175,6.06));
#8110=CARTESIAN_POINT('Ctrl Pts',(953.160260231302,-313.315240025175,6.51));
#8111=CARTESIAN_POINT('Ctrl Pts',(953.160260231302,-313.315240025175,6.06));
#8112=CARTESIAN_POINT('Ctrl Pts',(952.966287575052,-312.18935525955,6.51));
#8113=CARTESIAN_POINT('Ctrl Pts',(952.966287575052,-312.18935525955,6.06));
#8114=CARTESIAN_POINT('',(955.627086403177,-314.124865025175,6.51));
#8115=CARTESIAN_POINT('Ctrl Pts',(955.627086403177,-314.124865025175,6.51));
#8116=CARTESIAN_POINT('Ctrl Pts',(954.273494606302,-314.124865025175,6.51));
#8117=CARTESIAN_POINT('Ctrl Pts',(953.160260231302,-313.315240025175,6.51));
#8118=CARTESIAN_POINT('Ctrl Pts',(952.966287575052,-312.18935525955,6.51));
#8119=CARTESIAN_POINT('',(955.627086403177,-314.124865025175,6.06));
#8120=CARTESIAN_POINT('',(955.627086403177,-314.124865025175,6.51));
#8121=CARTESIAN_POINT('Ctrl Pts',(955.627086403177,-314.124865025175,6.06));
#8122=CARTESIAN_POINT('Ctrl Pts',(954.273494606302,-314.124865025175,6.06));
#8123=CARTESIAN_POINT('Ctrl Pts',(953.160260231302,-313.315240025175,6.06));
#8124=CARTESIAN_POINT('Ctrl Pts',(952.966287575052,-312.18935525955,6.06));
#8125=CARTESIAN_POINT('Ctrl Pts',(959.055342262552,-311.636954868925,6.51));
#8126=CARTESIAN_POINT('Ctrl Pts',(959.055342262552,-311.636954868925,6.06));
#8127=CARTESIAN_POINT('Ctrl Pts',(958.545109840677,-313.138134556425,6.51));
#8128=CARTESIAN_POINT('Ctrl Pts',(958.545109840677,-313.138134556425,6.06));
#8129=CARTESIAN_POINT('Ctrl Pts',(957.187301246927,-314.124865025175,6.51));
#8130=CARTESIAN_POINT('Ctrl Pts',(957.187301246927,-314.124865025175,6.06));
#8131=CARTESIAN_POINT('Ctrl Pts',(955.627086403177,-314.124865025175,6.51));
#8132=CARTESIAN_POINT('Ctrl Pts',(955.627086403177,-314.124865025175,6.06));
#8133=CARTESIAN_POINT('',(959.055342262552,-311.636954868925,6.51));
#8134=CARTESIAN_POINT('Ctrl Pts',(959.055342262552,-311.636954868925,6.51));
#8135=CARTESIAN_POINT('Ctrl Pts',(958.545109840677,-313.138134556425,6.51));
#8136=CARTESIAN_POINT('Ctrl Pts',(957.187301246927,-314.124865025175,6.51));
#8137=CARTESIAN_POINT('Ctrl Pts',(955.627086403177,-314.124865025175,6.51));
#8138=CARTESIAN_POINT('',(959.055342262552,-311.636954868925,6.06));
#8139=CARTESIAN_POINT('',(959.055342262552,-311.636954868925,6.51));
#8140=CARTESIAN_POINT('Ctrl Pts',(959.055342262552,-311.636954868925,6.06));
#8141=CARTESIAN_POINT('Ctrl Pts',(958.545109840677,-313.138134556425,6.06));
#8142=CARTESIAN_POINT('Ctrl Pts',(957.187301246927,-314.124865025175,6.06));
#8143=CARTESIAN_POINT('Ctrl Pts',(955.627086403177,-314.124865025175,6.06));
#8144=CARTESIAN_POINT('Origin',(959.135461403177,-311.4050310408,6.51));
#8145=CARTESIAN_POINT('',(959.135461403177,-311.4050310408,6.51));
#8146=CARTESIAN_POINT('',(954.901712953483,-323.660618658346,6.51));
#8147=CARTESIAN_POINT('',(959.135461403177,-311.4050310408,6.06));
#8148=CARTESIAN_POINT('',(959.135461403177,-311.4050310408,6.51));
#8149=CARTESIAN_POINT('',(959.055342262552,-311.636954868925,6.06));
#8150=CARTESIAN_POINT('Origin',(959.110160621927,-311.712857212675,6.51));
#8151=CARTESIAN_POINT('',(959.110160621927,-311.712857212675,6.51));
#8152=CARTESIAN_POINT('',(958.150933953057,-323.383448350569,6.51));
#8153=CARTESIAN_POINT('',(959.110160621927,-311.712857212675,6.06));
#8154=CARTESIAN_POINT('',(959.110160621927,-311.712857212675,6.51));
#8155=CARTESIAN_POINT('',(959.135461403177,-311.4050310408,6.06));
#8156=CARTESIAN_POINT('Ctrl Pts',(958.043311012552,-313.79173807205,6.51));
#8157=CARTESIAN_POINT('Ctrl Pts',(958.043311012552,-313.79173807205,6.06));
#8158=CARTESIAN_POINT('Ctrl Pts',(958.599928200052,-313.2941560408,6.51));
#8159=CARTESIAN_POINT('Ctrl Pts',(958.599928200052,-313.2941560408,6.06));
#8160=CARTESIAN_POINT('Ctrl Pts',(959.059559059427,-312.4001951033,6.51));
#8161=CARTESIAN_POINT('Ctrl Pts',(959.059559059427,-312.4001951033,6.06));
#8162=CARTESIAN_POINT('Ctrl Pts',(959.110160621927,-311.712857212675,6.51));
#8163=CARTESIAN_POINT('Ctrl Pts',(959.110160621927,-311.712857212675,6.06));
#8164=CARTESIAN_POINT('',(958.043311012552,-313.79173807205,6.51));
#8165=CARTESIAN_POINT('Ctrl Pts',(958.043311012552,-313.79173807205,6.51));
#8166=CARTESIAN_POINT('Ctrl Pts',(958.599928200052,-313.2941560408,6.51));
#8167=CARTESIAN_POINT('Ctrl Pts',(959.059559059427,-312.4001951033,6.51));
#8168=CARTESIAN_POINT('Ctrl Pts',(959.110160621927,-311.712857212675,6.51));
#8169=CARTESIAN_POINT('',(958.043311012552,-313.79173807205,6.06));
#8170=CARTESIAN_POINT('',(958.043311012552,-313.79173807205,6.51));
#8171=CARTESIAN_POINT('Ctrl Pts',(958.043311012552,-313.79173807205,6.06));
#8172=CARTESIAN_POINT('Ctrl Pts',(958.599928200052,-313.2941560408,6.06));
#8173=CARTESIAN_POINT('Ctrl Pts',(959.059559059427,-312.4001951033,6.06));
#8174=CARTESIAN_POINT('Ctrl Pts',(959.110160621927,-311.712857212675,6.06));
#8175=CARTESIAN_POINT('Ctrl Pts',(956.234305153177,-314.698349400175,6.51));
#8176=CARTESIAN_POINT('Ctrl Pts',(956.234305153177,-314.698349400175,6.06));
#8177=CARTESIAN_POINT('Ctrl Pts',(956.858391090677,-314.5760622908,6.51));
#8178=CARTESIAN_POINT('Ctrl Pts',(956.858391090677,-314.5760622908,6.06));
#8179=CARTESIAN_POINT('Ctrl Pts',(957.558379371927,-314.2218513533,6.51));
#8180=CARTESIAN_POINT('Ctrl Pts',(957.558379371927,-314.2218513533,6.06));
#8181=CARTESIAN_POINT('Ctrl Pts',(958.043311012552,-313.79173807205,6.51));
#8182=CARTESIAN_POINT('Ctrl Pts',(958.043311012552,-313.79173807205,6.06));
#8183=CARTESIAN_POINT('',(956.234305153177,-314.698349400175,6.51));
#8184=CARTESIAN_POINT('Ctrl Pts',(956.234305153177,-314.698349400175,6.51));
#8185=CARTESIAN_POINT('Ctrl Pts',(956.858391090677,-314.5760622908,6.51));
#8186=CARTESIAN_POINT('Ctrl Pts',(957.558379371927,-314.2218513533,6.51));
#8187=CARTESIAN_POINT('Ctrl Pts',(958.043311012552,-313.79173807205,6.51));
#8188=CARTESIAN_POINT('',(956.234305153177,-314.698349400175,6.06));
#8189=CARTESIAN_POINT('',(956.234305153177,-314.698349400175,6.51));
#8190=CARTESIAN_POINT('Ctrl Pts',(956.234305153177,-314.698349400175,6.06));
#8191=CARTESIAN_POINT('Ctrl Pts',(956.858391090677,-314.5760622908,6.06));
#8192=CARTESIAN_POINT('Ctrl Pts',(957.558379371927,-314.2218513533,6.06));
#8193=CARTESIAN_POINT('Ctrl Pts',(958.043311012552,-313.79173807205,6.06));
#8194=CARTESIAN_POINT('Ctrl Pts',(954.062654762552,-314.5254607283,6.51));
#8195=CARTESIAN_POINT('Ctrl Pts',(954.062654762552,-314.5254607283,6.06));
#8196=CARTESIAN_POINT('Ctrl Pts',(954.644572731302,-314.7616013533,6.51));
#8197=CARTESIAN_POINT('Ctrl Pts',(954.644572731302,-314.7616013533,6.06));
#8198=CARTESIAN_POINT('Ctrl Pts',(955.555400856302,-314.833286900175,6.51));
#8199=CARTESIAN_POINT('Ctrl Pts',(955.555400856302,-314.833286900175,6.06));
#8200=CARTESIAN_POINT('Ctrl Pts',(956.234305153177,-314.698349400175,6.51));
#8201=CARTESIAN_POINT('Ctrl Pts',(956.234305153177,-314.698349400175,6.06));
#8202=CARTESIAN_POINT('',(954.062654762552,-314.5254607283,6.51));
#8203=CARTESIAN_POINT('Ctrl Pts',(954.062654762552,-314.5254607283,6.51));
#8204=CARTESIAN_POINT('Ctrl Pts',(954.644572731302,-314.7616013533,6.51));
#8205=CARTESIAN_POINT('Ctrl Pts',(955.555400856302,-314.833286900175,6.51));
#8206=CARTESIAN_POINT('Ctrl Pts',(956.234305153177,-314.698349400175,6.51));
#8207=CARTESIAN_POINT('',(954.062654762552,-314.5254607283,6.06));
#8208=CARTESIAN_POINT('',(954.062654762552,-314.5254607283,6.51));
#8209=CARTESIAN_POINT('Ctrl Pts',(954.062654762552,-314.5254607283,6.06));
#8210=CARTESIAN_POINT('Ctrl Pts',(954.644572731302,-314.7616013533,6.06));
#8211=CARTESIAN_POINT('Ctrl Pts',(955.555400856302,-314.833286900175,6.06));
#8212=CARTESIAN_POINT('Ctrl Pts',(956.234305153177,-314.698349400175,6.06));
#8213=CARTESIAN_POINT('Ctrl Pts',(952.506656715677,-312.7881404158,6.51));
#8214=CARTESIAN_POINT('Ctrl Pts',(952.506656715677,-312.7881404158,6.06));
#8215=CARTESIAN_POINT('Ctrl Pts',(952.658461403177,-313.50499588455,6.51));
#8216=CARTESIAN_POINT('Ctrl Pts',(952.658461403177,-313.50499588455,6.06));
#8217=CARTESIAN_POINT('Ctrl Pts',(953.286764137552,-314.209200962675,6.51));
#8218=CARTESIAN_POINT('Ctrl Pts',(953.286764137552,-314.209200962675,6.06));
#8219=CARTESIAN_POINT('Ctrl Pts',(954.062654762552,-314.5254607283,6.51));
#8220=CARTESIAN_POINT('Ctrl Pts',(954.062654762552,-314.5254607283,6.06));
#8221=CARTESIAN_POINT('',(952.506656715677,-312.7881404158,6.51));
#8222=CARTESIAN_POINT('Ctrl Pts',(952.506656715677,-312.7881404158,6.51));
#8223=CARTESIAN_POINT('Ctrl Pts',(952.658461403177,-313.50499588455,6.51));
#8224=CARTESIAN_POINT('Ctrl Pts',(953.286764137552,-314.209200962675,6.51));
#8225=CARTESIAN_POINT('Ctrl Pts',(954.062654762552,-314.5254607283,6.51));
#8226=CARTESIAN_POINT('',(952.506656715677,-312.7881404158,6.06));
#8227=CARTESIAN_POINT('',(952.506656715677,-312.7881404158,6.51));
#8228=CARTESIAN_POINT('Ctrl Pts',(952.506656715677,-312.7881404158,6.06));
#8229=CARTESIAN_POINT('Ctrl Pts',(952.658461403177,-313.50499588455,6.06));
#8230=CARTESIAN_POINT('Ctrl Pts',(953.286764137552,-314.209200962675,6.06));
#8231=CARTESIAN_POINT('Ctrl Pts',(954.062654762552,-314.5254607283,6.06));
#8232=CARTESIAN_POINT('Ctrl Pts',(952.856650856302,-311.122505650175,6.51));
#8233=CARTESIAN_POINT('Ctrl Pts',(952.856650856302,-311.122505650175,6.06));
#8234=CARTESIAN_POINT('Ctrl Pts',(952.536174293802,-311.620087681425,6.51));
#8235=CARTESIAN_POINT('Ctrl Pts',(952.536174293802,-311.620087681425,6.06));
#8236=CARTESIAN_POINT('Ctrl Pts',(952.401236793802,-312.2652576033,6.51));
#8237=CARTESIAN_POINT('Ctrl Pts',(952.401236793802,-312.2652576033,6.06));
#8238=CARTESIAN_POINT('Ctrl Pts',(952.506656715677,-312.7881404158,6.51));
#8239=CARTESIAN_POINT('Ctrl Pts',(952.506656715677,-312.7881404158,6.06));
#8240=CARTESIAN_POINT('',(952.856650856302,-311.122505650175,6.51));
#8241=CARTESIAN_POINT('Ctrl Pts',(952.856650856302,-311.122505650175,6.51));
#8242=CARTESIAN_POINT('Ctrl Pts',(952.536174293802,-311.620087681425,6.51));
#8243=CARTESIAN_POINT('Ctrl Pts',(952.401236793802,-312.2652576033,6.51));
#8244=CARTESIAN_POINT('Ctrl Pts',(952.506656715677,-312.7881404158,6.51));
#8245=CARTESIAN_POINT('',(952.856650856302,-311.122505650175,6.06));
#8246=CARTESIAN_POINT('',(952.856650856302,-311.122505650175,6.51));
#8247=CARTESIAN_POINT('Ctrl Pts',(952.856650856302,-311.122505650175,6.06));
#8248=CARTESIAN_POINT('Ctrl Pts',(952.536174293802,-311.620087681425,6.06));
#8249=CARTESIAN_POINT('Ctrl Pts',(952.401236793802,-312.2652576033,6.06));
#8250=CARTESIAN_POINT('Ctrl Pts',(952.506656715677,-312.7881404158,6.06));
#8251=CARTESIAN_POINT('Ctrl Pts',(953.636758278177,-310.262279087675,6.51));
#8252=CARTESIAN_POINT('Ctrl Pts',(953.636758278177,-310.262279087675,6.06));
#8253=CARTESIAN_POINT('Ctrl Pts',(953.603023903177,-310.228544712675,6.51));
#8254=CARTESIAN_POINT('Ctrl Pts',(953.603023903177,-310.228544712675,6.06));
#8255=CARTESIAN_POINT('Ctrl Pts',(953.021105934427,-310.8652810408,6.51));
#8256=CARTESIAN_POINT('Ctrl Pts',(953.021105934427,-310.8652810408,6.06));
#8257=CARTESIAN_POINT('Ctrl Pts',(952.856650856302,-311.122505650175,6.51));
#8258=CARTESIAN_POINT('Ctrl Pts',(952.856650856302,-311.122505650175,6.06));
#8259=CARTESIAN_POINT('Ctrl Pts',(953.636758278177,-310.262279087675,6.51));
#8260=CARTESIAN_POINT('Ctrl Pts',(953.603023903177,-310.228544712675,6.51));
#8261=CARTESIAN_POINT('Ctrl Pts',(953.021105934427,-310.8652810408,6.51));
#8262=CARTESIAN_POINT('Ctrl Pts',(952.856650856302,-311.122505650175,6.51));
#8263=CARTESIAN_POINT('Ctrl Pts',(953.636758278177,-310.262279087675,6.06));
#8264=CARTESIAN_POINT('Ctrl Pts',(953.603023903177,-310.228544712675,6.06));
#8265=CARTESIAN_POINT('Ctrl Pts',(953.021105934427,-310.8652810408,6.06));
#8266=CARTESIAN_POINT('Ctrl Pts',(952.856650856302,-311.122505650175,6.06));
#8267=CARTESIAN_POINT('Ctrl Pts',(952.232564918802,-304.561169712675,6.51));
#8268=CARTESIAN_POINT('Ctrl Pts',(952.232564918802,-304.561169712675,6.06));
#8269=CARTESIAN_POINT('Ctrl Pts',(952.249432106302,-304.4894841658,6.51));
#8270=CARTESIAN_POINT('Ctrl Pts',(952.249432106302,-304.4894841658,6.06));
#8271=CARTESIAN_POINT('Ctrl Pts',(952.257865700052,-304.426232212675,6.51));
#8272=CARTESIAN_POINT('Ctrl Pts',(952.257865700052,-304.426232212675,6.06));
#8273=CARTESIAN_POINT('Ctrl Pts',(952.245215309427,-304.426232212675,6.51));
#8274=CARTESIAN_POINT('Ctrl Pts',(952.245215309427,-304.426232212675,6.06));
#8275=CARTESIAN_POINT('',(952.232564918802,-304.561169712675,6.51));
#8276=CARTESIAN_POINT('',(952.245215309427,-304.426232212675,6.51));
#8277=CARTESIAN_POINT('Ctrl Pts',(952.232564918802,-304.561169712675,6.51));
#8278=CARTESIAN_POINT('Ctrl Pts',(952.249432106302,-304.4894841658,6.51));
#8279=CARTESIAN_POINT('Ctrl Pts',(952.257865700052,-304.426232212675,6.51));
#8280=CARTESIAN_POINT('Ctrl Pts',(952.245215309427,-304.426232212675,6.51));
#8281=CARTESIAN_POINT('',(952.232564918802,-304.561169712675,6.06));
#8282=CARTESIAN_POINT('',(952.232564918802,-304.561169712675,6.51));
#8283=CARTESIAN_POINT('',(952.245215309427,-304.426232212675,6.06));
#8284=CARTESIAN_POINT('Ctrl Pts',(952.232564918802,-304.561169712675,6.06));
#8285=CARTESIAN_POINT('Ctrl Pts',(952.249432106302,-304.4894841658,6.06));
#8286=CARTESIAN_POINT('Ctrl Pts',(952.257865700052,-304.426232212675,6.06));
#8287=CARTESIAN_POINT('Ctrl Pts',(952.245215309427,-304.426232212675,6.06));
#8288=CARTESIAN_POINT('',(952.245215309427,-304.426232212675,6.51));
#8289=CARTESIAN_POINT('Ctrl Pts',(951.857269996927,-305.084052525175,6.51));
#8290=CARTESIAN_POINT('Ctrl Pts',(951.857269996927,-305.084052525175,6.06));
#8291=CARTESIAN_POINT('Ctrl Pts',(952.076543434427,-304.982849400175,6.51));
#8292=CARTESIAN_POINT('Ctrl Pts',(952.076543434427,-304.982849400175,6.06));
#8293=CARTESIAN_POINT('Ctrl Pts',(952.169312965677,-304.85212869705,6.51));
#8294=CARTESIAN_POINT('Ctrl Pts',(952.169312965677,-304.85212869705,6.06));
#8295=CARTESIAN_POINT('Ctrl Pts',(952.232564918802,-304.561169712675,6.51));
#8296=CARTESIAN_POINT('Ctrl Pts',(952.232564918802,-304.561169712675,6.06));
#8297=CARTESIAN_POINT('',(951.857269996927,-305.084052525175,6.51));
#8298=CARTESIAN_POINT('Ctrl Pts',(951.857269996927,-305.084052525175,6.51));
#8299=CARTESIAN_POINT('Ctrl Pts',(952.076543434427,-304.982849400175,6.51));
#8300=CARTESIAN_POINT('Ctrl Pts',(952.169312965677,-304.85212869705,6.51));
#8301=CARTESIAN_POINT('Ctrl Pts',(952.232564918802,-304.561169712675,6.51));
#8302=CARTESIAN_POINT('',(951.857269996927,-305.084052525175,6.06));
#8303=CARTESIAN_POINT('',(951.857269996927,-305.084052525175,6.51));
#8304=CARTESIAN_POINT('Ctrl Pts',(951.857269996927,-305.084052525175,6.06));
#8305=CARTESIAN_POINT('Ctrl Pts',(952.076543434427,-304.982849400175,6.06));
#8306=CARTESIAN_POINT('Ctrl Pts',(952.169312965677,-304.85212869705,6.06));
#8307=CARTESIAN_POINT('Ctrl Pts',(952.232564918802,-304.561169712675,6.06));
#8308=CARTESIAN_POINT('Ctrl Pts',(951.633779762552,-305.1641716658,6.51));
#8309=CARTESIAN_POINT('Ctrl Pts',(951.633779762552,-305.1641716658,6.06));
#8310=CARTESIAN_POINT('Ctrl Pts',(951.642213356302,-305.17260525955,6.51));
#8311=CARTESIAN_POINT('Ctrl Pts',(951.642213356302,-305.17260525955,6.06));
#8312=CARTESIAN_POINT('Ctrl Pts',(951.743416481302,-305.13887088455,6.51));
#8313=CARTESIAN_POINT('Ctrl Pts',(951.743416481302,-305.13887088455,6.06));
#8314=CARTESIAN_POINT('Ctrl Pts',(951.857269996927,-305.084052525175,6.51));
#8315=CARTESIAN_POINT('Ctrl Pts',(951.857269996927,-305.084052525175,6.06));
#8316=CARTESIAN_POINT('',(951.633779762552,-305.1641716658,6.51));
#8317=CARTESIAN_POINT('Ctrl Pts',(951.633779762552,-305.1641716658,6.51));
#8318=CARTESIAN_POINT('Ctrl Pts',(951.642213356302,-305.17260525955,6.51));
#8319=CARTESIAN_POINT('Ctrl Pts',(951.743416481302,-305.13887088455,6.51));
#8320=CARTESIAN_POINT('Ctrl Pts',(951.857269996927,-305.084052525175,6.51));
#8321=CARTESIAN_POINT('',(951.633779762552,-305.1641716658,6.06));
#8322=CARTESIAN_POINT('',(951.633779762552,-305.1641716658,6.51));
#8323=CARTESIAN_POINT('Ctrl Pts',(951.633779762552,-305.1641716658,6.06));
#8324=CARTESIAN_POINT('Ctrl Pts',(951.642213356302,-305.17260525955,6.06));
#8325=CARTESIAN_POINT('Ctrl Pts',(951.743416481302,-305.13887088455,6.06));
#8326=CARTESIAN_POINT('Ctrl Pts',(951.857269996927,-305.084052525175,6.06));
#8327=CARTESIAN_POINT('Ctrl Pts',(951.954256325052,-304.687673618925,6.51));
#8328=CARTESIAN_POINT('Ctrl Pts',(951.954256325052,-304.687673618925,6.06));
#8329=CARTESIAN_POINT('Ctrl Pts',(951.713898903177,-304.91959744705,6.51));
#8330=CARTESIAN_POINT('Ctrl Pts',(951.713898903177,-304.91959744705,6.06));
#8331=CARTESIAN_POINT('Ctrl Pts',(951.583178200052,-305.1135701033,6.51));
#8332=CARTESIAN_POINT('Ctrl Pts',(951.583178200052,-305.1135701033,6.06));
#8333=CARTESIAN_POINT('Ctrl Pts',(951.633779762552,-305.1641716658,6.51));
#8334=CARTESIAN_POINT('Ctrl Pts',(951.633779762552,-305.1641716658,6.06));
#8335=CARTESIAN_POINT('',(951.954256325052,-304.687673618925,6.51));
#8336=CARTESIAN_POINT('Ctrl Pts',(951.954256325052,-304.687673618925,6.51));
#8337=CARTESIAN_POINT('Ctrl Pts',(951.713898903177,-304.91959744705,6.51));
#8338=CARTESIAN_POINT('Ctrl Pts',(951.583178200052,-305.1135701033,6.51));
#8339=CARTESIAN_POINT('Ctrl Pts',(951.633779762552,-305.1641716658,6.51));
#8340=CARTESIAN_POINT('',(951.954256325052,-304.687673618925,6.06));
#8341=CARTESIAN_POINT('',(951.954256325052,-304.687673618925,6.51));
#8342=CARTESIAN_POINT('Ctrl Pts',(951.954256325052,-304.687673618925,6.06));
#8343=CARTESIAN_POINT('Ctrl Pts',(951.713898903177,-304.91959744705,6.06));
#8344=CARTESIAN_POINT('Ctrl Pts',(951.583178200052,-305.1135701033,6.06));
#8345=CARTESIAN_POINT('Ctrl Pts',(951.633779762552,-305.1641716658,6.06));
#8346=CARTESIAN_POINT('Ctrl Pts',(952.245215309427,-304.426232212675,6.51));
#8347=CARTESIAN_POINT('Ctrl Pts',(952.245215309427,-304.426232212675,6.06));
#8348=CARTESIAN_POINT('Ctrl Pts',(952.236781715677,-304.426232212675,6.51));
#8349=CARTESIAN_POINT('Ctrl Pts',(952.236781715677,-304.426232212675,6.06));
#8350=CARTESIAN_POINT('Ctrl Pts',(952.106061012552,-304.544302525175,6.51));
#8351=CARTESIAN_POINT('Ctrl Pts',(952.106061012552,-304.544302525175,6.06));
#8352=CARTESIAN_POINT('Ctrl Pts',(951.954256325052,-304.687673618925,6.51));
#8353=CARTESIAN_POINT('Ctrl Pts',(951.954256325052,-304.687673618925,6.06));
#8354=CARTESIAN_POINT('Ctrl Pts',(952.245215309427,-304.426232212675,6.51));
#8355=CARTESIAN_POINT('Ctrl Pts',(952.236781715677,-304.426232212675,6.51));
#8356=CARTESIAN_POINT('Ctrl Pts',(952.106061012552,-304.544302525175,6.51));
#8357=CARTESIAN_POINT('Ctrl Pts',(951.954256325052,-304.687673618925,6.51));
#8358=CARTESIAN_POINT('Ctrl Pts',(952.245215309427,-304.426232212675,6.06));
#8359=CARTESIAN_POINT('Ctrl Pts',(952.236781715677,-304.426232212675,6.06));
#8360=CARTESIAN_POINT('Ctrl Pts',(952.106061012552,-304.544302525175,6.06));
#8361=CARTESIAN_POINT('Ctrl Pts',(951.954256325052,-304.687673618925,6.06));
#8362=CARTESIAN_POINT('Ctrl Pts',(954.661439918802,-303.3425154158,6.51));
#8363=CARTESIAN_POINT('Ctrl Pts',(954.661439918802,-303.3425154158,6.06));
#8364=CARTESIAN_POINT('Ctrl Pts',(954.834328590677,-303.2413122908,6.51));
#8365=CARTESIAN_POINT('Ctrl Pts',(954.834328590677,-303.2413122908,6.06));
#8366=CARTESIAN_POINT('Ctrl Pts',(954.948182106302,-303.161193150175,6.51));
#8367=CARTESIAN_POINT('Ctrl Pts',(954.948182106302,-303.161193150175,6.06));
#8368=CARTESIAN_POINT('Ctrl Pts',(954.914447731302,-303.16540994705,6.51));
#8369=CARTESIAN_POINT('Ctrl Pts',(954.914447731302,-303.16540994705,6.06));
#8370=CARTESIAN_POINT('',(954.661439918802,-303.3425154158,6.51));
#8371=CARTESIAN_POINT('',(954.914447731302,-303.16540994705,6.51));
#8372=CARTESIAN_POINT('Ctrl Pts',(954.661439918802,-303.3425154158,6.51));
#8373=CARTESIAN_POINT('Ctrl Pts',(954.834328590677,-303.2413122908,6.51));
#8374=CARTESIAN_POINT('Ctrl Pts',(954.948182106302,-303.161193150175,6.51));
#8375=CARTESIAN_POINT('Ctrl Pts',(954.914447731302,-303.16540994705,6.51));
#8376=CARTESIAN_POINT('',(954.661439918802,-303.3425154158,6.06));
#8377=CARTESIAN_POINT('',(954.661439918802,-303.3425154158,6.51));
#8378=CARTESIAN_POINT('',(954.914447731302,-303.16540994705,6.06));
#8379=CARTESIAN_POINT('Ctrl Pts',(954.661439918802,-303.3425154158,6.06));
#8380=CARTESIAN_POINT('Ctrl Pts',(954.834328590677,-303.2413122908,6.06));
#8381=CARTESIAN_POINT('Ctrl Pts',(954.948182106302,-303.161193150175,6.06));
#8382=CARTESIAN_POINT('Ctrl Pts',(954.914447731302,-303.16540994705,6.06));
#8383=CARTESIAN_POINT('',(954.914447731302,-303.16540994705,6.51));
#8384=CARTESIAN_POINT('Ctrl Pts',(954.050004371927,-303.75576150955,6.51));
#8385=CARTESIAN_POINT('Ctrl Pts',(954.050004371927,-303.75576150955,6.06));
#8386=CARTESIAN_POINT('Ctrl Pts',(954.210242653177,-303.6292576033,6.51));
#8387=CARTESIAN_POINT('Ctrl Pts',(954.210242653177,-303.6292576033,6.06));
#8388=CARTESIAN_POINT('Ctrl Pts',(954.484334450052,-303.439501743925,6.51));
#8389=CARTESIAN_POINT('Ctrl Pts',(954.484334450052,-303.439501743925,6.06));
#8390=CARTESIAN_POINT('Ctrl Pts',(954.661439918802,-303.3425154158,6.51));
#8391=CARTESIAN_POINT('Ctrl Pts',(954.661439918802,-303.3425154158,6.06));
#8392=CARTESIAN_POINT('',(954.050004371927,-303.75576150955,6.51));
#8393=CARTESIAN_POINT('Ctrl Pts',(954.050004371927,-303.75576150955,6.51));
#8394=CARTESIAN_POINT('Ctrl Pts',(954.210242653177,-303.6292576033,6.51));
#8395=CARTESIAN_POINT('Ctrl Pts',(954.484334450052,-303.439501743925,6.51));
#8396=CARTESIAN_POINT('Ctrl Pts',(954.661439918802,-303.3425154158,6.51));
#8397=CARTESIAN_POINT('',(954.050004371927,-303.75576150955,6.06));
#8398=CARTESIAN_POINT('',(954.050004371927,-303.75576150955,6.51));
#8399=CARTESIAN_POINT('Ctrl Pts',(954.050004371927,-303.75576150955,6.06));
#8400=CARTESIAN_POINT('Ctrl Pts',(954.210242653177,-303.6292576033,6.06));
#8401=CARTESIAN_POINT('Ctrl Pts',(954.484334450052,-303.439501743925,6.06));
#8402=CARTESIAN_POINT('Ctrl Pts',(954.661439918802,-303.3425154158,6.06));
#8403=CARTESIAN_POINT('Ctrl Pts',(953.328932106302,-304.249126743925,6.51));
#8404=CARTESIAN_POINT('Ctrl Pts',(953.328932106302,-304.249126743925,6.06));
#8405=CARTESIAN_POINT('Ctrl Pts',(953.354232887552,-304.2702107283,6.51));
#8406=CARTESIAN_POINT('Ctrl Pts',(953.354232887552,-304.2702107283,6.06));
#8407=CARTESIAN_POINT('Ctrl Pts',(953.687359840677,-304.046720493925,6.51));
#8408=CARTESIAN_POINT('Ctrl Pts',(953.687359840677,-304.046720493925,6.06));
#8409=CARTESIAN_POINT('Ctrl Pts',(954.050004371927,-303.75576150955,6.51));
#8410=CARTESIAN_POINT('Ctrl Pts',(954.050004371927,-303.75576150955,6.06));
#8411=CARTESIAN_POINT('',(953.328932106302,-304.249126743925,6.51));
#8412=CARTESIAN_POINT('Ctrl Pts',(953.328932106302,-304.249126743925,6.51));
#8413=CARTESIAN_POINT('Ctrl Pts',(953.354232887552,-304.2702107283,6.51));
#8414=CARTESIAN_POINT('Ctrl Pts',(953.687359840677,-304.046720493925,6.51));
#8415=CARTESIAN_POINT('Ctrl Pts',(954.050004371927,-303.75576150955,6.51));
#8416=CARTESIAN_POINT('',(953.328932106302,-304.249126743925,6.06));
#8417=CARTESIAN_POINT('',(953.328932106302,-304.249126743925,6.51));
#8418=CARTESIAN_POINT('Ctrl Pts',(953.328932106302,-304.249126743925,6.06));
#8419=CARTESIAN_POINT('Ctrl Pts',(953.354232887552,-304.2702107283,6.06));
#8420=CARTESIAN_POINT('Ctrl Pts',(953.687359840677,-304.046720493925,6.06));
#8421=CARTESIAN_POINT('Ctrl Pts',(954.050004371927,-303.75576150955,6.06));
#8422=CARTESIAN_POINT('Ctrl Pts',(954.024703590677,-303.5280544783,6.51));
#8423=CARTESIAN_POINT('Ctrl Pts',(954.024703590677,-303.5280544783,6.06));
#8424=CARTESIAN_POINT('Ctrl Pts',(953.826514137552,-303.667208775175,6.51));
#8425=CARTESIAN_POINT('Ctrl Pts',(953.826514137552,-303.667208775175,6.06));
#8426=CARTESIAN_POINT('Ctrl Pts',(953.295197731302,-304.215392368925,6.51));
#8427=CARTESIAN_POINT('Ctrl Pts',(953.295197731302,-304.215392368925,6.06));
#8428=CARTESIAN_POINT('Ctrl Pts',(953.328932106302,-304.249126743925,6.51));
#8429=CARTESIAN_POINT('Ctrl Pts',(953.328932106302,-304.249126743925,6.06));
#8430=CARTESIAN_POINT('',(954.024703590677,-303.5280544783,6.51));
#8431=CARTESIAN_POINT('Ctrl Pts',(954.024703590677,-303.5280544783,6.51));
#8432=CARTESIAN_POINT('Ctrl Pts',(953.826514137552,-303.667208775175,6.51));
#8433=CARTESIAN_POINT('Ctrl Pts',(953.295197731302,-304.215392368925,6.51));
#8434=CARTESIAN_POINT('Ctrl Pts',(953.328932106302,-304.249126743925,6.51));
#8435=CARTESIAN_POINT('',(954.024703590677,-303.5280544783,6.06));
#8436=CARTESIAN_POINT('',(954.024703590677,-303.5280544783,6.51));
#8437=CARTESIAN_POINT('Ctrl Pts',(954.024703590677,-303.5280544783,6.06));
#8438=CARTESIAN_POINT('Ctrl Pts',(953.826514137552,-303.667208775175,6.06));
#8439=CARTESIAN_POINT('Ctrl Pts',(953.295197731302,-304.215392368925,6.06));
#8440=CARTESIAN_POINT('Ctrl Pts',(953.328932106302,-304.249126743925,6.06));
#8441=CARTESIAN_POINT('Ctrl Pts',(954.914447731302,-303.16540994705,6.51));
#8442=CARTESIAN_POINT('Ctrl Pts',(954.914447731302,-303.16540994705,6.06));
#8443=CARTESIAN_POINT('Ctrl Pts',(954.775293434427,-303.169626743925,6.51));
#8444=CARTESIAN_POINT('Ctrl Pts',(954.775293434427,-303.169626743925,6.06));
#8445=CARTESIAN_POINT('Ctrl Pts',(954.206025856302,-303.40155057205,6.51));
#8446=CARTESIAN_POINT('Ctrl Pts',(954.206025856302,-303.40155057205,6.06));
#8447=CARTESIAN_POINT('Ctrl Pts',(954.024703590677,-303.5280544783,6.51));
#8448=CARTESIAN_POINT('Ctrl Pts',(954.024703590677,-303.5280544783,6.06));
#8449=CARTESIAN_POINT('Ctrl Pts',(954.914447731302,-303.16540994705,6.51));
#8450=CARTESIAN_POINT('Ctrl Pts',(954.775293434427,-303.169626743925,6.51));
#8451=CARTESIAN_POINT('Ctrl Pts',(954.206025856302,-303.40155057205,6.51));
#8452=CARTESIAN_POINT('Ctrl Pts',(954.024703590677,-303.5280544783,6.51));
#8453=CARTESIAN_POINT('Ctrl Pts',(954.914447731302,-303.16540994705,6.06));
#8454=CARTESIAN_POINT('Ctrl Pts',(954.775293434427,-303.169626743925,6.06));
#8455=CARTESIAN_POINT('Ctrl Pts',(954.206025856302,-303.40155057205,6.06));
#8456=CARTESIAN_POINT('Ctrl Pts',(954.024703590677,-303.5280544783,6.06));
#8457=CARTESIAN_POINT('Ctrl Pts',(955.234924293802,-302.722646275175,6.51));
#8458=CARTESIAN_POINT('Ctrl Pts',(955.234924293802,-302.722646275175,6.06));
#8459=CARTESIAN_POINT('Ctrl Pts',(955.690338356302,-302.60879275955,6.51));
#8460=CARTESIAN_POINT('Ctrl Pts',(955.690338356302,-302.60879275955,6.06));
#8461=CARTESIAN_POINT('Ctrl Pts',(956.238521950052,-302.393736118925,6.51));
#8462=CARTESIAN_POINT('Ctrl Pts',(956.238521950052,-302.393736118925,6.06));
#8463=CARTESIAN_POINT('Ctrl Pts',(956.580082496927,-302.1955466658,6.51));
#8464=CARTESIAN_POINT('Ctrl Pts',(956.580082496927,-302.1955466658,6.06));
#8465=CARTESIAN_POINT('',(955.234924293802,-302.722646275175,6.51));
#8466=CARTESIAN_POINT('',(956.580082496927,-302.1955466658,6.51));
#8467=CARTESIAN_POINT('Ctrl Pts',(955.234924293802,-302.722646275175,6.51));
#8468=CARTESIAN_POINT('Ctrl Pts',(955.690338356302,-302.60879275955,6.51));
#8469=CARTESIAN_POINT('Ctrl Pts',(956.238521950052,-302.393736118925,6.51));
#8470=CARTESIAN_POINT('Ctrl Pts',(956.580082496927,-302.1955466658,6.51));
#8471=CARTESIAN_POINT('',(955.234924293802,-302.722646275175,6.06));
#8472=CARTESIAN_POINT('',(955.234924293802,-302.722646275175,6.51));
#8473=CARTESIAN_POINT('',(956.580082496927,-302.1955466658,6.06));
#8474=CARTESIAN_POINT('Ctrl Pts',(955.234924293802,-302.722646275175,6.06));
#8475=CARTESIAN_POINT('Ctrl Pts',(955.690338356302,-302.60879275955,6.06));
#8476=CARTESIAN_POINT('Ctrl Pts',(956.238521950052,-302.393736118925,6.06));
#8477=CARTESIAN_POINT('Ctrl Pts',(956.580082496927,-302.1955466658,6.06));
#8478=CARTESIAN_POINT('',(956.580082496927,-302.1955466658,6.51));
#8479=CARTESIAN_POINT('Ctrl Pts',(954.454816871927,-302.933486118925,6.51));
#8480=CARTESIAN_POINT('Ctrl Pts',(954.454816871927,-302.933486118925,6.06));
#8481=CARTESIAN_POINT('Ctrl Pts',(954.648789528177,-302.874450962675,6.51));
#8482=CARTESIAN_POINT('Ctrl Pts',(954.648789528177,-302.874450962675,6.06));
#8483=CARTESIAN_POINT('Ctrl Pts',(954.998783668802,-302.781681431425,6.51));
#8484=CARTESIAN_POINT('Ctrl Pts',(954.998783668802,-302.781681431425,6.06));
#8485=CARTESIAN_POINT('Ctrl Pts',(955.234924293802,-302.722646275175,6.51));
#8486=CARTESIAN_POINT('Ctrl Pts',(955.234924293802,-302.722646275175,6.06));
#8487=CARTESIAN_POINT('',(954.454816871927,-302.933486118925,6.51));
#8488=CARTESIAN_POINT('Ctrl Pts',(954.454816871927,-302.933486118925,6.51));
#8489=CARTESIAN_POINT('Ctrl Pts',(954.648789528177,-302.874450962675,6.51));
#8490=CARTESIAN_POINT('Ctrl Pts',(954.998783668802,-302.781681431425,6.51));
#8491=CARTESIAN_POINT('Ctrl Pts',(955.234924293802,-302.722646275175,6.51));
#8492=CARTESIAN_POINT('',(954.454816871927,-302.933486118925,6.06));
#8493=CARTESIAN_POINT('',(954.454816871927,-302.933486118925,6.51));
#8494=CARTESIAN_POINT('Ctrl Pts',(954.454816871927,-302.933486118925,6.06));
#8495=CARTESIAN_POINT('Ctrl Pts',(954.648789528177,-302.874450962675,6.06));
#8496=CARTESIAN_POINT('Ctrl Pts',(954.998783668802,-302.781681431425,6.06));
#8497=CARTESIAN_POINT('Ctrl Pts',(955.234924293802,-302.722646275175,6.06));
#8498=CARTESIAN_POINT('Ctrl Pts',(954.083738746927,-303.017822056425,6.51));
#8499=CARTESIAN_POINT('Ctrl Pts',(954.083738746927,-303.017822056425,6.06));
#8500=CARTESIAN_POINT('Ctrl Pts',(954.096389137552,-303.03047244705,6.51));
#8501=CARTESIAN_POINT('Ctrl Pts',(954.096389137552,-303.03047244705,6.06));
#8502=CARTESIAN_POINT('Ctrl Pts',(954.265061012552,-302.992521275175,6.51));
#8503=CARTESIAN_POINT('Ctrl Pts',(954.265061012552,-302.992521275175,6.06));
#8504=CARTESIAN_POINT('Ctrl Pts',(954.454816871927,-302.933486118925,6.51));
#8505=CARTESIAN_POINT('Ctrl Pts',(954.454816871927,-302.933486118925,6.06));
#8506=CARTESIAN_POINT('',(954.083738746927,-303.017822056425,6.51));
#8507=CARTESIAN_POINT('Ctrl Pts',(954.083738746927,-303.017822056425,6.51));
#8508=CARTESIAN_POINT('Ctrl Pts',(954.096389137552,-303.03047244705,6.51));
#8509=CARTESIAN_POINT('Ctrl Pts',(954.265061012552,-302.992521275175,6.51));
#8510=CARTESIAN_POINT('Ctrl Pts',(954.454816871927,-302.933486118925,6.51));
#8511=CARTESIAN_POINT('',(954.083738746927,-303.017822056425,6.06));
#8512=CARTESIAN_POINT('',(954.083738746927,-303.017822056425,6.51));
#8513=CARTESIAN_POINT('Ctrl Pts',(954.083738746927,-303.017822056425,6.06));
#8514=CARTESIAN_POINT('Ctrl Pts',(954.096389137552,-303.03047244705,6.06));
#8515=CARTESIAN_POINT('Ctrl Pts',(954.265061012552,-302.992521275175,6.06));
#8516=CARTESIAN_POINT('Ctrl Pts',(954.454816871927,-302.933486118925,6.06));
#8517=CARTESIAN_POINT('Ctrl Pts',(954.450600075052,-302.368435337675,6.51));
#8518=CARTESIAN_POINT('Ctrl Pts',(954.450600075052,-302.368435337675,6.06));
#8519=CARTESIAN_POINT('Ctrl Pts',(954.281928200052,-302.545540806425,6.51));
#8520=CARTESIAN_POINT('Ctrl Pts',(954.281928200052,-302.545540806425,6.06));
#8521=CARTESIAN_POINT('Ctrl Pts',(954.037353981302,-302.975654087675,6.51));
#8522=CARTESIAN_POINT('Ctrl Pts',(954.037353981302,-302.975654087675,6.06));
#8523=CARTESIAN_POINT('Ctrl Pts',(954.083738746927,-303.017822056425,6.51));
#8524=CARTESIAN_POINT('Ctrl Pts',(954.083738746927,-303.017822056425,6.06));
#8525=CARTESIAN_POINT('',(954.450600075052,-302.368435337675,6.51));
#8526=CARTESIAN_POINT('Ctrl Pts',(954.450600075052,-302.368435337675,6.51));
#8527=CARTESIAN_POINT('Ctrl Pts',(954.281928200052,-302.545540806425,6.51));
#8528=CARTESIAN_POINT('Ctrl Pts',(954.037353981302,-302.975654087675,6.51));
#8529=CARTESIAN_POINT('Ctrl Pts',(954.083738746927,-303.017822056425,6.51));
#8530=CARTESIAN_POINT('',(954.450600075052,-302.368435337675,6.06));
#8531=CARTESIAN_POINT('',(954.450600075052,-302.368435337675,6.51));
#8532=CARTESIAN_POINT('Ctrl Pts',(954.450600075052,-302.368435337675,6.06));
#8533=CARTESIAN_POINT('Ctrl Pts',(954.281928200052,-302.545540806425,6.06));
#8534=CARTESIAN_POINT('Ctrl Pts',(954.037353981302,-302.975654087675,6.06));
#8535=CARTESIAN_POINT('Ctrl Pts',(954.083738746927,-303.017822056425,6.06));
#8536=CARTESIAN_POINT('Ctrl Pts',(954.602404762552,-302.191329868925,6.51));
#8537=CARTESIAN_POINT('Ctrl Pts',(954.602404762552,-302.191329868925,6.06));
#8538=CARTESIAN_POINT('Ctrl Pts',(954.610838356302,-302.191329868925,6.51));
#8539=CARTESIAN_POINT('Ctrl Pts',(954.610838356302,-302.191329868925,6.06));
#8540=CARTESIAN_POINT('Ctrl Pts',(954.543369606302,-302.27144900955,6.51));
#8541=CARTESIAN_POINT('Ctrl Pts',(954.543369606302,-302.27144900955,6.06));
#8542=CARTESIAN_POINT('Ctrl Pts',(954.450600075052,-302.368435337675,6.51));
#8543=CARTESIAN_POINT('Ctrl Pts',(954.450600075052,-302.368435337675,6.06));
#8544=CARTESIAN_POINT('',(954.602404762552,-302.191329868925,6.51));
#8545=CARTESIAN_POINT('Ctrl Pts',(954.602404762552,-302.191329868925,6.51));
#8546=CARTESIAN_POINT('Ctrl Pts',(954.610838356302,-302.191329868925,6.51));
#8547=CARTESIAN_POINT('Ctrl Pts',(954.543369606302,-302.27144900955,6.51));
#8548=CARTESIAN_POINT('Ctrl Pts',(954.450600075052,-302.368435337675,6.51));
#8549=CARTESIAN_POINT('',(954.602404762552,-302.191329868925,6.06));
#8550=CARTESIAN_POINT('',(954.602404762552,-302.191329868925,6.51));
#8551=CARTESIAN_POINT('Ctrl Pts',(954.602404762552,-302.191329868925,6.06));
#8552=CARTESIAN_POINT('Ctrl Pts',(954.610838356302,-302.191329868925,6.06));
#8553=CARTESIAN_POINT('Ctrl Pts',(954.543369606302,-302.27144900955,6.06));
#8554=CARTESIAN_POINT('Ctrl Pts',(954.450600075052,-302.368435337675,6.06));
#8555=CARTESIAN_POINT('Ctrl Pts',(954.362047340677,-302.275665806425,6.51));
#8556=CARTESIAN_POINT('Ctrl Pts',(954.362047340677,-302.275665806425,6.06));
#8557=CARTESIAN_POINT('Ctrl Pts',(954.480117653177,-302.2292810408,6.51));
#8558=CARTESIAN_POINT('Ctrl Pts',(954.480117653177,-302.2292810408,6.06));
#8559=CARTESIAN_POINT('Ctrl Pts',(954.589754371927,-302.191329868925,6.51));
#8560=CARTESIAN_POINT('Ctrl Pts',(954.589754371927,-302.191329868925,6.06));
#8561=CARTESIAN_POINT('Ctrl Pts',(954.602404762552,-302.191329868925,6.51));
#8562=CARTESIAN_POINT('Ctrl Pts',(954.602404762552,-302.191329868925,6.06));
#8563=CARTESIAN_POINT('',(954.362047340677,-302.275665806425,6.51));
#8564=CARTESIAN_POINT('Ctrl Pts',(954.362047340677,-302.275665806425,6.51));
#8565=CARTESIAN_POINT('Ctrl Pts',(954.480117653177,-302.2292810408,6.51));
#8566=CARTESIAN_POINT('Ctrl Pts',(954.589754371927,-302.191329868925,6.51));
#8567=CARTESIAN_POINT('Ctrl Pts',(954.602404762552,-302.191329868925,6.51));
#8568=CARTESIAN_POINT('',(954.362047340677,-302.275665806425,6.06));
#8569=CARTESIAN_POINT('',(954.362047340677,-302.275665806425,6.51));
#8570=CARTESIAN_POINT('Ctrl Pts',(954.362047340677,-302.275665806425,6.06));
#8571=CARTESIAN_POINT('Ctrl Pts',(954.480117653177,-302.2292810408,6.06));
#8572=CARTESIAN_POINT('Ctrl Pts',(954.589754371927,-302.191329868925,6.06));
#8573=CARTESIAN_POINT('Ctrl Pts',(954.602404762552,-302.191329868925,6.06));
#8574=CARTESIAN_POINT('Ctrl Pts',(953.295197731302,-303.0557732283,6.51));
#8575=CARTESIAN_POINT('Ctrl Pts',(953.295197731302,-303.0557732283,6.06));
#8576=CARTESIAN_POINT('Ctrl Pts',(953.700010231302,-302.646743931425,6.51));
#8577=CARTESIAN_POINT('Ctrl Pts',(953.700010231302,-302.646743931425,6.06));
#8578=CARTESIAN_POINT('Ctrl Pts',(954.016269996927,-302.4148201033,6.51));
#8579=CARTESIAN_POINT('Ctrl Pts',(954.016269996927,-302.4148201033,6.06));
#8580=CARTESIAN_POINT('Ctrl Pts',(954.362047340677,-302.275665806425,6.51));
#8581=CARTESIAN_POINT('Ctrl Pts',(954.362047340677,-302.275665806425,6.06));
#8582=CARTESIAN_POINT('',(953.295197731302,-303.0557732283,6.51));
#8583=CARTESIAN_POINT('Ctrl Pts',(953.295197731302,-303.0557732283,6.51));
#8584=CARTESIAN_POINT('Ctrl Pts',(953.700010231302,-302.646743931425,6.51));
#8585=CARTESIAN_POINT('Ctrl Pts',(954.016269996927,-302.4148201033,6.51));
#8586=CARTESIAN_POINT('Ctrl Pts',(954.362047340677,-302.275665806425,6.51));
#8587=CARTESIAN_POINT('',(953.295197731302,-303.0557732283,6.06));
#8588=CARTESIAN_POINT('',(953.295197731302,-303.0557732283,6.51));
#8589=CARTESIAN_POINT('Ctrl Pts',(953.295197731302,-303.0557732283,6.06));
#8590=CARTESIAN_POINT('Ctrl Pts',(953.700010231302,-302.646743931425,6.06));
#8591=CARTESIAN_POINT('Ctrl Pts',(954.016269996927,-302.4148201033,6.06));
#8592=CARTESIAN_POINT('Ctrl Pts',(954.362047340677,-302.275665806425,6.06));
#8593=CARTESIAN_POINT('Origin',(952.924119606302,-303.43528494705,6.51));
#8594=CARTESIAN_POINT('',(952.924119606302,-303.43528494705,6.51));
#8595=CARTESIAN_POINT('',(943.41511293488,-313.160405406456,6.51));
#8596=CARTESIAN_POINT('',(952.924119606302,-303.43528494705,6.06));
#8597=CARTESIAN_POINT('',(952.924119606302,-303.43528494705,6.51));
#8598=CARTESIAN_POINT('',(953.295197731302,-303.0557732283,6.06));
#8599=CARTESIAN_POINT('Origin',(952.953637184427,-303.18227713455,6.51));
#8600=CARTESIAN_POINT('',(952.953637184427,-303.18227713455,6.51));
#8601=CARTESIAN_POINT('',(951.124390124975,-318.86153764415,6.51));
#8602=CARTESIAN_POINT('',(952.953637184427,-303.18227713455,6.06));
#8603=CARTESIAN_POINT('',(952.953637184427,-303.18227713455,6.51));
#8604=CARTESIAN_POINT('',(952.924119606302,-303.43528494705,6.06));
#8605=CARTESIAN_POINT('Ctrl Pts',(952.936769996927,-302.823849400175,6.51));
#8606=CARTESIAN_POINT('Ctrl Pts',(952.936769996927,-302.823849400175,6.06));
#8607=CARTESIAN_POINT('Ctrl Pts',(952.962070778177,-302.882884556425,6.51));
#8608=CARTESIAN_POINT('Ctrl Pts',(952.962070778177,-302.882884556425,6.06));
#8609=CARTESIAN_POINT('Ctrl Pts',(952.966287575052,-303.0389060408,6.51));
#8610=CARTESIAN_POINT('Ctrl Pts',(952.966287575052,-303.0389060408,6.06));
#8611=CARTESIAN_POINT('Ctrl Pts',(952.953637184427,-303.18227713455,6.51));
#8612=CARTESIAN_POINT('Ctrl Pts',(952.953637184427,-303.18227713455,6.06));
#8613=CARTESIAN_POINT('',(952.936769996927,-302.823849400175,6.51));
#8614=CARTESIAN_POINT('Ctrl Pts',(952.936769996927,-302.823849400175,6.51));
#8615=CARTESIAN_POINT('Ctrl Pts',(952.962070778177,-302.882884556425,6.51));
#8616=CARTESIAN_POINT('Ctrl Pts',(952.966287575052,-303.0389060408,6.51));
#8617=CARTESIAN_POINT('Ctrl Pts',(952.953637184427,-303.18227713455,6.51));
#8618=CARTESIAN_POINT('',(952.936769996927,-302.823849400175,6.06));
#8619=CARTESIAN_POINT('',(952.936769996927,-302.823849400175,6.51));
#8620=CARTESIAN_POINT('Ctrl Pts',(952.936769996927,-302.823849400175,6.06));
#8621=CARTESIAN_POINT('Ctrl Pts',(952.962070778177,-302.882884556425,6.06));
#8622=CARTESIAN_POINT('Ctrl Pts',(952.966287575052,-303.0389060408,6.06));
#8623=CARTESIAN_POINT('Ctrl Pts',(952.953637184427,-303.18227713455,6.06));
#8624=CARTESIAN_POINT('Ctrl Pts',(952.894602028177,-302.7690310408,6.51));
#8625=CARTESIAN_POINT('Ctrl Pts',(952.894602028177,-302.7690310408,6.06));
#8626=CARTESIAN_POINT('Ctrl Pts',(952.894602028177,-302.739513462675,6.51));
#8627=CARTESIAN_POINT('Ctrl Pts',(952.894602028177,-302.739513462675,6.06));
#8628=CARTESIAN_POINT('Ctrl Pts',(952.915686012552,-302.764814243925,6.51));
#8629=CARTESIAN_POINT('Ctrl Pts',(952.915686012552,-302.764814243925,6.06));
#8630=CARTESIAN_POINT('Ctrl Pts',(952.936769996927,-302.823849400175,6.51));
#8631=CARTESIAN_POINT('Ctrl Pts',(952.936769996927,-302.823849400175,6.06));
#8632=CARTESIAN_POINT('',(952.894602028177,-302.7690310408,6.51));
#8633=CARTESIAN_POINT('Ctrl Pts',(952.894602028177,-302.7690310408,6.51));
#8634=CARTESIAN_POINT('Ctrl Pts',(952.894602028177,-302.739513462675,6.51));
#8635=CARTESIAN_POINT('Ctrl Pts',(952.915686012552,-302.764814243925,6.51));
#8636=CARTESIAN_POINT('Ctrl Pts',(952.936769996927,-302.823849400175,6.51));
#8637=CARTESIAN_POINT('',(952.894602028177,-302.7690310408,6.06));
#8638=CARTESIAN_POINT('',(952.894602028177,-302.7690310408,6.51));
#8639=CARTESIAN_POINT('Ctrl Pts',(952.894602028177,-302.7690310408,6.06));
#8640=CARTESIAN_POINT('Ctrl Pts',(952.894602028177,-302.739513462675,6.06));
#8641=CARTESIAN_POINT('Ctrl Pts',(952.915686012552,-302.764814243925,6.06));
#8642=CARTESIAN_POINT('Ctrl Pts',(952.936769996927,-302.823849400175,6.06));
#8643=CARTESIAN_POINT('Ctrl Pts',(951.789801246927,-304.088888462675,6.51));
#8644=CARTESIAN_POINT('Ctrl Pts',(951.789801246927,-304.088888462675,6.06));
#8645=CARTESIAN_POINT('Ctrl Pts',(951.895221168802,-304.088888462675,6.51));
#8646=CARTESIAN_POINT('Ctrl Pts',(951.895221168802,-304.088888462675,6.06));
#8647=CARTESIAN_POINT('Ctrl Pts',(952.886168434427,-302.9039685408,6.51));
#8648=CARTESIAN_POINT('Ctrl Pts',(952.886168434427,-302.9039685408,6.06));
#8649=CARTESIAN_POINT('Ctrl Pts',(952.894602028177,-302.7690310408,6.51));
#8650=CARTESIAN_POINT('Ctrl Pts',(952.894602028177,-302.7690310408,6.06));
#8651=CARTESIAN_POINT('',(951.789801246927,-304.088888462675,6.51));
#8652=CARTESIAN_POINT('Ctrl Pts',(951.789801246927,-304.088888462675,6.51));
#8653=CARTESIAN_POINT('Ctrl Pts',(951.895221168802,-304.088888462675,6.51));
#8654=CARTESIAN_POINT('Ctrl Pts',(952.886168434427,-302.9039685408,6.51));
#8655=CARTESIAN_POINT('Ctrl Pts',(952.894602028177,-302.7690310408,6.51));
#8656=CARTESIAN_POINT('',(951.789801246927,-304.088888462675,6.06));
#8657=CARTESIAN_POINT('',(951.789801246927,-304.088888462675,6.51));
#8658=CARTESIAN_POINT('Ctrl Pts',(951.789801246927,-304.088888462675,6.06));
#8659=CARTESIAN_POINT('Ctrl Pts',(951.895221168802,-304.088888462675,6.06));
#8660=CARTESIAN_POINT('Ctrl Pts',(952.886168434427,-302.9039685408,6.06));
#8661=CARTESIAN_POINT('Ctrl Pts',(952.894602028177,-302.7690310408,6.06));
#8662=CARTESIAN_POINT('Ctrl Pts',(951.743416481302,-303.878048618925,6.51));
#8663=CARTESIAN_POINT('Ctrl Pts',(951.743416481302,-303.878048618925,6.06));
#8664=CARTESIAN_POINT('Ctrl Pts',(951.751850075052,-303.99190213455,6.51));
#8665=CARTESIAN_POINT('Ctrl Pts',(951.751850075052,-303.99190213455,6.06));
#8666=CARTESIAN_POINT('Ctrl Pts',(951.772934059427,-304.088888462675,6.51));
#8667=CARTESIAN_POINT('Ctrl Pts',(951.772934059427,-304.088888462675,6.06));
#8668=CARTESIAN_POINT('Ctrl Pts',(951.789801246927,-304.088888462675,6.51));
#8669=CARTESIAN_POINT('Ctrl Pts',(951.789801246927,-304.088888462675,6.06));
#8670=CARTESIAN_POINT('',(951.743416481302,-303.878048618925,6.51));
#8671=CARTESIAN_POINT('Ctrl Pts',(951.743416481302,-303.878048618925,6.51));
#8672=CARTESIAN_POINT('Ctrl Pts',(951.751850075052,-303.99190213455,6.51));
#8673=CARTESIAN_POINT('Ctrl Pts',(951.772934059427,-304.088888462675,6.51));
#8674=CARTESIAN_POINT('Ctrl Pts',(951.789801246927,-304.088888462675,6.51));
#8675=CARTESIAN_POINT('',(951.743416481302,-303.878048618925,6.06));
#8676=CARTESIAN_POINT('',(951.743416481302,-303.878048618925,6.51));
#8677=CARTESIAN_POINT('Ctrl Pts',(951.743416481302,-303.878048618925,6.06));
#8678=CARTESIAN_POINT('Ctrl Pts',(951.751850075052,-303.99190213455,6.06));
#8679=CARTESIAN_POINT('Ctrl Pts',(951.772934059427,-304.088888462675,6.06));
#8680=CARTESIAN_POINT('Ctrl Pts',(951.789801246927,-304.088888462675,6.06));
#8681=CARTESIAN_POINT('Origin',(951.730766090677,-303.667208775175,6.51));
#8682=CARTESIAN_POINT('',(951.730766090677,-303.667208775175,6.51));
#8683=CARTESIAN_POINT('',(952.628481978129,-318.629140232684,6.51));
#8684=CARTESIAN_POINT('',(951.730766090677,-303.667208775175,6.06));
#8685=CARTESIAN_POINT('',(951.730766090677,-303.667208775175,6.51));
#8686=CARTESIAN_POINT('',(951.743416481302,-303.878048618925,6.06));
#8687=CARTESIAN_POINT('Origin',(951.439807106302,-304.046720493925,6.51));
#8688=CARTESIAN_POINT('',(951.439807106302,-304.046720493925,6.51));
#8689=CARTESIAN_POINT('',(943.062615271387,-314.973492452509,6.51));
#8690=CARTESIAN_POINT('',(951.439807106302,-304.046720493925,6.06));
#8691=CARTESIAN_POINT('',(951.439807106302,-304.046720493925,6.51));
#8692=CARTESIAN_POINT('',(951.730766090677,-303.667208775175,6.06));
#8693=CARTESIAN_POINT('Ctrl Pts',(951.034994606302,-304.9786326033,6.51));
#8694=CARTESIAN_POINT('Ctrl Pts',(951.034994606302,-304.9786326033,6.06));
#8695=CARTESIAN_POINT('Ctrl Pts',(951.034994606302,-304.6918904158,6.51));
#8696=CARTESIAN_POINT('Ctrl Pts',(951.034994606302,-304.6918904158,6.06));
#8697=CARTESIAN_POINT('Ctrl Pts',(951.144631325052,-304.4388826033,6.51));
#8698=CARTESIAN_POINT('Ctrl Pts',(951.144631325052,-304.4388826033,6.06));
#8699=CARTESIAN_POINT('Ctrl Pts',(951.439807106302,-304.046720493925,6.51));
#8700=CARTESIAN_POINT('Ctrl Pts',(951.439807106302,-304.046720493925,6.06));
#8701=CARTESIAN_POINT('',(951.034994606302,-304.9786326033,6.51));
#8702=CARTESIAN_POINT('Ctrl Pts',(951.034994606302,-304.9786326033,6.51));
#8703=CARTESIAN_POINT('Ctrl Pts',(951.034994606302,-304.6918904158,6.51));
#8704=CARTESIAN_POINT('Ctrl Pts',(951.144631325052,-304.4388826033,6.51));
#8705=CARTESIAN_POINT('Ctrl Pts',(951.439807106302,-304.046720493925,6.51));
#8706=CARTESIAN_POINT('',(951.034994606302,-304.9786326033,6.06));
#8707=CARTESIAN_POINT('',(951.034994606302,-304.9786326033,6.51));
#8708=CARTESIAN_POINT('Ctrl Pts',(951.034994606302,-304.9786326033,6.06));
#8709=CARTESIAN_POINT('Ctrl Pts',(951.034994606302,-304.6918904158,6.06));
#8710=CARTESIAN_POINT('Ctrl Pts',(951.144631325052,-304.4388826033,6.06));
#8711=CARTESIAN_POINT('Ctrl Pts',(951.439807106302,-304.046720493925,6.06));
#8712=CARTESIAN_POINT('Ctrl Pts',(950.815721168802,-305.3328435408,6.51));
#8713=CARTESIAN_POINT('Ctrl Pts',(950.815721168802,-305.3328435408,6.06));
#8714=CARTESIAN_POINT('Ctrl Pts',(951.005477028177,-305.159954868925,6.51));
#8715=CARTESIAN_POINT('Ctrl Pts',(951.005477028177,-305.159954868925,6.06));
#8716=CARTESIAN_POINT('Ctrl Pts',(951.034994606302,-305.1135701033,6.51));
#8717=CARTESIAN_POINT('Ctrl Pts',(951.034994606302,-305.1135701033,6.06));
#8718=CARTESIAN_POINT('Ctrl Pts',(951.034994606302,-304.9786326033,6.51));
#8719=CARTESIAN_POINT('Ctrl Pts',(951.034994606302,-304.9786326033,6.06));
#8720=CARTESIAN_POINT('',(950.815721168802,-305.3328435408,6.51));
#8721=CARTESIAN_POINT('Ctrl Pts',(950.815721168802,-305.3328435408,6.51));
#8722=CARTESIAN_POINT('Ctrl Pts',(951.005477028177,-305.159954868925,6.51));
#8723=CARTESIAN_POINT('Ctrl Pts',(951.034994606302,-305.1135701033,6.51));
#8724=CARTESIAN_POINT('Ctrl Pts',(951.034994606302,-304.9786326033,6.51));
#8725=CARTESIAN_POINT('',(950.815721168802,-305.3328435408,6.06));
#8726=CARTESIAN_POINT('',(950.815721168802,-305.3328435408,6.51));
#8727=CARTESIAN_POINT('Ctrl Pts',(950.815721168802,-305.3328435408,6.06));
#8728=CARTESIAN_POINT('Ctrl Pts',(951.005477028177,-305.159954868925,6.06));
#8729=CARTESIAN_POINT('Ctrl Pts',(951.034994606302,-305.1135701033,6.06));
#8730=CARTESIAN_POINT('Ctrl Pts',(951.034994606302,-304.9786326033,6.06));
#8731=CARTESIAN_POINT('Origin',(950.592230934427,-305.5352497908,6.51));
#8732=CARTESIAN_POINT('',(950.592230934427,-305.5352497908,6.51));
#8733=CARTESIAN_POINT('',(942.052351292782,-313.269480409654,6.51));
#8734=CARTESIAN_POINT('',(950.592230934427,-305.5352497908,6.06));
#8735=CARTESIAN_POINT('',(950.592230934427,-305.5352497908,6.51));
#8736=CARTESIAN_POINT('',(950.815721168802,-305.3328435408,6.06));
#8737=CARTESIAN_POINT('Origin',(950.550062965677,-305.18947244705,6.51));
#8738=CARTESIAN_POINT('',(950.550062965677,-305.18947244705,6.51));
#8739=CARTESIAN_POINT('',(952.247886368286,-319.111624348451,6.51));
#8740=CARTESIAN_POINT('',(950.550062965677,-305.18947244705,6.06));
#8741=CARTESIAN_POINT('',(950.550062965677,-305.18947244705,6.51));
#8742=CARTESIAN_POINT('',(950.592230934427,-305.5352497908,6.06));
#8743=CARTESIAN_POINT('Origin',(950.381391090677,-305.39187869705,6.51));
#8744=CARTESIAN_POINT('',(950.381391090677,-305.39187869705,6.51));
#8745=CARTESIAN_POINT('',(942.29689092801,-315.09327889225,6.51));
#8746=CARTESIAN_POINT('',(950.381391090677,-305.39187869705,6.06));
#8747=CARTESIAN_POINT('',(950.381391090677,-305.39187869705,6.51));
#8748=CARTESIAN_POINT('',(950.550062965677,-305.18947244705,6.06));
#8749=CARTESIAN_POINT('Ctrl Pts',(950.098865700052,-305.674404087675,6.51));
#8750=CARTESIAN_POINT('Ctrl Pts',(950.098865700052,-305.674404087675,6.06));
#8751=CARTESIAN_POINT('Ctrl Pts',(950.162117653177,-305.632236118925,6.51));
#8752=CARTESIAN_POINT('Ctrl Pts',(950.162117653177,-305.632236118925,6.06));
#8753=CARTESIAN_POINT('Ctrl Pts',(950.288621559427,-305.505732212675,6.51));
#8754=CARTESIAN_POINT('Ctrl Pts',(950.288621559427,-305.505732212675,6.06));
#8755=CARTESIAN_POINT('Ctrl Pts',(950.381391090677,-305.39187869705,6.51));
#8756=CARTESIAN_POINT('Ctrl Pts',(950.381391090677,-305.39187869705,6.06));
#8757=CARTESIAN_POINT('',(950.098865700052,-305.674404087675,6.51));
#8758=CARTESIAN_POINT('Ctrl Pts',(950.098865700052,-305.674404087675,6.51));
#8759=CARTESIAN_POINT('Ctrl Pts',(950.162117653177,-305.632236118925,6.51));
#8760=CARTESIAN_POINT('Ctrl Pts',(950.288621559427,-305.505732212675,6.51));
#8761=CARTESIAN_POINT('Ctrl Pts',(950.381391090677,-305.39187869705,6.51));
#8762=CARTESIAN_POINT('',(950.098865700052,-305.674404087675,6.06));
#8763=CARTESIAN_POINT('',(950.098865700052,-305.674404087675,6.51));
#8764=CARTESIAN_POINT('Ctrl Pts',(950.098865700052,-305.674404087675,6.06));
#8765=CARTESIAN_POINT('Ctrl Pts',(950.162117653177,-305.632236118925,6.06));
#8766=CARTESIAN_POINT('Ctrl Pts',(950.288621559427,-305.505732212675,6.06));
#8767=CARTESIAN_POINT('Ctrl Pts',(950.381391090677,-305.39187869705,6.06));
#8768=CARTESIAN_POINT('Ctrl Pts',(949.980795387552,-305.961146275175,6.51));
#8769=CARTESIAN_POINT('Ctrl Pts',(949.980795387552,-305.961146275175,6.06));
#8770=CARTESIAN_POINT('Ctrl Pts',(949.980795387552,-305.784040806425,6.51));
#8771=CARTESIAN_POINT('Ctrl Pts',(949.980795387552,-305.784040806425,6.06));
#8772=CARTESIAN_POINT('Ctrl Pts',(949.997662575052,-305.741872837675,6.51));
#8773=CARTESIAN_POINT('Ctrl Pts',(949.997662575052,-305.741872837675,6.06));
#8774=CARTESIAN_POINT('Ctrl Pts',(950.098865700052,-305.674404087675,6.51));
#8775=CARTESIAN_POINT('Ctrl Pts',(950.098865700052,-305.674404087675,6.06));
#8776=CARTESIAN_POINT('',(949.980795387552,-305.961146275175,6.51));
#8777=CARTESIAN_POINT('Ctrl Pts',(949.980795387552,-305.961146275175,6.51));
#8778=CARTESIAN_POINT('Ctrl Pts',(949.980795387552,-305.784040806425,6.51));
#8779=CARTESIAN_POINT('Ctrl Pts',(949.997662575052,-305.741872837675,6.51));
#8780=CARTESIAN_POINT('Ctrl Pts',(950.098865700052,-305.674404087675,6.51));
#8781=CARTESIAN_POINT('',(949.980795387552,-305.961146275175,6.06));
#8782=CARTESIAN_POINT('',(949.980795387552,-305.961146275175,6.51));
#8783=CARTESIAN_POINT('Ctrl Pts',(949.980795387552,-305.961146275175,6.06));
#8784=CARTESIAN_POINT('Ctrl Pts',(949.980795387552,-305.784040806425,6.06));
#8785=CARTESIAN_POINT('Ctrl Pts',(949.997662575052,-305.741872837675,6.06));
#8786=CARTESIAN_POINT('Ctrl Pts',(950.098865700052,-305.674404087675,6.06));
#8787=CARTESIAN_POINT('Ctrl Pts',(950.381391090677,-306.661134556425,6.51));
#8788=CARTESIAN_POINT('Ctrl Pts',(950.381391090677,-306.661134556425,6.06));
#8789=CARTESIAN_POINT('Ctrl Pts',(950.128383278177,-306.48824588455,6.51));
#8790=CARTESIAN_POINT('Ctrl Pts',(950.128383278177,-306.48824588455,6.06));
#8791=CARTESIAN_POINT('Ctrl Pts',(949.980795387552,-306.2268044783,6.51));
#8792=CARTESIAN_POINT('Ctrl Pts',(949.980795387552,-306.2268044783,6.06));
#8793=CARTESIAN_POINT('Ctrl Pts',(949.980795387552,-305.961146275175,6.51));
#8794=CARTESIAN_POINT('Ctrl Pts',(949.980795387552,-305.961146275175,6.06));
#8795=CARTESIAN_POINT('',(950.381391090677,-306.661134556425,6.51));
#8796=CARTESIAN_POINT('Ctrl Pts',(950.381391090677,-306.661134556425,6.51));
#8797=CARTESIAN_POINT('Ctrl Pts',(950.128383278177,-306.48824588455,6.51));
#8798=CARTESIAN_POINT('Ctrl Pts',(949.980795387552,-306.2268044783,6.51));
#8799=CARTESIAN_POINT('Ctrl Pts',(949.980795387552,-305.961146275175,6.51));
#8800=CARTESIAN_POINT('',(950.381391090677,-306.661134556425,6.06));
#8801=CARTESIAN_POINT('',(950.381391090677,-306.661134556425,6.51));
#8802=CARTESIAN_POINT('Ctrl Pts',(950.381391090677,-306.661134556425,6.06));
#8803=CARTESIAN_POINT('Ctrl Pts',(950.128383278177,-306.48824588455,6.06));
#8804=CARTESIAN_POINT('Ctrl Pts',(949.980795387552,-306.2268044783,6.06));
#8805=CARTESIAN_POINT('Ctrl Pts',(949.980795387552,-305.961146275175,6.06));
#8806=CARTESIAN_POINT('Ctrl Pts',(950.600664528177,-306.787638462675,6.51));
#8807=CARTESIAN_POINT('Ctrl Pts',(950.600664528177,-306.787638462675,6.06));
#8808=CARTESIAN_POINT('Ctrl Pts',(950.579580543802,-306.787638462675,6.51));
#8809=CARTESIAN_POINT('Ctrl Pts',(950.579580543802,-306.787638462675,6.06));
#8810=CARTESIAN_POINT('Ctrl Pts',(950.482594215677,-306.728603306425,6.51));
#8811=CARTESIAN_POINT('Ctrl Pts',(950.482594215677,-306.728603306425,6.06));
#8812=CARTESIAN_POINT('Ctrl Pts',(950.381391090677,-306.661134556425,6.51));
#8813=CARTESIAN_POINT('Ctrl Pts',(950.381391090677,-306.661134556425,6.06));
#8814=CARTESIAN_POINT('',(950.600664528177,-306.787638462675,6.51));
#8815=CARTESIAN_POINT('Ctrl Pts',(950.600664528177,-306.787638462675,6.51));
#8816=CARTESIAN_POINT('Ctrl Pts',(950.579580543802,-306.787638462675,6.51));
#8817=CARTESIAN_POINT('Ctrl Pts',(950.482594215677,-306.728603306425,6.51));
#8818=CARTESIAN_POINT('Ctrl Pts',(950.381391090677,-306.661134556425,6.51));
#8819=CARTESIAN_POINT('',(950.600664528177,-306.787638462675,6.06));
#8820=CARTESIAN_POINT('',(950.600664528177,-306.787638462675,6.51));
#8821=CARTESIAN_POINT('Ctrl Pts',(950.600664528177,-306.787638462675,6.06));
#8822=CARTESIAN_POINT('Ctrl Pts',(950.579580543802,-306.787638462675,6.06));
#8823=CARTESIAN_POINT('Ctrl Pts',(950.482594215677,-306.728603306425,6.06));
#8824=CARTESIAN_POINT('Ctrl Pts',(950.381391090677,-306.661134556425,6.06));
#8825=CARTESIAN_POINT('Ctrl Pts',(950.642832496927,-306.5978826033,6.51));
#8826=CARTESIAN_POINT('Ctrl Pts',(950.642832496927,-306.5978826033,6.06));
#8827=CARTESIAN_POINT('Ctrl Pts',(950.638615700052,-306.703302525175,6.51));
#8828=CARTESIAN_POINT('Ctrl Pts',(950.638615700052,-306.703302525175,6.06));
#8829=CARTESIAN_POINT('Ctrl Pts',(950.617531715677,-306.787638462675,6.51));
#8830=CARTESIAN_POINT('Ctrl Pts',(950.617531715677,-306.787638462675,6.06));
#8831=CARTESIAN_POINT('Ctrl Pts',(950.600664528177,-306.787638462675,6.51));
#8832=CARTESIAN_POINT('Ctrl Pts',(950.600664528177,-306.787638462675,6.06));
#8833=CARTESIAN_POINT('',(950.642832496927,-306.5978826033,6.51));
#8834=CARTESIAN_POINT('Ctrl Pts',(950.642832496927,-306.5978826033,6.51));
#8835=CARTESIAN_POINT('Ctrl Pts',(950.638615700052,-306.703302525175,6.51));
#8836=CARTESIAN_POINT('Ctrl Pts',(950.617531715677,-306.787638462675,6.51));
#8837=CARTESIAN_POINT('Ctrl Pts',(950.600664528177,-306.787638462675,6.51));
#8838=CARTESIAN_POINT('',(950.642832496927,-306.5978826033,6.06));
#8839=CARTESIAN_POINT('',(950.642832496927,-306.5978826033,6.51));
#8840=CARTESIAN_POINT('Ctrl Pts',(950.642832496927,-306.5978826033,6.06));
#8841=CARTESIAN_POINT('Ctrl Pts',(950.638615700052,-306.703302525175,6.06));
#8842=CARTESIAN_POINT('Ctrl Pts',(950.617531715677,-306.787638462675,6.06));
#8843=CARTESIAN_POINT('Ctrl Pts',(950.600664528177,-306.787638462675,6.06));
#8844=CARTESIAN_POINT('Ctrl Pts',(950.735602028177,-306.264755650175,6.51));
#8845=CARTESIAN_POINT('Ctrl Pts',(950.735602028177,-306.264755650175,6.06));
#8846=CARTESIAN_POINT('Ctrl Pts',(950.689217262552,-306.3448747908,6.51));
#8847=CARTESIAN_POINT('Ctrl Pts',(950.689217262552,-306.3448747908,6.06));
#8848=CARTESIAN_POINT('Ctrl Pts',(950.647049293802,-306.48824588455,6.51));
#8849=CARTESIAN_POINT('Ctrl Pts',(950.647049293802,-306.48824588455,6.06));
#8850=CARTESIAN_POINT('Ctrl Pts',(950.642832496927,-306.5978826033,6.51));
#8851=CARTESIAN_POINT('Ctrl Pts',(950.642832496927,-306.5978826033,6.06));
#8852=CARTESIAN_POINT('',(950.735602028177,-306.264755650175,6.51));
#8853=CARTESIAN_POINT('Ctrl Pts',(950.735602028177,-306.264755650175,6.51));
#8854=CARTESIAN_POINT('Ctrl Pts',(950.689217262552,-306.3448747908,6.51));
#8855=CARTESIAN_POINT('Ctrl Pts',(950.647049293802,-306.48824588455,6.51));
#8856=CARTESIAN_POINT('Ctrl Pts',(950.642832496927,-306.5978826033,6.51));
#8857=CARTESIAN_POINT('',(950.735602028177,-306.264755650175,6.06));
#8858=CARTESIAN_POINT('',(950.735602028177,-306.264755650175,6.51));
#8859=CARTESIAN_POINT('Ctrl Pts',(950.735602028177,-306.264755650175,6.06));
#8860=CARTESIAN_POINT('Ctrl Pts',(950.689217262552,-306.3448747908,6.06));
#8861=CARTESIAN_POINT('Ctrl Pts',(950.647049293802,-306.48824588455,6.06));
#8862=CARTESIAN_POINT('Ctrl Pts',(950.642832496927,-306.5978826033,6.06));
#8863=CARTESIAN_POINT('Ctrl Pts',(951.136197731302,-306.0412654158,6.51));
#8864=CARTESIAN_POINT('Ctrl Pts',(951.136197731302,-306.0412654158,6.06));
#8865=CARTESIAN_POINT('Ctrl Pts',(951.030777809427,-306.003314243925,6.51));
#8866=CARTESIAN_POINT('Ctrl Pts',(951.030777809427,-306.003314243925,6.06));
#8867=CARTESIAN_POINT('Ctrl Pts',(950.828371559427,-306.11716775955,6.51));
#8868=CARTESIAN_POINT('Ctrl Pts',(950.828371559427,-306.11716775955,6.06));
#8869=CARTESIAN_POINT('Ctrl Pts',(950.735602028177,-306.264755650175,6.51));
#8870=CARTESIAN_POINT('Ctrl Pts',(950.735602028177,-306.264755650175,6.06));
#8871=CARTESIAN_POINT('',(951.136197731302,-306.0412654158,6.51));
#8872=CARTESIAN_POINT('Ctrl Pts',(951.136197731302,-306.0412654158,6.51));
#8873=CARTESIAN_POINT('Ctrl Pts',(951.030777809427,-306.003314243925,6.51));
#8874=CARTESIAN_POINT('Ctrl Pts',(950.828371559427,-306.11716775955,6.51));
#8875=CARTESIAN_POINT('Ctrl Pts',(950.735602028177,-306.264755650175,6.51));
#8876=CARTESIAN_POINT('',(951.136197731302,-306.0412654158,6.06));
#8877=CARTESIAN_POINT('',(951.136197731302,-306.0412654158,6.51));
#8878=CARTESIAN_POINT('Ctrl Pts',(951.136197731302,-306.0412654158,6.06));
#8879=CARTESIAN_POINT('Ctrl Pts',(951.030777809427,-306.003314243925,6.06));
#8880=CARTESIAN_POINT('Ctrl Pts',(950.828371559427,-306.11716775955,6.06));
#8881=CARTESIAN_POINT('Ctrl Pts',(950.735602028177,-306.264755650175,6.06));
#8882=CARTESIAN_POINT('Ctrl Pts',(951.292219215677,-305.9569294783,6.51));
#8883=CARTESIAN_POINT('Ctrl Pts',(951.292219215677,-305.9569294783,6.06));
#8884=CARTESIAN_POINT('Ctrl Pts',(951.237400856302,-306.01596463455,6.51));
#8885=CARTESIAN_POINT('Ctrl Pts',(951.237400856302,-306.01596463455,6.06));
#8886=CARTESIAN_POINT('Ctrl Pts',(951.169932106302,-306.053915806425,6.51));
#8887=CARTESIAN_POINT('Ctrl Pts',(951.169932106302,-306.053915806425,6.06));
#8888=CARTESIAN_POINT('Ctrl Pts',(951.136197731302,-306.0412654158,6.51));
#8889=CARTESIAN_POINT('Ctrl Pts',(951.136197731302,-306.0412654158,6.06));
#8890=CARTESIAN_POINT('',(951.292219215677,-305.9569294783,6.51));
#8891=CARTESIAN_POINT('Ctrl Pts',(951.292219215677,-305.9569294783,6.51));
#8892=CARTESIAN_POINT('Ctrl Pts',(951.237400856302,-306.01596463455,6.51));
#8893=CARTESIAN_POINT('Ctrl Pts',(951.169932106302,-306.053915806425,6.51));
#8894=CARTESIAN_POINT('Ctrl Pts',(951.136197731302,-306.0412654158,6.51));
#8895=CARTESIAN_POINT('',(951.292219215677,-305.9569294783,6.06));
#8896=CARTESIAN_POINT('',(951.292219215677,-305.9569294783,6.51));
#8897=CARTESIAN_POINT('Ctrl Pts',(951.292219215677,-305.9569294783,6.06));
#8898=CARTESIAN_POINT('Ctrl Pts',(951.237400856302,-306.01596463455,6.06));
#8899=CARTESIAN_POINT('Ctrl Pts',(951.169932106302,-306.053915806425,6.06));
#8900=CARTESIAN_POINT('Ctrl Pts',(951.136197731302,-306.0412654158,6.06));
#8901=CARTESIAN_POINT('Ctrl Pts',(951.878353981302,-305.733439243925,6.51));
#8902=CARTESIAN_POINT('Ctrl Pts',(951.878353981302,-305.733439243925,6.06));
#8903=CARTESIAN_POINT('Ctrl Pts',(951.600045387552,-305.733439243925,6.51));
#8904=CARTESIAN_POINT('Ctrl Pts',(951.600045387552,-305.733439243925,6.06));
#8905=CARTESIAN_POINT('Ctrl Pts',(951.448240700052,-305.792474400175,6.51));
#8906=CARTESIAN_POINT('Ctrl Pts',(951.448240700052,-305.792474400175,6.06));
#8907=CARTESIAN_POINT('Ctrl Pts',(951.292219215677,-305.9569294783,6.51));
#8908=CARTESIAN_POINT('Ctrl Pts',(951.292219215677,-305.9569294783,6.06));
#8909=CARTESIAN_POINT('',(951.878353981302,-305.733439243925,6.51));
#8910=CARTESIAN_POINT('Ctrl Pts',(951.878353981302,-305.733439243925,6.51));
#8911=CARTESIAN_POINT('Ctrl Pts',(951.600045387552,-305.733439243925,6.51));
#8912=CARTESIAN_POINT('Ctrl Pts',(951.448240700052,-305.792474400175,6.51));
#8913=CARTESIAN_POINT('Ctrl Pts',(951.292219215677,-305.9569294783,6.51));
#8914=CARTESIAN_POINT('',(951.878353981302,-305.733439243925,6.06));
#8915=CARTESIAN_POINT('',(951.878353981302,-305.733439243925,6.51));
#8916=CARTESIAN_POINT('Ctrl Pts',(951.878353981302,-305.733439243925,6.06));
#8917=CARTESIAN_POINT('Ctrl Pts',(951.600045387552,-305.733439243925,6.06));
#8918=CARTESIAN_POINT('Ctrl Pts',(951.448240700052,-305.792474400175,6.06));
#8919=CARTESIAN_POINT('Ctrl Pts',(951.292219215677,-305.9569294783,6.06));
#8920=CARTESIAN_POINT('Ctrl Pts',(952.131361793802,-305.8219919783,6.51));
#8921=CARTESIAN_POINT('Ctrl Pts',(952.131361793802,-305.8219919783,6.06));
#8922=CARTESIAN_POINT('Ctrl Pts',(952.131361793802,-305.741872837675,6.51));
#8923=CARTESIAN_POINT('Ctrl Pts',(952.131361793802,-305.741872837675,6.06));
#8924=CARTESIAN_POINT('Ctrl Pts',(952.110277809427,-305.733439243925,6.51));
#8925=CARTESIAN_POINT('Ctrl Pts',(952.110277809427,-305.733439243925,6.06));
#8926=CARTESIAN_POINT('Ctrl Pts',(951.878353981302,-305.733439243925,6.51));
#8927=CARTESIAN_POINT('Ctrl Pts',(951.878353981302,-305.733439243925,6.06));
#8928=CARTESIAN_POINT('',(952.131361793802,-305.8219919783,6.51));
#8929=CARTESIAN_POINT('Ctrl Pts',(952.131361793802,-305.8219919783,6.51));
#8930=CARTESIAN_POINT('Ctrl Pts',(952.131361793802,-305.741872837675,6.51));
#8931=CARTESIAN_POINT('Ctrl Pts',(952.110277809427,-305.733439243925,6.51));
#8932=CARTESIAN_POINT('Ctrl Pts',(951.878353981302,-305.733439243925,6.51));
#8933=CARTESIAN_POINT('',(952.131361793802,-305.8219919783,6.06));
#8934=CARTESIAN_POINT('',(952.131361793802,-305.8219919783,6.51));
#8935=CARTESIAN_POINT('Ctrl Pts',(952.131361793802,-305.8219919783,6.06));
#8936=CARTESIAN_POINT('Ctrl Pts',(952.131361793802,-305.741872837675,6.06));
#8937=CARTESIAN_POINT('Ctrl Pts',(952.110277809427,-305.733439243925,6.06));
#8938=CARTESIAN_POINT('Ctrl Pts',(951.878353981302,-305.733439243925,6.06));
#8939=CARTESIAN_POINT('Ctrl Pts',(951.945822731302,-306.096083775175,6.51));
#8940=CARTESIAN_POINT('Ctrl Pts',(951.945822731302,-306.096083775175,6.06));
#8941=CARTESIAN_POINT('Ctrl Pts',(952.051242653177,-305.994880650175,6.51));
#8942=CARTESIAN_POINT('Ctrl Pts',(952.051242653177,-305.994880650175,6.06));
#8943=CARTESIAN_POINT('Ctrl Pts',(952.131361793802,-305.8725935408,6.51));
#8944=CARTESIAN_POINT('Ctrl Pts',(952.131361793802,-305.8725935408,6.06));
#8945=CARTESIAN_POINT('Ctrl Pts',(952.131361793802,-305.8219919783,6.51));
#8946=CARTESIAN_POINT('Ctrl Pts',(952.131361793802,-305.8219919783,6.06));
#8947=CARTESIAN_POINT('',(951.945822731302,-306.096083775175,6.51));
#8948=CARTESIAN_POINT('Ctrl Pts',(951.945822731302,-306.096083775175,6.51));
#8949=CARTESIAN_POINT('Ctrl Pts',(952.051242653177,-305.994880650175,6.51));
#8950=CARTESIAN_POINT('Ctrl Pts',(952.131361793802,-305.8725935408,6.51));
#8951=CARTESIAN_POINT('Ctrl Pts',(952.131361793802,-305.8219919783,6.51));
#8952=CARTESIAN_POINT('',(951.945822731302,-306.096083775175,6.06));
#8953=CARTESIAN_POINT('',(951.945822731302,-306.096083775175,6.51));
#8954=CARTESIAN_POINT('Ctrl Pts',(951.945822731302,-306.096083775175,6.06));
#8955=CARTESIAN_POINT('Ctrl Pts',(952.051242653177,-305.994880650175,6.06));
#8956=CARTESIAN_POINT('Ctrl Pts',(952.131361793802,-305.8725935408,6.06));
#8957=CARTESIAN_POINT('Ctrl Pts',(952.131361793802,-305.8219919783,6.06));
#8958=CARTESIAN_POINT('Ctrl Pts',(951.612695778177,-306.281622837675,6.51));
#8959=CARTESIAN_POINT('Ctrl Pts',(951.612695778177,-306.281622837675,6.06));
#8960=CARTESIAN_POINT('Ctrl Pts',(951.734982887552,-306.281622837675,6.51));
#8961=CARTESIAN_POINT('Ctrl Pts',(951.734982887552,-306.281622837675,6.06));
#8962=CARTESIAN_POINT('Ctrl Pts',(951.798234840677,-306.247888462675,6.51));
#8963=CARTESIAN_POINT('Ctrl Pts',(951.798234840677,-306.247888462675,6.06));
#8964=CARTESIAN_POINT('Ctrl Pts',(951.945822731302,-306.096083775175,6.51));
#8965=CARTESIAN_POINT('Ctrl Pts',(951.945822731302,-306.096083775175,6.06));
#8966=CARTESIAN_POINT('',(951.612695778177,-306.281622837675,6.51));
#8967=CARTESIAN_POINT('Ctrl Pts',(951.612695778177,-306.281622837675,6.51));
#8968=CARTESIAN_POINT('Ctrl Pts',(951.734982887552,-306.281622837675,6.51));
#8969=CARTESIAN_POINT('Ctrl Pts',(951.798234840677,-306.247888462675,6.51));
#8970=CARTESIAN_POINT('Ctrl Pts',(951.945822731302,-306.096083775175,6.51));
#8971=CARTESIAN_POINT('',(951.612695778177,-306.281622837675,6.06));
#8972=CARTESIAN_POINT('',(951.612695778177,-306.281622837675,6.51));
#8973=CARTESIAN_POINT('Ctrl Pts',(951.612695778177,-306.281622837675,6.06));
#8974=CARTESIAN_POINT('Ctrl Pts',(951.734982887552,-306.281622837675,6.06));
#8975=CARTESIAN_POINT('Ctrl Pts',(951.798234840677,-306.247888462675,6.06));
#8976=CARTESIAN_POINT('Ctrl Pts',(951.945822731302,-306.096083775175,6.06));
#8977=CARTESIAN_POINT('Ctrl Pts',(951.469324684427,-306.43764432205,6.51));
#8978=CARTESIAN_POINT('Ctrl Pts',(951.469324684427,-306.43764432205,6.06));
#8979=CARTESIAN_POINT('Ctrl Pts',(951.460891090677,-306.28583963455,6.51));
#8980=CARTESIAN_POINT('Ctrl Pts',(951.460891090677,-306.28583963455,6.06));
#8981=CARTESIAN_POINT('Ctrl Pts',(951.460891090677,-306.281622837675,6.51));
#8982=CARTESIAN_POINT('Ctrl Pts',(951.460891090677,-306.281622837675,6.06));
#8983=CARTESIAN_POINT('Ctrl Pts',(951.612695778177,-306.281622837675,6.51));
#8984=CARTESIAN_POINT('Ctrl Pts',(951.612695778177,-306.281622837675,6.06));
#8985=CARTESIAN_POINT('',(951.469324684427,-306.43764432205,6.51));
#8986=CARTESIAN_POINT('Ctrl Pts',(951.469324684427,-306.43764432205,6.51));
#8987=CARTESIAN_POINT('Ctrl Pts',(951.460891090677,-306.28583963455,6.51));
#8988=CARTESIAN_POINT('Ctrl Pts',(951.460891090677,-306.281622837675,6.51));
#8989=CARTESIAN_POINT('Ctrl Pts',(951.612695778177,-306.281622837675,6.51));
#8990=CARTESIAN_POINT('',(951.469324684427,-306.43764432205,6.06));
#8991=CARTESIAN_POINT('',(951.469324684427,-306.43764432205,6.51));
#8992=CARTESIAN_POINT('Ctrl Pts',(951.469324684427,-306.43764432205,6.06));
#8993=CARTESIAN_POINT('Ctrl Pts',(951.460891090677,-306.28583963455,6.06));
#8994=CARTESIAN_POINT('Ctrl Pts',(951.460891090677,-306.281622837675,6.06));
#8995=CARTESIAN_POINT('Ctrl Pts',(951.612695778177,-306.281622837675,6.06));
#8996=CARTESIAN_POINT('Ctrl Pts',(951.321736793802,-306.610532993925,6.51));
#8997=CARTESIAN_POINT('Ctrl Pts',(951.321736793802,-306.610532993925,6.06));
#8998=CARTESIAN_POINT('Ctrl Pts',(951.473541481302,-306.5978826033,6.51));
#8999=CARTESIAN_POINT('Ctrl Pts',(951.473541481302,-306.5978826033,6.06));
#9000=CARTESIAN_POINT('Ctrl Pts',(951.477758278177,-306.593665806425,6.51));
#9001=CARTESIAN_POINT('Ctrl Pts',(951.477758278177,-306.593665806425,6.06));
#9002=CARTESIAN_POINT('Ctrl Pts',(951.469324684427,-306.43764432205,6.51));
#9003=CARTESIAN_POINT('Ctrl Pts',(951.469324684427,-306.43764432205,6.06));
#9004=CARTESIAN_POINT('',(951.321736793802,-306.610532993925,6.51));
#9005=CARTESIAN_POINT('Ctrl Pts',(951.321736793802,-306.610532993925,6.51));
#9006=CARTESIAN_POINT('Ctrl Pts',(951.473541481302,-306.5978826033,6.51));
#9007=CARTESIAN_POINT('Ctrl Pts',(951.477758278177,-306.593665806425,6.51));
#9008=CARTESIAN_POINT('Ctrl Pts',(951.469324684427,-306.43764432205,6.51));
#9009=CARTESIAN_POINT('',(951.321736793802,-306.610532993925,6.06));
#9010=CARTESIAN_POINT('',(951.321736793802,-306.610532993925,6.51));
#9011=CARTESIAN_POINT('Ctrl Pts',(951.321736793802,-306.610532993925,6.06));
#9012=CARTESIAN_POINT('Ctrl Pts',(951.473541481302,-306.5978826033,6.06));
#9013=CARTESIAN_POINT('Ctrl Pts',(951.477758278177,-306.593665806425,6.06));
#9014=CARTESIAN_POINT('Ctrl Pts',(951.469324684427,-306.43764432205,6.06));
#9015=CARTESIAN_POINT('Ctrl Pts',(951.161498512552,-306.6316169783,6.51));
#9016=CARTESIAN_POINT('Ctrl Pts',(951.161498512552,-306.6316169783,6.06));
#9017=CARTESIAN_POINT('Ctrl Pts',(951.161498512552,-306.627400181425,6.51));
#9018=CARTESIAN_POINT('Ctrl Pts',(951.161498512552,-306.627400181425,6.06));
#9019=CARTESIAN_POINT('Ctrl Pts',(951.233184059427,-306.618966587675,6.51));
#9020=CARTESIAN_POINT('Ctrl Pts',(951.233184059427,-306.618966587675,6.06));
#9021=CARTESIAN_POINT('Ctrl Pts',(951.321736793802,-306.610532993925,6.51));
#9022=CARTESIAN_POINT('Ctrl Pts',(951.321736793802,-306.610532993925,6.06));
#9023=CARTESIAN_POINT('',(951.161498512552,-306.6316169783,6.51));
#9024=CARTESIAN_POINT('Ctrl Pts',(951.161498512552,-306.6316169783,6.51));
#9025=CARTESIAN_POINT('Ctrl Pts',(951.161498512552,-306.627400181425,6.51));
#9026=CARTESIAN_POINT('Ctrl Pts',(951.233184059427,-306.618966587675,6.51));
#9027=CARTESIAN_POINT('Ctrl Pts',(951.321736793802,-306.610532993925,6.51));
#9028=CARTESIAN_POINT('',(951.161498512552,-306.6316169783,6.06));
#9029=CARTESIAN_POINT('',(951.161498512552,-306.6316169783,6.51));
#9030=CARTESIAN_POINT('Ctrl Pts',(951.161498512552,-306.6316169783,6.06));
#9031=CARTESIAN_POINT('Ctrl Pts',(951.161498512552,-306.627400181425,6.06));
#9032=CARTESIAN_POINT('Ctrl Pts',(951.233184059427,-306.618966587675,6.06));
#9033=CARTESIAN_POINT('Ctrl Pts',(951.321736793802,-306.610532993925,6.06));
#9034=CARTESIAN_POINT('Ctrl Pts',(951.245834450052,-306.80872244705,6.51));
#9035=CARTESIAN_POINT('Ctrl Pts',(951.245834450052,-306.80872244705,6.06));
#9036=CARTESIAN_POINT('Ctrl Pts',(951.199449684427,-306.7159529158,6.51));
#9037=CARTESIAN_POINT('Ctrl Pts',(951.199449684427,-306.7159529158,6.06));
#9038=CARTESIAN_POINT('Ctrl Pts',(951.161498512552,-306.64005057205,6.51));
#9039=CARTESIAN_POINT('Ctrl Pts',(951.161498512552,-306.64005057205,6.06));
#9040=CARTESIAN_POINT('Ctrl Pts',(951.161498512552,-306.6316169783,6.51));
#9041=CARTESIAN_POINT('Ctrl Pts',(951.161498512552,-306.6316169783,6.06));
#9042=CARTESIAN_POINT('',(951.245834450052,-306.80872244705,6.51));
#9043=CARTESIAN_POINT('Ctrl Pts',(951.245834450052,-306.80872244705,6.51));
#9044=CARTESIAN_POINT('Ctrl Pts',(951.199449684427,-306.7159529158,6.51));
#9045=CARTESIAN_POINT('Ctrl Pts',(951.161498512552,-306.64005057205,6.51));
#9046=CARTESIAN_POINT('Ctrl Pts',(951.161498512552,-306.6316169783,6.51));
#9047=CARTESIAN_POINT('',(951.245834450052,-306.80872244705,6.06));
#9048=CARTESIAN_POINT('',(951.245834450052,-306.80872244705,6.51));
#9049=CARTESIAN_POINT('Ctrl Pts',(951.245834450052,-306.80872244705,6.06));
#9050=CARTESIAN_POINT('Ctrl Pts',(951.199449684427,-306.7159529158,6.06));
#9051=CARTESIAN_POINT('Ctrl Pts',(951.161498512552,-306.64005057205,6.06));
#9052=CARTESIAN_POINT('Ctrl Pts',(951.161498512552,-306.6316169783,6.06));
#9053=CARTESIAN_POINT('Ctrl Pts',(951.313303200052,-307.3906404158,6.51));
#9054=CARTESIAN_POINT('Ctrl Pts',(951.313303200052,-307.3906404158,6.06));
#9055=CARTESIAN_POINT('Ctrl Pts',(951.389205543802,-307.21353494705,6.51));
#9056=CARTESIAN_POINT('Ctrl Pts',(951.389205543802,-307.21353494705,6.06));
#9057=CARTESIAN_POINT('Ctrl Pts',(951.368121559427,-307.049079868925,6.51));
#9058=CARTESIAN_POINT('Ctrl Pts',(951.368121559427,-307.049079868925,6.06));
#9059=CARTESIAN_POINT('Ctrl Pts',(951.245834450052,-306.80872244705,6.51));
#9060=CARTESIAN_POINT('Ctrl Pts',(951.245834450052,-306.80872244705,6.06));
#9061=CARTESIAN_POINT('',(951.313303200052,-307.3906404158,6.51));
#9062=CARTESIAN_POINT('Ctrl Pts',(951.313303200052,-307.3906404158,6.51));
#9063=CARTESIAN_POINT('Ctrl Pts',(951.389205543802,-307.21353494705,6.51));
#9064=CARTESIAN_POINT('Ctrl Pts',(951.368121559427,-307.049079868925,6.51));
#9065=CARTESIAN_POINT('Ctrl Pts',(951.245834450052,-306.80872244705,6.51));
#9066=CARTESIAN_POINT('',(951.313303200052,-307.3906404158,6.06));
#9067=CARTESIAN_POINT('',(951.313303200052,-307.3906404158,6.51));
#9068=CARTESIAN_POINT('Ctrl Pts',(951.313303200052,-307.3906404158,6.06));
#9069=CARTESIAN_POINT('Ctrl Pts',(951.389205543802,-307.21353494705,6.06));
#9070=CARTESIAN_POINT('Ctrl Pts',(951.368121559427,-307.049079868925,6.06));
#9071=CARTESIAN_POINT('Ctrl Pts',(951.245834450052,-306.80872244705,6.06));
#9072=CARTESIAN_POINT('Ctrl Pts',(951.321736793802,-307.5087107283,6.51));
#9073=CARTESIAN_POINT('Ctrl Pts',(951.321736793802,-307.5087107283,6.06));
#9074=CARTESIAN_POINT('Ctrl Pts',(951.254268043802,-307.546661900175,6.51));
#9075=CARTESIAN_POINT('Ctrl Pts',(951.254268043802,-307.546661900175,6.06));
#9076=CARTESIAN_POINT('Ctrl Pts',(951.254268043802,-307.538228306425,6.51));
#9077=CARTESIAN_POINT('Ctrl Pts',(951.254268043802,-307.538228306425,6.06));
#9078=CARTESIAN_POINT('Ctrl Pts',(951.313303200052,-307.3906404158,6.51));
#9079=CARTESIAN_POINT('Ctrl Pts',(951.313303200052,-307.3906404158,6.06));
#9080=CARTESIAN_POINT('',(951.321736793802,-307.5087107283,6.51));
#9081=CARTESIAN_POINT('Ctrl Pts',(951.321736793802,-307.5087107283,6.51));
#9082=CARTESIAN_POINT('Ctrl Pts',(951.254268043802,-307.546661900175,6.51));
#9083=CARTESIAN_POINT('Ctrl Pts',(951.254268043802,-307.538228306425,6.51));
#9084=CARTESIAN_POINT('Ctrl Pts',(951.313303200052,-307.3906404158,6.51));
#9085=CARTESIAN_POINT('',(951.321736793802,-307.5087107283,6.06));
#9086=CARTESIAN_POINT('',(951.321736793802,-307.5087107283,6.51));
#9087=CARTESIAN_POINT('Ctrl Pts',(951.321736793802,-307.5087107283,6.06));
#9088=CARTESIAN_POINT('Ctrl Pts',(951.254268043802,-307.546661900175,6.06));
#9089=CARTESIAN_POINT('Ctrl Pts',(951.254268043802,-307.538228306425,6.06));
#9090=CARTESIAN_POINT('Ctrl Pts',(951.313303200052,-307.3906404158,6.06));
#9091=CARTESIAN_POINT('Ctrl Pts',(951.836186012552,-306.956310337675,6.51));
#9092=CARTESIAN_POINT('Ctrl Pts',(951.836186012552,-306.956310337675,6.06));
#9093=CARTESIAN_POINT('Ctrl Pts',(951.659080543802,-307.19666775955,6.51));
#9094=CARTESIAN_POINT('Ctrl Pts',(951.659080543802,-307.19666775955,6.06));
#9095=CARTESIAN_POINT('Ctrl Pts',(951.414506325052,-307.4581091658,6.51));
#9096=CARTESIAN_POINT('Ctrl Pts',(951.414506325052,-307.4581091658,6.06));
#9097=CARTESIAN_POINT('Ctrl Pts',(951.321736793802,-307.5087107283,6.51));
#9098=CARTESIAN_POINT('Ctrl Pts',(951.321736793802,-307.5087107283,6.06));
#9099=CARTESIAN_POINT('',(951.836186012552,-306.956310337675,6.51));
#9100=CARTESIAN_POINT('Ctrl Pts',(951.836186012552,-306.956310337675,6.51));
#9101=CARTESIAN_POINT('Ctrl Pts',(951.659080543802,-307.19666775955,6.51));
#9102=CARTESIAN_POINT('Ctrl Pts',(951.414506325052,-307.4581091658,6.51));
#9103=CARTESIAN_POINT('Ctrl Pts',(951.321736793802,-307.5087107283,6.51));
#9104=CARTESIAN_POINT('',(951.836186012552,-306.956310337675,6.06));
#9105=CARTESIAN_POINT('',(951.836186012552,-306.956310337675,6.51));
#9106=CARTESIAN_POINT('Ctrl Pts',(951.836186012552,-306.956310337675,6.06));
#9107=CARTESIAN_POINT('Ctrl Pts',(951.659080543802,-307.19666775955,6.06));
#9108=CARTESIAN_POINT('Ctrl Pts',(951.414506325052,-307.4581091658,6.06));
#9109=CARTESIAN_POINT('Ctrl Pts',(951.321736793802,-307.5087107283,6.06));
#9110=CARTESIAN_POINT('Ctrl Pts',(953.118092262552,-306.4460779158,6.51));
#9111=CARTESIAN_POINT('Ctrl Pts',(953.118092262552,-306.4460779158,6.06));
#9112=CARTESIAN_POINT('Ctrl Pts',(952.300033668802,-306.450294712675,6.51));
#9113=CARTESIAN_POINT('Ctrl Pts',(952.300033668802,-306.450294712675,6.06));
#9114=CARTESIAN_POINT('Ctrl Pts',(952.169312965677,-306.500896275175,6.51));
#9115=CARTESIAN_POINT('Ctrl Pts',(952.169312965677,-306.500896275175,6.06));
#9116=CARTESIAN_POINT('Ctrl Pts',(951.836186012552,-306.956310337675,6.51));
#9117=CARTESIAN_POINT('Ctrl Pts',(951.836186012552,-306.956310337675,6.06));
#9118=CARTESIAN_POINT('',(953.118092262552,-306.4460779158,6.51));
#9119=CARTESIAN_POINT('Ctrl Pts',(953.118092262552,-306.4460779158,6.51));
#9120=CARTESIAN_POINT('Ctrl Pts',(952.300033668802,-306.450294712675,6.51));
#9121=CARTESIAN_POINT('Ctrl Pts',(952.169312965677,-306.500896275175,6.51));
#9122=CARTESIAN_POINT('Ctrl Pts',(951.836186012552,-306.956310337675,6.51));
#9123=CARTESIAN_POINT('',(953.118092262552,-306.4460779158,6.06));
#9124=CARTESIAN_POINT('',(953.118092262552,-306.4460779158,6.51));
#9125=CARTESIAN_POINT('Ctrl Pts',(953.118092262552,-306.4460779158,6.06));
#9126=CARTESIAN_POINT('Ctrl Pts',(952.300033668802,-306.450294712675,6.06));
#9127=CARTESIAN_POINT('Ctrl Pts',(952.169312965677,-306.500896275175,6.06));
#9128=CARTESIAN_POINT('Ctrl Pts',(951.836186012552,-306.956310337675,6.06));
#9129=CARTESIAN_POINT('Ctrl Pts',(953.860248512552,-306.408126743925,6.51));
#9130=CARTESIAN_POINT('Ctrl Pts',(953.860248512552,-306.408126743925,6.06));
#9131=CARTESIAN_POINT('Ctrl Pts',(953.801213356302,-306.424993931425,6.51));
#9132=CARTESIAN_POINT('Ctrl Pts',(953.801213356302,-306.424993931425,6.06));
#9133=CARTESIAN_POINT('Ctrl Pts',(953.468086403177,-306.441861118925,6.51));
#9134=CARTESIAN_POINT('Ctrl Pts',(953.468086403177,-306.441861118925,6.06));
#9135=CARTESIAN_POINT('Ctrl Pts',(953.118092262552,-306.4460779158,6.51));
#9136=CARTESIAN_POINT('Ctrl Pts',(953.118092262552,-306.4460779158,6.06));
#9137=CARTESIAN_POINT('',(953.860248512552,-306.408126743925,6.51));
#9138=CARTESIAN_POINT('Ctrl Pts',(953.860248512552,-306.408126743925,6.51));
#9139=CARTESIAN_POINT('Ctrl Pts',(953.801213356302,-306.424993931425,6.51));
#9140=CARTESIAN_POINT('Ctrl Pts',(953.468086403177,-306.441861118925,6.51));
#9141=CARTESIAN_POINT('Ctrl Pts',(953.118092262552,-306.4460779158,6.51));
#9142=CARTESIAN_POINT('',(953.860248512552,-306.408126743925,6.06));
#9143=CARTESIAN_POINT('',(953.860248512552,-306.408126743925,6.51));
#9144=CARTESIAN_POINT('Ctrl Pts',(953.860248512552,-306.408126743925,6.06));
#9145=CARTESIAN_POINT('Ctrl Pts',(953.801213356302,-306.424993931425,6.06));
#9146=CARTESIAN_POINT('Ctrl Pts',(953.468086403177,-306.441861118925,6.06));
#9147=CARTESIAN_POINT('Ctrl Pts',(953.118092262552,-306.4460779158,6.06));
#9148=CARTESIAN_POINT('Origin',(953.965668434427,-306.374392368925,6.51));
#9149=CARTESIAN_POINT('',(953.965668434427,-306.374392368925,6.51));
#9150=CARTESIAN_POINT('',(946.039519553748,-308.910760010742,6.51));
#9151=CARTESIAN_POINT('',(953.965668434427,-306.374392368925,6.06));
#9152=CARTESIAN_POINT('',(953.965668434427,-306.374392368925,6.51));
#9153=CARTESIAN_POINT('',(953.860248512552,-306.408126743925,6.06));
#9154=CARTESIAN_POINT('Origin',(953.860248512552,-306.37017557205,6.51));
#9155=CARTESIAN_POINT('',(953.860248512552,-306.37017557205,6.51));
#9156=CARTESIAN_POINT('',(950.168400470072,-306.22250165035,6.51));
#9157=CARTESIAN_POINT('',(953.860248512552,-306.37017557205,6.06));
#9158=CARTESIAN_POINT('',(953.860248512552,-306.37017557205,6.51));
#9159=CARTESIAN_POINT('',(953.965668434427,-306.374392368925,6.06));
#9160=CARTESIAN_POINT('Ctrl Pts',(953.265680153177,-306.1256013533,6.51));
#9161=CARTESIAN_POINT('Ctrl Pts',(953.265680153177,-306.1256013533,6.06));
#9162=CARTESIAN_POINT('Ctrl Pts',(953.425918434427,-306.273189243925,6.51));
#9163=CARTESIAN_POINT('Ctrl Pts',(953.425918434427,-306.273189243925,6.06));
#9164=CARTESIAN_POINT('Ctrl Pts',(953.645191871927,-306.3617419783,6.51));
#9165=CARTESIAN_POINT('Ctrl Pts',(953.645191871927,-306.3617419783,6.06));
#9166=CARTESIAN_POINT('Ctrl Pts',(953.860248512552,-306.37017557205,6.51));
#9167=CARTESIAN_POINT('Ctrl Pts',(953.860248512552,-306.37017557205,6.06));
#9168=CARTESIAN_POINT('',(953.265680153177,-306.1256013533,6.51));
#9169=CARTESIAN_POINT('Ctrl Pts',(953.265680153177,-306.1256013533,6.51));
#9170=CARTESIAN_POINT('Ctrl Pts',(953.425918434427,-306.273189243925,6.51));
#9171=CARTESIAN_POINT('Ctrl Pts',(953.645191871927,-306.3617419783,6.51));
#9172=CARTESIAN_POINT('Ctrl Pts',(953.860248512552,-306.37017557205,6.51));
#9173=CARTESIAN_POINT('',(953.265680153177,-306.1256013533,6.06));
#9174=CARTESIAN_POINT('',(953.265680153177,-306.1256013533,6.51));
#9175=CARTESIAN_POINT('Ctrl Pts',(953.265680153177,-306.1256013533,6.06));
#9176=CARTESIAN_POINT('Ctrl Pts',(953.425918434427,-306.273189243925,6.06));
#9177=CARTESIAN_POINT('Ctrl Pts',(953.645191871927,-306.3617419783,6.06));
#9178=CARTESIAN_POINT('Ctrl Pts',(953.860248512552,-306.37017557205,6.06));
#9179=CARTESIAN_POINT('Ctrl Pts',(953.101225075052,-305.9400622908,6.51));
#9180=CARTESIAN_POINT('Ctrl Pts',(953.101225075052,-305.9400622908,6.06));
#9181=CARTESIAN_POINT('Ctrl Pts',(953.101225075052,-305.961146275175,6.51));
#9182=CARTESIAN_POINT('Ctrl Pts',(953.101225075052,-305.961146275175,6.06));
#9183=CARTESIAN_POINT('Ctrl Pts',(953.177127418802,-306.045482212675,6.51));
#9184=CARTESIAN_POINT('Ctrl Pts',(953.177127418802,-306.045482212675,6.06));
#9185=CARTESIAN_POINT('Ctrl Pts',(953.265680153177,-306.1256013533,6.51));
#9186=CARTESIAN_POINT('Ctrl Pts',(953.265680153177,-306.1256013533,6.06));
#9187=CARTESIAN_POINT('',(953.101225075052,-305.9400622908,6.51));
#9188=CARTESIAN_POINT('Ctrl Pts',(953.101225075052,-305.9400622908,6.51));
#9189=CARTESIAN_POINT('Ctrl Pts',(953.101225075052,-305.961146275175,6.51));
#9190=CARTESIAN_POINT('Ctrl Pts',(953.177127418802,-306.045482212675,6.51));
#9191=CARTESIAN_POINT('Ctrl Pts',(953.265680153177,-306.1256013533,6.51));
#9192=CARTESIAN_POINT('',(953.101225075052,-305.9400622908,6.06));
#9193=CARTESIAN_POINT('',(953.101225075052,-305.9400622908,6.51));
#9194=CARTESIAN_POINT('Ctrl Pts',(953.101225075052,-305.9400622908,6.06));
#9195=CARTESIAN_POINT('Ctrl Pts',(953.101225075052,-305.961146275175,6.06));
#9196=CARTESIAN_POINT('Ctrl Pts',(953.177127418802,-306.045482212675,6.06));
#9197=CARTESIAN_POINT('Ctrl Pts',(953.265680153177,-306.1256013533,6.06));
#9198=CARTESIAN_POINT('Ctrl Pts',(953.261463356302,-305.88102713455,6.51));
#9199=CARTESIAN_POINT('Ctrl Pts',(953.261463356302,-305.88102713455,6.06));
#9200=CARTESIAN_POINT('Ctrl Pts',(953.172910621927,-305.893677525175,6.51));
#9201=CARTESIAN_POINT('Ctrl Pts',(953.172910621927,-305.893677525175,6.06));
#9202=CARTESIAN_POINT('Ctrl Pts',(953.101225075052,-305.9231951033,6.51));
#9203=CARTESIAN_POINT('Ctrl Pts',(953.101225075052,-305.9231951033,6.06));
#9204=CARTESIAN_POINT('Ctrl Pts',(953.101225075052,-305.9400622908,6.51));
#9205=CARTESIAN_POINT('Ctrl Pts',(953.101225075052,-305.9400622908,6.06));
#9206=CARTESIAN_POINT('',(953.261463356302,-305.88102713455,6.51));
#9207=CARTESIAN_POINT('Ctrl Pts',(953.261463356302,-305.88102713455,6.51));
#9208=CARTESIAN_POINT('Ctrl Pts',(953.172910621927,-305.893677525175,6.51));
#9209=CARTESIAN_POINT('Ctrl Pts',(953.101225075052,-305.9231951033,6.51));
#9210=CARTESIAN_POINT('Ctrl Pts',(953.101225075052,-305.9400622908,6.51));
#9211=CARTESIAN_POINT('',(953.261463356302,-305.88102713455,6.06));
#9212=CARTESIAN_POINT('',(953.261463356302,-305.88102713455,6.51));
#9213=CARTESIAN_POINT('Ctrl Pts',(953.261463356302,-305.88102713455,6.06));
#9214=CARTESIAN_POINT('Ctrl Pts',(953.172910621927,-305.893677525175,6.06));
#9215=CARTESIAN_POINT('Ctrl Pts',(953.101225075052,-305.9231951033,6.06));
#9216=CARTESIAN_POINT('Ctrl Pts',(953.101225075052,-305.9400622908,6.06));
#9217=CARTESIAN_POINT('Ctrl Pts',(954.079521950052,-305.429829868925,6.51));
#9218=CARTESIAN_POINT('Ctrl Pts',(954.079521950052,-305.429829868925,6.06));
#9219=CARTESIAN_POINT('Ctrl Pts',(953.780129371927,-305.725005650175,6.51));
#9220=CARTESIAN_POINT('Ctrl Pts',(953.780129371927,-305.725005650175,6.06));
#9221=CARTESIAN_POINT('Ctrl Pts',(953.598807106302,-305.826208775175,6.51));
#9222=CARTESIAN_POINT('Ctrl Pts',(953.598807106302,-305.826208775175,6.06));
#9223=CARTESIAN_POINT('Ctrl Pts',(953.261463356302,-305.88102713455,6.51));
#9224=CARTESIAN_POINT('Ctrl Pts',(953.261463356302,-305.88102713455,6.06));
#9225=CARTESIAN_POINT('',(954.079521950052,-305.429829868925,6.51));
#9226=CARTESIAN_POINT('Ctrl Pts',(954.079521950052,-305.429829868925,6.51));
#9227=CARTESIAN_POINT('Ctrl Pts',(953.780129371927,-305.725005650175,6.51));
#9228=CARTESIAN_POINT('Ctrl Pts',(953.598807106302,-305.826208775175,6.51));
#9229=CARTESIAN_POINT('Ctrl Pts',(953.261463356302,-305.88102713455,6.51));
#9230=CARTESIAN_POINT('',(954.079521950052,-305.429829868925,6.06));
#9231=CARTESIAN_POINT('',(954.079521950052,-305.429829868925,6.51));
#9232=CARTESIAN_POINT('Ctrl Pts',(954.079521950052,-305.429829868925,6.06));
#9233=CARTESIAN_POINT('Ctrl Pts',(953.780129371927,-305.725005650175,6.06));
#9234=CARTESIAN_POINT('Ctrl Pts',(953.598807106302,-305.826208775175,6.06));
#9235=CARTESIAN_POINT('Ctrl Pts',(953.261463356302,-305.88102713455,6.06));
#9236=CARTESIAN_POINT('Origin',(954.378914528177,-305.13887088455,6.51));
#9237=CARTESIAN_POINT('',(954.378914528177,-305.13887088455,6.51));
#9238=CARTESIAN_POINT('',(944.826179445569,-314.422514838073,6.51));
#9239=CARTESIAN_POINT('',(954.378914528177,-305.13887088455,6.06));
#9240=CARTESIAN_POINT('',(954.378914528177,-305.13887088455,6.51));
#9241=CARTESIAN_POINT('',(954.079521950052,-305.429829868925,6.06));
#9242=CARTESIAN_POINT('Origin',(954.214459450052,-305.168388462675,6.51));
#9243=CARTESIAN_POINT('',(954.214459450052,-305.168388462675,6.51));
#9244=CARTESIAN_POINT('',(947.409846771956,-306.389729199769,6.51));
#9245=CARTESIAN_POINT('',(954.214459450052,-305.168388462675,6.06));
#9246=CARTESIAN_POINT('',(954.214459450052,-305.168388462675,6.51));
#9247=CARTESIAN_POINT('',(954.378914528177,-305.13887088455,6.06));
#9248=CARTESIAN_POINT('Ctrl Pts',(953.788562965677,-305.294892368925,6.51));
#9249=CARTESIAN_POINT('Ctrl Pts',(953.788562965677,-305.294892368925,6.06));
#9250=CARTESIAN_POINT('Ctrl Pts',(953.931934059427,-305.244290806425,6.51));
#9251=CARTESIAN_POINT('Ctrl Pts',(953.931934059427,-305.244290806425,6.06));
#9252=CARTESIAN_POINT('Ctrl Pts',(954.121689918802,-305.185255650175,6.51));
#9253=CARTESIAN_POINT('Ctrl Pts',(954.121689918802,-305.185255650175,6.06));
#9254=CARTESIAN_POINT('Ctrl Pts',(954.214459450052,-305.168388462675,6.51));
#9255=CARTESIAN_POINT('Ctrl Pts',(954.214459450052,-305.168388462675,6.06));
#9256=CARTESIAN_POINT('',(953.788562965677,-305.294892368925,6.51));
#9257=CARTESIAN_POINT('Ctrl Pts',(953.788562965677,-305.294892368925,6.51));
#9258=CARTESIAN_POINT('Ctrl Pts',(953.931934059427,-305.244290806425,6.51));
#9259=CARTESIAN_POINT('Ctrl Pts',(954.121689918802,-305.185255650175,6.51));
#9260=CARTESIAN_POINT('Ctrl Pts',(954.214459450052,-305.168388462675,6.51));
#9261=CARTESIAN_POINT('',(953.788562965677,-305.294892368925,6.06));
#9262=CARTESIAN_POINT('',(953.788562965677,-305.294892368925,6.51));
#9263=CARTESIAN_POINT('Ctrl Pts',(953.788562965677,-305.294892368925,6.06));
#9264=CARTESIAN_POINT('Ctrl Pts',(953.931934059427,-305.244290806425,6.06));
#9265=CARTESIAN_POINT('Ctrl Pts',(954.121689918802,-305.185255650175,6.06));
#9266=CARTESIAN_POINT('Ctrl Pts',(954.214459450052,-305.168388462675,6.06));
#9267=CARTESIAN_POINT('Ctrl Pts',(953.522904762552,-305.35814432205,6.51));
#9268=CARTESIAN_POINT('Ctrl Pts',(953.522904762552,-305.35814432205,6.06));
#9269=CARTESIAN_POINT('Ctrl Pts',(953.522904762552,-305.379228306425,6.51));
#9270=CARTESIAN_POINT('Ctrl Pts',(953.522904762552,-305.379228306425,6.06));
#9271=CARTESIAN_POINT('Ctrl Pts',(953.640975075052,-305.3497107283,6.51));
#9272=CARTESIAN_POINT('Ctrl Pts',(953.640975075052,-305.3497107283,6.06));
#9273=CARTESIAN_POINT('Ctrl Pts',(953.788562965677,-305.294892368925,6.51));
#9274=CARTESIAN_POINT('Ctrl Pts',(953.788562965677,-305.294892368925,6.06));
#9275=CARTESIAN_POINT('',(953.522904762552,-305.35814432205,6.51));
#9276=CARTESIAN_POINT('Ctrl Pts',(953.522904762552,-305.35814432205,6.51));
#9277=CARTESIAN_POINT('Ctrl Pts',(953.522904762552,-305.379228306425,6.51));
#9278=CARTESIAN_POINT('Ctrl Pts',(953.640975075052,-305.3497107283,6.51));
#9279=CARTESIAN_POINT('Ctrl Pts',(953.788562965677,-305.294892368925,6.51));
#9280=CARTESIAN_POINT('',(953.522904762552,-305.35814432205,6.06));
#9281=CARTESIAN_POINT('',(953.522904762552,-305.35814432205,6.51));
#9282=CARTESIAN_POINT('Ctrl Pts',(953.522904762552,-305.35814432205,6.06));
#9283=CARTESIAN_POINT('Ctrl Pts',(953.522904762552,-305.379228306425,6.06));
#9284=CARTESIAN_POINT('Ctrl Pts',(953.640975075052,-305.3497107283,6.06));
#9285=CARTESIAN_POINT('Ctrl Pts',(953.788562965677,-305.294892368925,6.06));
#9286=CARTESIAN_POINT('Ctrl Pts',(954.109039528177,-304.898513462675,6.51));
#9287=CARTESIAN_POINT('Ctrl Pts',(954.109039528177,-304.898513462675,6.06));
#9288=CARTESIAN_POINT('Ctrl Pts',(953.877115700052,-305.00393338455,6.51));
#9289=CARTESIAN_POINT('Ctrl Pts',(953.877115700052,-305.00393338455,6.06));
#9290=CARTESIAN_POINT('Ctrl Pts',(953.522904762552,-305.2822419783,6.51));
#9291=CARTESIAN_POINT('Ctrl Pts',(953.522904762552,-305.2822419783,6.06));
#9292=CARTESIAN_POINT('Ctrl Pts',(953.522904762552,-305.35814432205,6.51));
#9293=CARTESIAN_POINT('Ctrl Pts',(953.522904762552,-305.35814432205,6.06));
#9294=CARTESIAN_POINT('',(954.109039528177,-304.898513462675,6.51));
#9295=CARTESIAN_POINT('Ctrl Pts',(954.109039528177,-304.898513462675,6.51));
#9296=CARTESIAN_POINT('Ctrl Pts',(953.877115700052,-305.00393338455,6.51));
#9297=CARTESIAN_POINT('Ctrl Pts',(953.522904762552,-305.2822419783,6.51));
#9298=CARTESIAN_POINT('Ctrl Pts',(953.522904762552,-305.35814432205,6.51));
#9299=CARTESIAN_POINT('',(954.109039528177,-304.898513462675,6.06));
#9300=CARTESIAN_POINT('',(954.109039528177,-304.898513462675,6.51));
#9301=CARTESIAN_POINT('Ctrl Pts',(954.109039528177,-304.898513462675,6.06));
#9302=CARTESIAN_POINT('Ctrl Pts',(953.877115700052,-305.00393338455,6.06));
#9303=CARTESIAN_POINT('Ctrl Pts',(953.522904762552,-305.2822419783,6.06));
#9304=CARTESIAN_POINT('Ctrl Pts',(953.522904762552,-305.35814432205,6.06));
#9305=CARTESIAN_POINT('Ctrl Pts',(955.226490700052,-304.881646275175,6.51));
#9306=CARTESIAN_POINT('Ctrl Pts',(955.226490700052,-304.881646275175,6.06));
#9307=CARTESIAN_POINT('Ctrl Pts',(954.918664528177,-304.7424919783,6.51));
#9308=CARTESIAN_POINT('Ctrl Pts',(954.918664528177,-304.7424919783,6.06));
#9309=CARTESIAN_POINT('Ctrl Pts',(954.429516090677,-304.75092557205,6.51));
#9310=CARTESIAN_POINT('Ctrl Pts',(954.429516090677,-304.75092557205,6.06));
#9311=CARTESIAN_POINT('Ctrl Pts',(954.109039528177,-304.898513462675,6.51));
#9312=CARTESIAN_POINT('Ctrl Pts',(954.109039528177,-304.898513462675,6.06));
#9313=CARTESIAN_POINT('',(955.226490700052,-304.881646275175,6.51));
#9314=CARTESIAN_POINT('Ctrl Pts',(955.226490700052,-304.881646275175,6.51));
#9315=CARTESIAN_POINT('Ctrl Pts',(954.918664528177,-304.7424919783,6.51));
#9316=CARTESIAN_POINT('Ctrl Pts',(954.429516090677,-304.75092557205,6.51));
#9317=CARTESIAN_POINT('Ctrl Pts',(954.109039528177,-304.898513462675,6.51));
#9318=CARTESIAN_POINT('',(955.226490700052,-304.881646275175,6.06));
#9319=CARTESIAN_POINT('',(955.226490700052,-304.881646275175,6.51));
#9320=CARTESIAN_POINT('Ctrl Pts',(955.226490700052,-304.881646275175,6.06));
#9321=CARTESIAN_POINT('Ctrl Pts',(954.918664528177,-304.7424919783,6.06));
#9322=CARTESIAN_POINT('Ctrl Pts',(954.429516090677,-304.75092557205,6.06));
#9323=CARTESIAN_POINT('Ctrl Pts',(954.109039528177,-304.898513462675,6.06));
#9324=CARTESIAN_POINT('Ctrl Pts',(955.702988746927,-305.294892368925,6.51));
#9325=CARTESIAN_POINT('Ctrl Pts',(955.702988746927,-305.294892368925,6.06));
#9326=CARTESIAN_POINT('Ctrl Pts',(955.745156715677,-305.25694119705,6.51));
#9327=CARTESIAN_POINT('Ctrl Pts',(955.745156715677,-305.25694119705,6.06));
#9328=CARTESIAN_POINT('Ctrl Pts',(955.412029762552,-304.965982212675,6.51));
#9329=CARTESIAN_POINT('Ctrl Pts',(955.412029762552,-304.965982212675,6.06));
#9330=CARTESIAN_POINT('Ctrl Pts',(955.226490700052,-304.881646275175,6.51));
#9331=CARTESIAN_POINT('Ctrl Pts',(955.226490700052,-304.881646275175,6.06));
#9332=CARTESIAN_POINT('',(955.702988746927,-305.294892368925,6.51));
#9333=CARTESIAN_POINT('Ctrl Pts',(955.702988746927,-305.294892368925,6.51));
#9334=CARTESIAN_POINT('Ctrl Pts',(955.745156715677,-305.25694119705,6.51));
#9335=CARTESIAN_POINT('Ctrl Pts',(955.412029762552,-304.965982212675,6.51));
#9336=CARTESIAN_POINT('Ctrl Pts',(955.226490700052,-304.881646275175,6.51));
#9337=CARTESIAN_POINT('',(955.702988746927,-305.294892368925,6.06));
#9338=CARTESIAN_POINT('',(955.702988746927,-305.294892368925,6.51));
#9339=CARTESIAN_POINT('Ctrl Pts',(955.702988746927,-305.294892368925,6.06));
#9340=CARTESIAN_POINT('Ctrl Pts',(955.745156715677,-305.25694119705,6.06));
#9341=CARTESIAN_POINT('Ctrl Pts',(955.412029762552,-304.965982212675,6.06));
#9342=CARTESIAN_POINT('Ctrl Pts',(955.226490700052,-304.881646275175,6.06));
#9343=CARTESIAN_POINT('Ctrl Pts',(955.534316871927,-305.2485076033,6.51));
#9344=CARTESIAN_POINT('Ctrl Pts',(955.534316871927,-305.2485076033,6.06));
#9345=CARTESIAN_POINT('Ctrl Pts',(955.618652809427,-305.2822419783,6.51));
#9346=CARTESIAN_POINT('Ctrl Pts',(955.618652809427,-305.2822419783,6.06));
#9347=CARTESIAN_POINT('Ctrl Pts',(955.694555153177,-305.303325962675,6.51));
#9348=CARTESIAN_POINT('Ctrl Pts',(955.694555153177,-305.303325962675,6.06));
#9349=CARTESIAN_POINT('Ctrl Pts',(955.702988746927,-305.294892368925,6.51));
#9350=CARTESIAN_POINT('Ctrl Pts',(955.702988746927,-305.294892368925,6.06));
#9351=CARTESIAN_POINT('',(955.534316871927,-305.2485076033,6.51));
#9352=CARTESIAN_POINT('Ctrl Pts',(955.534316871927,-305.2485076033,6.51));
#9353=CARTESIAN_POINT('Ctrl Pts',(955.618652809427,-305.2822419783,6.51));
#9354=CARTESIAN_POINT('Ctrl Pts',(955.694555153177,-305.303325962675,6.51));
#9355=CARTESIAN_POINT('Ctrl Pts',(955.702988746927,-305.294892368925,6.51));
#9356=CARTESIAN_POINT('',(955.534316871927,-305.2485076033,6.06));
#9357=CARTESIAN_POINT('',(955.534316871927,-305.2485076033,6.51));
#9358=CARTESIAN_POINT('Ctrl Pts',(955.534316871927,-305.2485076033,6.06));
#9359=CARTESIAN_POINT('Ctrl Pts',(955.618652809427,-305.2822419783,6.06));
#9360=CARTESIAN_POINT('Ctrl Pts',(955.694555153177,-305.303325962675,6.06));
#9361=CARTESIAN_POINT('Ctrl Pts',(955.702988746927,-305.294892368925,6.06));
#9362=CARTESIAN_POINT('Ctrl Pts',(954.669873512552,-305.294892368925,6.51));
#9363=CARTESIAN_POINT('Ctrl Pts',(954.669873512552,-305.294892368925,6.06));
#9364=CARTESIAN_POINT('Ctrl Pts',(954.927098121927,-305.168388462675,6.51));
#9365=CARTESIAN_POINT('Ctrl Pts',(954.927098121927,-305.168388462675,6.06));
#9366=CARTESIAN_POINT('Ctrl Pts',(955.289742653177,-305.1473044783,6.51));
#9367=CARTESIAN_POINT('Ctrl Pts',(955.289742653177,-305.1473044783,6.06));
#9368=CARTESIAN_POINT('Ctrl Pts',(955.534316871927,-305.2485076033,6.51));
#9369=CARTESIAN_POINT('Ctrl Pts',(955.534316871927,-305.2485076033,6.06));
#9370=CARTESIAN_POINT('',(954.669873512552,-305.294892368925,6.51));
#9371=CARTESIAN_POINT('Ctrl Pts',(954.669873512552,-305.294892368925,6.51));
#9372=CARTESIAN_POINT('Ctrl Pts',(954.927098121927,-305.168388462675,6.51));
#9373=CARTESIAN_POINT('Ctrl Pts',(955.289742653177,-305.1473044783,6.51));
#9374=CARTESIAN_POINT('Ctrl Pts',(955.534316871927,-305.2485076033,6.51));
#9375=CARTESIAN_POINT('',(954.669873512552,-305.294892368925,6.06));
#9376=CARTESIAN_POINT('',(954.669873512552,-305.294892368925,6.51));
#9377=CARTESIAN_POINT('Ctrl Pts',(954.669873512552,-305.294892368925,6.06));
#9378=CARTESIAN_POINT('Ctrl Pts',(954.927098121927,-305.168388462675,6.06));
#9379=CARTESIAN_POINT('Ctrl Pts',(955.289742653177,-305.1473044783,6.06));
#9380=CARTESIAN_POINT('Ctrl Pts',(955.534316871927,-305.2485076033,6.06));
#9381=CARTESIAN_POINT('Ctrl Pts',(954.197592262552,-305.750306431425,6.51));
#9382=CARTESIAN_POINT('Ctrl Pts',(954.197592262552,-305.750306431425,6.06));
#9383=CARTESIAN_POINT('Ctrl Pts',(954.197592262552,-305.665970493925,6.51));
#9384=CARTESIAN_POINT('Ctrl Pts',(954.197592262552,-305.665970493925,6.06));
#9385=CARTESIAN_POINT('Ctrl Pts',(954.484334450052,-305.387661900175,6.51));
#9386=CARTESIAN_POINT('Ctrl Pts',(954.484334450052,-305.387661900175,6.06));
#9387=CARTESIAN_POINT('Ctrl Pts',(954.669873512552,-305.294892368925,6.51));
#9388=CARTESIAN_POINT('Ctrl Pts',(954.669873512552,-305.294892368925,6.06));
#9389=CARTESIAN_POINT('',(954.197592262552,-305.750306431425,6.51));
#9390=CARTESIAN_POINT('Ctrl Pts',(954.197592262552,-305.750306431425,6.51));
#9391=CARTESIAN_POINT('Ctrl Pts',(954.197592262552,-305.665970493925,6.51));
#9392=CARTESIAN_POINT('Ctrl Pts',(954.484334450052,-305.387661900175,6.51));
#9393=CARTESIAN_POINT('Ctrl Pts',(954.669873512552,-305.294892368925,6.51));
#9394=CARTESIAN_POINT('',(954.197592262552,-305.750306431425,6.06));
#9395=CARTESIAN_POINT('',(954.197592262552,-305.750306431425,6.51));
#9396=CARTESIAN_POINT('Ctrl Pts',(954.197592262552,-305.750306431425,6.06));
#9397=CARTESIAN_POINT('Ctrl Pts',(954.197592262552,-305.665970493925,6.06));
#9398=CARTESIAN_POINT('Ctrl Pts',(954.484334450052,-305.387661900175,6.06));
#9399=CARTESIAN_POINT('Ctrl Pts',(954.669873512552,-305.294892368925,6.06));
#9400=CARTESIAN_POINT('Ctrl Pts',(954.357830543802,-305.918978306425,6.51));
#9401=CARTESIAN_POINT('Ctrl Pts',(954.357830543802,-305.918978306425,6.06));
#9402=CARTESIAN_POINT('Ctrl Pts',(954.269277809427,-305.8388591658,6.51));
#9403=CARTESIAN_POINT('Ctrl Pts',(954.269277809427,-305.8388591658,6.06));
#9404=CARTESIAN_POINT('Ctrl Pts',(954.197592262552,-305.76295682205,6.51));
#9405=CARTESIAN_POINT('Ctrl Pts',(954.197592262552,-305.76295682205,6.06));
#9406=CARTESIAN_POINT('Ctrl Pts',(954.197592262552,-305.750306431425,6.51));
#9407=CARTESIAN_POINT('Ctrl Pts',(954.197592262552,-305.750306431425,6.06));
#9408=CARTESIAN_POINT('',(954.357830543802,-305.918978306425,6.51));
#9409=CARTESIAN_POINT('Ctrl Pts',(954.357830543802,-305.918978306425,6.51));
#9410=CARTESIAN_POINT('Ctrl Pts',(954.269277809427,-305.8388591658,6.51));
#9411=CARTESIAN_POINT('Ctrl Pts',(954.197592262552,-305.76295682205,6.51));
#9412=CARTESIAN_POINT('Ctrl Pts',(954.197592262552,-305.750306431425,6.51));
#9413=CARTESIAN_POINT('',(954.357830543802,-305.918978306425,6.06));
#9414=CARTESIAN_POINT('',(954.357830543802,-305.918978306425,6.51));
#9415=CARTESIAN_POINT('Ctrl Pts',(954.357830543802,-305.918978306425,6.06));
#9416=CARTESIAN_POINT('Ctrl Pts',(954.269277809427,-305.8388591658,6.06));
#9417=CARTESIAN_POINT('Ctrl Pts',(954.197592262552,-305.76295682205,6.06));
#9418=CARTESIAN_POINT('Ctrl Pts',(954.197592262552,-305.750306431425,6.06));
#9419=CARTESIAN_POINT('Ctrl Pts',(954.737342262552,-306.7496872908,6.51));
#9420=CARTESIAN_POINT('Ctrl Pts',(954.737342262552,-306.7496872908,6.06));
#9421=CARTESIAN_POINT('Ctrl Pts',(954.720475075052,-306.416560337675,6.51));
#9422=CARTESIAN_POINT('Ctrl Pts',(954.720475075052,-306.416560337675,6.06));
#9423=CARTESIAN_POINT('Ctrl Pts',(954.585537575052,-306.1256013533,6.51));
#9424=CARTESIAN_POINT('Ctrl Pts',(954.585537575052,-306.1256013533,6.06));
#9425=CARTESIAN_POINT('Ctrl Pts',(954.357830543802,-305.918978306425,6.51));
#9426=CARTESIAN_POINT('Ctrl Pts',(954.357830543802,-305.918978306425,6.06));
#9427=CARTESIAN_POINT('',(954.737342262552,-306.7496872908,6.51));
#9428=CARTESIAN_POINT('Ctrl Pts',(954.737342262552,-306.7496872908,6.51));
#9429=CARTESIAN_POINT('Ctrl Pts',(954.720475075052,-306.416560337675,6.51));
#9430=CARTESIAN_POINT('Ctrl Pts',(954.585537575052,-306.1256013533,6.51));
#9431=CARTESIAN_POINT('Ctrl Pts',(954.357830543802,-305.918978306425,6.51));
#9432=CARTESIAN_POINT('',(954.737342262552,-306.7496872908,6.06));
#9433=CARTESIAN_POINT('',(954.737342262552,-306.7496872908,6.51));
#9434=CARTESIAN_POINT('Ctrl Pts',(954.737342262552,-306.7496872908,6.06));
#9435=CARTESIAN_POINT('Ctrl Pts',(954.720475075052,-306.416560337675,6.06));
#9436=CARTESIAN_POINT('Ctrl Pts',(954.585537575052,-306.1256013533,6.06));
#9437=CARTESIAN_POINT('Ctrl Pts',(954.357830543802,-305.918978306425,6.06));
#9438=CARTESIAN_POINT('Ctrl Pts',(954.408432106302,-307.605697056425,6.51));
#9439=CARTESIAN_POINT('Ctrl Pts',(954.408432106302,-307.605697056425,6.06));
#9440=CARTESIAN_POINT('Ctrl Pts',(954.669873512552,-307.3231716658,6.51));
#9441=CARTESIAN_POINT('Ctrl Pts',(954.669873512552,-307.3231716658,6.06));
#9442=CARTESIAN_POINT('Ctrl Pts',(954.758426246927,-307.091247837675,6.51));
#9443=CARTESIAN_POINT('Ctrl Pts',(954.758426246927,-307.091247837675,6.06));
#9444=CARTESIAN_POINT('Ctrl Pts',(954.737342262552,-306.7496872908,6.51));
#9445=CARTESIAN_POINT('Ctrl Pts',(954.737342262552,-306.7496872908,6.06));
#9446=CARTESIAN_POINT('',(954.408432106302,-307.605697056425,6.51));
#9447=CARTESIAN_POINT('Ctrl Pts',(954.408432106302,-307.605697056425,6.51));
#9448=CARTESIAN_POINT('Ctrl Pts',(954.669873512552,-307.3231716658,6.51));
#9449=CARTESIAN_POINT('Ctrl Pts',(954.758426246927,-307.091247837675,6.51));
#9450=CARTESIAN_POINT('Ctrl Pts',(954.737342262552,-306.7496872908,6.51));
#9451=CARTESIAN_POINT('',(954.408432106302,-307.605697056425,6.06));
#9452=CARTESIAN_POINT('',(954.408432106302,-307.605697056425,6.51));
#9453=CARTESIAN_POINT('Ctrl Pts',(954.408432106302,-307.605697056425,6.06));
#9454=CARTESIAN_POINT('Ctrl Pts',(954.669873512552,-307.3231716658,6.06));
#9455=CARTESIAN_POINT('Ctrl Pts',(954.758426246927,-307.091247837675,6.06));
#9456=CARTESIAN_POINT('Ctrl Pts',(954.737342262552,-306.7496872908,6.06));
#9457=CARTESIAN_POINT('Ctrl Pts',(953.290980934427,-308.24243338455,6.51));
#9458=CARTESIAN_POINT('Ctrl Pts',(953.290980934427,-308.24243338455,6.06));
#9459=CARTESIAN_POINT('Ctrl Pts',(953.927717262552,-307.993642368925,6.51));
#9460=CARTESIAN_POINT('Ctrl Pts',(953.927717262552,-307.993642368925,6.06));
#9461=CARTESIAN_POINT('Ctrl Pts',(954.180725075052,-307.850271275175,6.51));
#9462=CARTESIAN_POINT('Ctrl Pts',(954.180725075052,-307.850271275175,6.06));
#9463=CARTESIAN_POINT('Ctrl Pts',(954.408432106302,-307.605697056425,6.51));
#9464=CARTESIAN_POINT('Ctrl Pts',(954.408432106302,-307.605697056425,6.06));
#9465=CARTESIAN_POINT('',(953.290980934427,-308.24243338455,6.51));
#9466=CARTESIAN_POINT('Ctrl Pts',(953.290980934427,-308.24243338455,6.51));
#9467=CARTESIAN_POINT('Ctrl Pts',(953.927717262552,-307.993642368925,6.51));
#9468=CARTESIAN_POINT('Ctrl Pts',(954.180725075052,-307.850271275175,6.51));
#9469=CARTESIAN_POINT('Ctrl Pts',(954.408432106302,-307.605697056425,6.51));
#9470=CARTESIAN_POINT('',(953.290980934427,-308.24243338455,6.06));
#9471=CARTESIAN_POINT('',(953.290980934427,-308.24243338455,6.51));
#9472=CARTESIAN_POINT('Ctrl Pts',(953.290980934427,-308.24243338455,6.06));
#9473=CARTESIAN_POINT('Ctrl Pts',(953.927717262552,-307.993642368925,6.06));
#9474=CARTESIAN_POINT('Ctrl Pts',(954.180725075052,-307.850271275175,6.06));
#9475=CARTESIAN_POINT('Ctrl Pts',(954.408432106302,-307.605697056425,6.06));
#9476=CARTESIAN_POINT('Ctrl Pts',(951.924738746927,-308.9086872908,6.51));
#9477=CARTESIAN_POINT('Ctrl Pts',(951.924738746927,-308.9086872908,6.06));
#9478=CARTESIAN_POINT('Ctrl Pts',(952.203047340677,-308.71471463455,6.51));
#9479=CARTESIAN_POINT('Ctrl Pts',(952.203047340677,-308.71471463455,6.06));
#9480=CARTESIAN_POINT('Ctrl Pts',(952.713279762552,-308.465923618925,6.51));
#9481=CARTESIAN_POINT('Ctrl Pts',(952.713279762552,-308.465923618925,6.06));
#9482=CARTESIAN_POINT('Ctrl Pts',(953.290980934427,-308.24243338455,6.51));
#9483=CARTESIAN_POINT('Ctrl Pts',(953.290980934427,-308.24243338455,6.06));
#9484=CARTESIAN_POINT('',(951.924738746927,-308.9086872908,6.51));
#9485=CARTESIAN_POINT('Ctrl Pts',(951.924738746927,-308.9086872908,6.51));
#9486=CARTESIAN_POINT('Ctrl Pts',(952.203047340677,-308.71471463455,6.51));
#9487=CARTESIAN_POINT('Ctrl Pts',(952.713279762552,-308.465923618925,6.51));
#9488=CARTESIAN_POINT('Ctrl Pts',(953.290980934427,-308.24243338455,6.51));
#9489=CARTESIAN_POINT('',(951.924738746927,-308.9086872908,6.06));
#9490=CARTESIAN_POINT('',(951.924738746927,-308.9086872908,6.51));
#9491=CARTESIAN_POINT('Ctrl Pts',(951.924738746927,-308.9086872908,6.06));
#9492=CARTESIAN_POINT('Ctrl Pts',(952.203047340677,-308.71471463455,6.06));
#9493=CARTESIAN_POINT('Ctrl Pts',(952.713279762552,-308.465923618925,6.06));
#9494=CARTESIAN_POINT('Ctrl Pts',(953.290980934427,-308.24243338455,6.06));
#9495=CARTESIAN_POINT('Ctrl Pts',(950.486811012552,-310.63757400955,6.51));
#9496=CARTESIAN_POINT('Ctrl Pts',(950.486811012552,-310.63757400955,6.06));
#9497=CARTESIAN_POINT('Ctrl Pts',(950.769336403177,-310.01348807205,6.51));
#9498=CARTESIAN_POINT('Ctrl Pts',(950.769336403177,-310.01348807205,6.06));
#9499=CARTESIAN_POINT('Ctrl Pts',(951.376555153177,-309.28819900955,6.51));
#9500=CARTESIAN_POINT('Ctrl Pts',(951.376555153177,-309.28819900955,6.06));
#9501=CARTESIAN_POINT('Ctrl Pts',(951.924738746927,-308.9086872908,6.51));
#9502=CARTESIAN_POINT('Ctrl Pts',(951.924738746927,-308.9086872908,6.06));
#9503=CARTESIAN_POINT('',(950.486811012552,-310.63757400955,6.51));
#9504=CARTESIAN_POINT('Ctrl Pts',(950.486811012552,-310.63757400955,6.51));
#9505=CARTESIAN_POINT('Ctrl Pts',(950.769336403177,-310.01348807205,6.51));
#9506=CARTESIAN_POINT('Ctrl Pts',(951.376555153177,-309.28819900955,6.51));
#9507=CARTESIAN_POINT('Ctrl Pts',(951.924738746927,-308.9086872908,6.51));
#9508=CARTESIAN_POINT('',(950.486811012552,-310.63757400955,6.06));
#9509=CARTESIAN_POINT('',(950.486811012552,-310.63757400955,6.51));
#9510=CARTESIAN_POINT('Ctrl Pts',(950.486811012552,-310.63757400955,6.06));
#9511=CARTESIAN_POINT('Ctrl Pts',(950.769336403177,-310.01348807205,6.06));
#9512=CARTESIAN_POINT('Ctrl Pts',(951.376555153177,-309.28819900955,6.06));
#9513=CARTESIAN_POINT('Ctrl Pts',(951.924738746927,-308.9086872908,6.06));
#9514=CARTESIAN_POINT('Ctrl Pts',(950.343439918802,-313.340540806425,6.51));
#9515=CARTESIAN_POINT('Ctrl Pts',(950.343439918802,-313.340540806425,6.06));
#9516=CARTESIAN_POINT('Ctrl Pts',(950.044047340677,-312.598384556425,6.51));
#9517=CARTESIAN_POINT('Ctrl Pts',(950.044047340677,-312.598384556425,6.06));
#9518=CARTESIAN_POINT('Ctrl Pts',(950.103082496927,-311.485150181425,6.51));
#9519=CARTESIAN_POINT('Ctrl Pts',(950.103082496927,-311.485150181425,6.06));
#9520=CARTESIAN_POINT('Ctrl Pts',(950.486811012552,-310.63757400955,6.51));
#9521=CARTESIAN_POINT('Ctrl Pts',(950.486811012552,-310.63757400955,6.06));
#9522=CARTESIAN_POINT('',(950.343439918802,-313.340540806425,6.51));
#9523=CARTESIAN_POINT('Ctrl Pts',(950.343439918802,-313.340540806425,6.51));
#9524=CARTESIAN_POINT('Ctrl Pts',(950.044047340677,-312.598384556425,6.51));
#9525=CARTESIAN_POINT('Ctrl Pts',(950.103082496927,-311.485150181425,6.51));
#9526=CARTESIAN_POINT('Ctrl Pts',(950.486811012552,-310.63757400955,6.51));
#9527=CARTESIAN_POINT('',(950.343439918802,-313.340540806425,6.06));
#9528=CARTESIAN_POINT('',(950.343439918802,-313.340540806425,6.51));
#9529=CARTESIAN_POINT('Ctrl Pts',(950.343439918802,-313.340540806425,6.06));
#9530=CARTESIAN_POINT('Ctrl Pts',(950.044047340677,-312.598384556425,6.06));
#9531=CARTESIAN_POINT('Ctrl Pts',(950.103082496927,-311.485150181425,6.06));
#9532=CARTESIAN_POINT('Ctrl Pts',(950.486811012552,-310.63757400955,6.06));
#9533=CARTESIAN_POINT('Ctrl Pts',(950.427775856302,-313.610415806425,6.51));
#9534=CARTESIAN_POINT('Ctrl Pts',(950.427775856302,-313.610415806425,6.06));
#9535=CARTESIAN_POINT('Ctrl Pts',(950.436209450052,-313.5977654158,6.51));
#9536=CARTESIAN_POINT('Ctrl Pts',(950.436209450052,-313.5977654158,6.06));
#9537=CARTESIAN_POINT('Ctrl Pts',(950.398258278177,-313.4796951033,6.51));
#9538=CARTESIAN_POINT('Ctrl Pts',(950.398258278177,-313.4796951033,6.06));
#9539=CARTESIAN_POINT('Ctrl Pts',(950.343439918802,-313.340540806425,6.51));
#9540=CARTESIAN_POINT('Ctrl Pts',(950.343439918802,-313.340540806425,6.06));
#9541=CARTESIAN_POINT('',(950.427775856302,-313.610415806425,6.51));
#9542=CARTESIAN_POINT('Ctrl Pts',(950.427775856302,-313.610415806425,6.51));
#9543=CARTESIAN_POINT('Ctrl Pts',(950.436209450052,-313.5977654158,6.51));
#9544=CARTESIAN_POINT('Ctrl Pts',(950.398258278177,-313.4796951033,6.51));
#9545=CARTESIAN_POINT('Ctrl Pts',(950.343439918802,-313.340540806425,6.51));
#9546=CARTESIAN_POINT('',(950.427775856302,-313.610415806425,6.06));
#9547=CARTESIAN_POINT('',(950.427775856302,-313.610415806425,6.51));
#9548=CARTESIAN_POINT('Ctrl Pts',(950.427775856302,-313.610415806425,6.06));
#9549=CARTESIAN_POINT('Ctrl Pts',(950.436209450052,-313.5977654158,6.06));
#9550=CARTESIAN_POINT('Ctrl Pts',(950.398258278177,-313.4796951033,6.06));
#9551=CARTESIAN_POINT('Ctrl Pts',(950.343439918802,-313.340540806425,6.06));
#9552=CARTESIAN_POINT('Ctrl Pts',(949.963928200052,-313.23512088455,6.51));
#9553=CARTESIAN_POINT('Ctrl Pts',(949.963928200052,-313.23512088455,6.06));
#9554=CARTESIAN_POINT('Ctrl Pts',(950.162117653177,-313.45439432205,6.51));
#9555=CARTESIAN_POINT('Ctrl Pts',(950.162117653177,-313.45439432205,6.06));
#9556=CARTESIAN_POINT('Ctrl Pts',(950.394041481302,-313.644150181425,6.51));
#9557=CARTESIAN_POINT('Ctrl Pts',(950.394041481302,-313.644150181425,6.06));
#9558=CARTESIAN_POINT('Ctrl Pts',(950.427775856302,-313.610415806425,6.51));
#9559=CARTESIAN_POINT('Ctrl Pts',(950.427775856302,-313.610415806425,6.06));
#9560=CARTESIAN_POINT('',(949.963928200052,-313.23512088455,6.51));
#9561=CARTESIAN_POINT('Ctrl Pts',(949.963928200052,-313.23512088455,6.51));
#9562=CARTESIAN_POINT('Ctrl Pts',(950.162117653177,-313.45439432205,6.51));
#9563=CARTESIAN_POINT('Ctrl Pts',(950.394041481302,-313.644150181425,6.51));
#9564=CARTESIAN_POINT('Ctrl Pts',(950.427775856302,-313.610415806425,6.51));
#9565=CARTESIAN_POINT('',(949.963928200052,-313.23512088455,6.06));
#9566=CARTESIAN_POINT('',(949.963928200052,-313.23512088455,6.51));
#9567=CARTESIAN_POINT('Ctrl Pts',(949.963928200052,-313.23512088455,6.06));
#9568=CARTESIAN_POINT('Ctrl Pts',(950.162117653177,-313.45439432205,6.06));
#9569=CARTESIAN_POINT('Ctrl Pts',(950.394041481302,-313.644150181425,6.06));
#9570=CARTESIAN_POINT('Ctrl Pts',(950.427775856302,-313.610415806425,6.06));
#9571=CARTESIAN_POINT('Ctrl Pts',(949.411527809427,-312.2821247908,6.51));
#9572=CARTESIAN_POINT('Ctrl Pts',(949.411527809427,-312.2821247908,6.06));
#9573=CARTESIAN_POINT('Ctrl Pts',(949.542248512552,-312.6532029158,6.51));
#9574=CARTESIAN_POINT('Ctrl Pts',(949.542248512552,-312.6532029158,6.06));
#9575=CARTESIAN_POINT('Ctrl Pts',(949.727787575052,-312.969462681425,6.51));
#9576=CARTESIAN_POINT('Ctrl Pts',(949.727787575052,-312.969462681425,6.06));
#9577=CARTESIAN_POINT('Ctrl Pts',(949.963928200052,-313.23512088455,6.51));
#9578=CARTESIAN_POINT('Ctrl Pts',(949.963928200052,-313.23512088455,6.06));
#9579=CARTESIAN_POINT('',(949.411527809427,-312.2821247908,6.51));
#9580=CARTESIAN_POINT('Ctrl Pts',(949.411527809427,-312.2821247908,6.51));
#9581=CARTESIAN_POINT('Ctrl Pts',(949.542248512552,-312.6532029158,6.51));
#9582=CARTESIAN_POINT('Ctrl Pts',(949.727787575052,-312.969462681425,6.51));
#9583=CARTESIAN_POINT('Ctrl Pts',(949.963928200052,-313.23512088455,6.51));
#9584=CARTESIAN_POINT('',(949.411527809427,-312.2821247908,6.06));
#9585=CARTESIAN_POINT('',(949.411527809427,-312.2821247908,6.51));
#9586=CARTESIAN_POINT('Ctrl Pts',(949.411527809427,-312.2821247908,6.06));
#9587=CARTESIAN_POINT('Ctrl Pts',(949.542248512552,-312.6532029158,6.06));
#9588=CARTESIAN_POINT('Ctrl Pts',(949.727787575052,-312.969462681425,6.06));
#9589=CARTESIAN_POINT('Ctrl Pts',(949.963928200052,-313.23512088455,6.06));
#9590=CARTESIAN_POINT('Origin',(949.310324684427,-311.9953826033,6.51));
#9591=CARTESIAN_POINT('',(949.310324684427,-311.9953826033,6.51));
#9592=CARTESIAN_POINT('',(952.557117024172,-321.194627565904,6.51));
#9593=CARTESIAN_POINT('',(949.310324684427,-311.9953826033,6.06));
#9594=CARTESIAN_POINT('',(949.310324684427,-311.9953826033,6.51));
#9595=CARTESIAN_POINT('',(949.411527809427,-312.2821247908,6.06));
#9596=CARTESIAN_POINT('Origin',(949.310324684427,-312.4001951033,6.51));
#9597=CARTESIAN_POINT('',(949.310324684427,-312.4001951033,6.51));
#9598=CARTESIAN_POINT('',(949.310324684427,-323.240730485654,6.51));
#9599=CARTESIAN_POINT('',(949.310324684427,-312.4001951033,6.06));
#9600=CARTESIAN_POINT('',(949.310324684427,-312.4001951033,6.51));
#9601=CARTESIAN_POINT('',(949.310324684427,-311.9953826033,6.06));
#9602=CARTESIAN_POINT('Ctrl Pts',(949.588633278177,-313.53873025955,6.51));
#9603=CARTESIAN_POINT('Ctrl Pts',(949.588633278177,-313.53873025955,6.06));
#9604=CARTESIAN_POINT('Ctrl Pts',(949.369359840677,-313.1254841658,6.51));
#9605=CARTESIAN_POINT('Ctrl Pts',(949.369359840677,-313.1254841658,6.06));
#9606=CARTESIAN_POINT('Ctrl Pts',(949.306107887552,-312.859825962675,6.51));
#9607=CARTESIAN_POINT('Ctrl Pts',(949.306107887552,-312.859825962675,6.06));
#9608=CARTESIAN_POINT('Ctrl Pts',(949.310324684427,-312.4001951033,6.51));
#9609=CARTESIAN_POINT('Ctrl Pts',(949.310324684427,-312.4001951033,6.06));
#9610=CARTESIAN_POINT('',(949.588633278177,-313.53873025955,6.51));
#9611=CARTESIAN_POINT('Ctrl Pts',(949.588633278177,-313.53873025955,6.51));
#9612=CARTESIAN_POINT('Ctrl Pts',(949.369359840677,-313.1254841658,6.51));
#9613=CARTESIAN_POINT('Ctrl Pts',(949.306107887552,-312.859825962675,6.51));
#9614=CARTESIAN_POINT('Ctrl Pts',(949.310324684427,-312.4001951033,6.51));
#9615=CARTESIAN_POINT('',(949.588633278177,-313.53873025955,6.06));
#9616=CARTESIAN_POINT('',(949.588633278177,-313.53873025955,6.51));
#9617=CARTESIAN_POINT('Ctrl Pts',(949.588633278177,-313.53873025955,6.06));
#9618=CARTESIAN_POINT('Ctrl Pts',(949.369359840677,-313.1254841658,6.06));
#9619=CARTESIAN_POINT('Ctrl Pts',(949.306107887552,-312.859825962675,6.06));
#9620=CARTESIAN_POINT('Ctrl Pts',(949.310324684427,-312.4001951033,6.06));
#9621=CARTESIAN_POINT('Ctrl Pts',(951.996424293802,-315.263400181425,6.51));
#9622=CARTESIAN_POINT('Ctrl Pts',(951.996424293802,-315.263400181425,6.06));
#9623=CARTESIAN_POINT('Ctrl Pts',(950.832588356302,-314.9640076033,6.51));
#9624=CARTESIAN_POINT('Ctrl Pts',(950.832588356302,-314.9640076033,6.06));
#9625=CARTESIAN_POINT('Ctrl Pts',(950.031396950052,-314.394740025175,6.51));
#9626=CARTESIAN_POINT('Ctrl Pts',(950.031396950052,-314.394740025175,6.06));
#9627=CARTESIAN_POINT('Ctrl Pts',(949.588633278177,-313.53873025955,6.51));
#9628=CARTESIAN_POINT('Ctrl Pts',(949.588633278177,-313.53873025955,6.06));
#9629=CARTESIAN_POINT('',(951.996424293802,-315.263400181425,6.51));
#9630=CARTESIAN_POINT('Ctrl Pts',(951.996424293802,-315.263400181425,6.51));
#9631=CARTESIAN_POINT('Ctrl Pts',(950.832588356302,-314.9640076033,6.51));
#9632=CARTESIAN_POINT('Ctrl Pts',(950.031396950052,-314.394740025175,6.51));
#9633=CARTESIAN_POINT('Ctrl Pts',(949.588633278177,-313.53873025955,6.51));
#9634=CARTESIAN_POINT('',(951.996424293802,-315.263400181425,6.06));
#9635=CARTESIAN_POINT('',(951.996424293802,-315.263400181425,6.51));
#9636=CARTESIAN_POINT('Ctrl Pts',(951.996424293802,-315.263400181425,6.06));
#9637=CARTESIAN_POINT('Ctrl Pts',(950.832588356302,-314.9640076033,6.06));
#9638=CARTESIAN_POINT('Ctrl Pts',(950.031396950052,-314.394740025175,6.06));
#9639=CARTESIAN_POINT('Ctrl Pts',(949.588633278177,-313.53873025955,6.06));
#9640=CARTESIAN_POINT('Ctrl Pts',(952.211480934427,-315.170630650175,6.51));
#9641=CARTESIAN_POINT('Ctrl Pts',(952.211480934427,-315.170630650175,6.06));
#9642=CARTESIAN_POINT('Ctrl Pts',(952.510873512552,-315.3688201033,6.51));
#9643=CARTESIAN_POINT('Ctrl Pts',(952.510873512552,-315.3688201033,6.06));
#9644=CARTESIAN_POINT('Ctrl Pts',(952.477139137552,-315.3856872908,6.51));
#9645=CARTESIAN_POINT('Ctrl Pts',(952.477139137552,-315.3856872908,6.06));
#9646=CARTESIAN_POINT('Ctrl Pts',(951.996424293802,-315.263400181425,6.51));
#9647=CARTESIAN_POINT('Ctrl Pts',(951.996424293802,-315.263400181425,6.06));
#9648=CARTESIAN_POINT('',(952.211480934427,-315.170630650175,6.51));
#9649=CARTESIAN_POINT('Ctrl Pts',(952.211480934427,-315.170630650175,6.51));
#9650=CARTESIAN_POINT('Ctrl Pts',(952.510873512552,-315.3688201033,6.51));
#9651=CARTESIAN_POINT('Ctrl Pts',(952.477139137552,-315.3856872908,6.51));
#9652=CARTESIAN_POINT('Ctrl Pts',(951.996424293802,-315.263400181425,6.51));
#9653=CARTESIAN_POINT('',(952.211480934427,-315.170630650175,6.06));
#9654=CARTESIAN_POINT('',(952.211480934427,-315.170630650175,6.51));
#9655=CARTESIAN_POINT('Ctrl Pts',(952.211480934427,-315.170630650175,6.06));
#9656=CARTESIAN_POINT('Ctrl Pts',(952.510873512552,-315.3688201033,6.06));
#9657=CARTESIAN_POINT('Ctrl Pts',(952.477139137552,-315.3856872908,6.06));
#9658=CARTESIAN_POINT('Ctrl Pts',(951.996424293802,-315.263400181425,6.06));
#9659=CARTESIAN_POINT('Ctrl Pts',(951.018127418802,-313.8001716658,6.51));
#9660=CARTESIAN_POINT('Ctrl Pts',(951.018127418802,-313.8001716658,6.06));
#9661=CARTESIAN_POINT('Ctrl Pts',(951.304869606302,-314.36522244705,6.51));
#9662=CARTESIAN_POINT('Ctrl Pts',(951.304869606302,-314.36522244705,6.06));
#9663=CARTESIAN_POINT('Ctrl Pts',(951.722332496927,-314.841720493925,6.51));
#9664=CARTESIAN_POINT('Ctrl Pts',(951.722332496927,-314.841720493925,6.06));
#9665=CARTESIAN_POINT('Ctrl Pts',(952.211480934427,-315.170630650175,6.51));
#9666=CARTESIAN_POINT('Ctrl Pts',(952.211480934427,-315.170630650175,6.06));
#9667=CARTESIAN_POINT('',(951.018127418802,-313.8001716658,6.51));
#9668=CARTESIAN_POINT('Ctrl Pts',(951.018127418802,-313.8001716658,6.51));
#9669=CARTESIAN_POINT('Ctrl Pts',(951.304869606302,-314.36522244705,6.51));
#9670=CARTESIAN_POINT('Ctrl Pts',(951.722332496927,-314.841720493925,6.51));
#9671=CARTESIAN_POINT('Ctrl Pts',(952.211480934427,-315.170630650175,6.51));
#9672=CARTESIAN_POINT('',(951.018127418802,-313.8001716658,6.06));
#9673=CARTESIAN_POINT('',(951.018127418802,-313.8001716658,6.51));
#9674=CARTESIAN_POINT('Ctrl Pts',(951.018127418802,-313.8001716658,6.06));
#9675=CARTESIAN_POINT('Ctrl Pts',(951.304869606302,-314.36522244705,6.06));
#9676=CARTESIAN_POINT('Ctrl Pts',(951.722332496927,-314.841720493925,6.06));
#9677=CARTESIAN_POINT('Ctrl Pts',(952.211480934427,-315.170630650175,6.06));
#9678=CARTESIAN_POINT('Ctrl Pts',(950.710301246927,-312.7544060408,6.51));
#9679=CARTESIAN_POINT('Ctrl Pts',(950.710301246927,-312.7544060408,6.06));
#9680=CARTESIAN_POINT('Ctrl Pts',(950.680783668802,-312.8387419783,6.51));
#9681=CARTESIAN_POINT('Ctrl Pts',(950.680783668802,-312.8387419783,6.06));
#9682=CARTESIAN_POINT('Ctrl Pts',(950.883189918802,-313.5302966658,6.51));
#9683=CARTESIAN_POINT('Ctrl Pts',(950.883189918802,-313.5302966658,6.06));
#9684=CARTESIAN_POINT('Ctrl Pts',(951.018127418802,-313.8001716658,6.51));
#9685=CARTESIAN_POINT('Ctrl Pts',(951.018127418802,-313.8001716658,6.06));
#9686=CARTESIAN_POINT('',(950.710301246927,-312.7544060408,6.51));
#9687=CARTESIAN_POINT('Ctrl Pts',(950.710301246927,-312.7544060408,6.51));
#9688=CARTESIAN_POINT('Ctrl Pts',(950.680783668802,-312.8387419783,6.51));
#9689=CARTESIAN_POINT('Ctrl Pts',(950.883189918802,-313.5302966658,6.51));
#9690=CARTESIAN_POINT('Ctrl Pts',(951.018127418802,-313.8001716658,6.51));
#9691=CARTESIAN_POINT('',(950.710301246927,-312.7544060408,6.06));
#9692=CARTESIAN_POINT('',(950.710301246927,-312.7544060408,6.51));
#9693=CARTESIAN_POINT('Ctrl Pts',(950.710301246927,-312.7544060408,6.06));
#9694=CARTESIAN_POINT('Ctrl Pts',(950.680783668802,-312.8387419783,6.06));
#9695=CARTESIAN_POINT('Ctrl Pts',(950.883189918802,-313.5302966658,6.06));
#9696=CARTESIAN_POINT('Ctrl Pts',(951.018127418802,-313.8001716658,6.06));
#9697=CARTESIAN_POINT('Ctrl Pts',(950.938008278177,-312.682720493925,6.51));
#9698=CARTESIAN_POINT('Ctrl Pts',(950.938008278177,-312.682720493925,6.06));
#9699=CARTESIAN_POINT('Ctrl Pts',(950.811504371927,-312.691154087675,6.51));
#9700=CARTESIAN_POINT('Ctrl Pts',(950.811504371927,-312.691154087675,6.06));
#9701=CARTESIAN_POINT('Ctrl Pts',(950.727168434427,-312.716454868925,6.51));
#9702=CARTESIAN_POINT('Ctrl Pts',(950.727168434427,-312.716454868925,6.06));
#9703=CARTESIAN_POINT('Ctrl Pts',(950.710301246927,-312.7544060408,6.51));
#9704=CARTESIAN_POINT('Ctrl Pts',(950.710301246927,-312.7544060408,6.06));
#9705=CARTESIAN_POINT('',(950.938008278177,-312.682720493925,6.51));
#9706=CARTESIAN_POINT('Ctrl Pts',(950.938008278177,-312.682720493925,6.51));
#9707=CARTESIAN_POINT('Ctrl Pts',(950.811504371927,-312.691154087675,6.51));
#9708=CARTESIAN_POINT('Ctrl Pts',(950.727168434427,-312.716454868925,6.51));
#9709=CARTESIAN_POINT('Ctrl Pts',(950.710301246927,-312.7544060408,6.51));
#9710=CARTESIAN_POINT('',(950.938008278177,-312.682720493925,6.06));
#9711=CARTESIAN_POINT('',(950.938008278177,-312.682720493925,6.51));
#9712=CARTESIAN_POINT('Ctrl Pts',(950.938008278177,-312.682720493925,6.06));
#9713=CARTESIAN_POINT('Ctrl Pts',(950.811504371927,-312.691154087675,6.06));
#9714=CARTESIAN_POINT('Ctrl Pts',(950.727168434427,-312.716454868925,6.06));
#9715=CARTESIAN_POINT('Ctrl Pts',(950.710301246927,-312.7544060408,6.06));
#9716=CARTESIAN_POINT('Origin',(951.140414528177,-312.6700701033,6.51));
#9717=CARTESIAN_POINT('',(951.140414528177,-312.6700701033,6.51));
#9718=CARTESIAN_POINT('',(947.593111499904,-312.891776542566,6.51));
#9719=CARTESIAN_POINT('',(951.140414528177,-312.6700701033,6.06));
#9720=CARTESIAN_POINT('',(951.140414528177,-312.6700701033,6.51));
#9721=CARTESIAN_POINT('',(950.938008278177,-312.682720493925,6.06));
#9722=CARTESIAN_POINT('Origin',(951.165715309427,-312.286341587675,6.51));
#9723=CARTESIAN_POINT('',(951.165715309427,-312.286341587675,6.51));
#9724=CARTESIAN_POINT('',(950.437738407193,-323.327324604862,6.51));
#9725=CARTESIAN_POINT('',(951.165715309427,-312.286341587675,6.06));
#9726=CARTESIAN_POINT('',(951.165715309427,-312.286341587675,6.51));
#9727=CARTESIAN_POINT('',(951.140414528177,-312.6700701033,6.06));
#9728=CARTESIAN_POINT('Ctrl Pts',(951.224750465677,-311.8098435408,6.51));
#9729=CARTESIAN_POINT('Ctrl Pts',(951.224750465677,-311.8098435408,6.06));
#9730=CARTESIAN_POINT('Ctrl Pts',(951.207883278177,-311.8604451033,6.51));
#9731=CARTESIAN_POINT('Ctrl Pts',(951.207883278177,-311.8604451033,6.06));
#9732=CARTESIAN_POINT('Ctrl Pts',(951.182582496927,-312.075501743925,6.51));
#9733=CARTESIAN_POINT('Ctrl Pts',(951.182582496927,-312.075501743925,6.06));
#9734=CARTESIAN_POINT('Ctrl Pts',(951.165715309427,-312.286341587675,6.51));
#9735=CARTESIAN_POINT('Ctrl Pts',(951.165715309427,-312.286341587675,6.06));
#9736=CARTESIAN_POINT('',(951.224750465677,-311.8098435408,6.51));
#9737=CARTESIAN_POINT('Ctrl Pts',(951.224750465677,-311.8098435408,6.51));
#9738=CARTESIAN_POINT('Ctrl Pts',(951.207883278177,-311.8604451033,6.51));
#9739=CARTESIAN_POINT('Ctrl Pts',(951.182582496927,-312.075501743925,6.51));
#9740=CARTESIAN_POINT('Ctrl Pts',(951.165715309427,-312.286341587675,6.51));
#9741=CARTESIAN_POINT('',(951.224750465677,-311.8098435408,6.06));
#9742=CARTESIAN_POINT('',(951.224750465677,-311.8098435408,6.51));
#9743=CARTESIAN_POINT('Ctrl Pts',(951.224750465677,-311.8098435408,6.06));
#9744=CARTESIAN_POINT('Ctrl Pts',(951.207883278177,-311.8604451033,6.06));
#9745=CARTESIAN_POINT('Ctrl Pts',(951.182582496927,-312.075501743925,6.06));
#9746=CARTESIAN_POINT('Ctrl Pts',(951.165715309427,-312.286341587675,6.06));
#9747=CARTESIAN_POINT('Ctrl Pts',(950.933791481302,-311.8267107283,6.51));
#9748=CARTESIAN_POINT('Ctrl Pts',(950.933791481302,-311.8267107283,6.06));
#9749=CARTESIAN_POINT('Ctrl Pts',(951.224750465677,-311.70020682205,6.51));
#9750=CARTESIAN_POINT('Ctrl Pts',(951.224750465677,-311.70020682205,6.06));
#9751=CARTESIAN_POINT('Ctrl Pts',(951.258484840677,-311.695990025175,6.51));
#9752=CARTESIAN_POINT('Ctrl Pts',(951.258484840677,-311.695990025175,6.06));
#9753=CARTESIAN_POINT('Ctrl Pts',(951.224750465677,-311.8098435408,6.51));
#9754=CARTESIAN_POINT('Ctrl Pts',(951.224750465677,-311.8098435408,6.06));
#9755=CARTESIAN_POINT('',(950.933791481302,-311.8267107283,6.51));
#9756=CARTESIAN_POINT('Ctrl Pts',(950.933791481302,-311.8267107283,6.51));
#9757=CARTESIAN_POINT('Ctrl Pts',(951.224750465677,-311.70020682205,6.51));
#9758=CARTESIAN_POINT('Ctrl Pts',(951.258484840677,-311.695990025175,6.51));
#9759=CARTESIAN_POINT('Ctrl Pts',(951.224750465677,-311.8098435408,6.51));
#9760=CARTESIAN_POINT('',(950.933791481302,-311.8267107283,6.06));
#9761=CARTESIAN_POINT('',(950.933791481302,-311.8267107283,6.51));
#9762=CARTESIAN_POINT('Ctrl Pts',(950.933791481302,-311.8267107283,6.06));
#9763=CARTESIAN_POINT('Ctrl Pts',(951.224750465677,-311.70020682205,6.06));
#9764=CARTESIAN_POINT('Ctrl Pts',(951.258484840677,-311.695990025175,6.06));
#9765=CARTESIAN_POINT('Ctrl Pts',(951.224750465677,-311.8098435408,6.06));
#9766=CARTESIAN_POINT('Ctrl Pts',(950.672350075052,-311.932130650175,6.51));
#9767=CARTESIAN_POINT('Ctrl Pts',(950.672350075052,-311.932130650175,6.06));
#9768=CARTESIAN_POINT('Ctrl Pts',(950.685000465677,-311.932130650175,6.51));
#9769=CARTESIAN_POINT('Ctrl Pts',(950.685000465677,-311.932130650175,6.06));
#9770=CARTESIAN_POINT('Ctrl Pts',(950.803070778177,-311.88574588455,6.51));
#9771=CARTESIAN_POINT('Ctrl Pts',(950.803070778177,-311.88574588455,6.06));
#9772=CARTESIAN_POINT('Ctrl Pts',(950.933791481302,-311.8267107283,6.51));
#9773=CARTESIAN_POINT('Ctrl Pts',(950.933791481302,-311.8267107283,6.06));
#9774=CARTESIAN_POINT('',(950.672350075052,-311.932130650175,6.51));
#9775=CARTESIAN_POINT('Ctrl Pts',(950.672350075052,-311.932130650175,6.51));
#9776=CARTESIAN_POINT('Ctrl Pts',(950.685000465677,-311.932130650175,6.51));
#9777=CARTESIAN_POINT('Ctrl Pts',(950.803070778177,-311.88574588455,6.51));
#9778=CARTESIAN_POINT('Ctrl Pts',(950.933791481302,-311.8267107283,6.51));
#9779=CARTESIAN_POINT('',(950.672350075052,-311.932130650175,6.06));
#9780=CARTESIAN_POINT('',(950.672350075052,-311.932130650175,6.51));
#9781=CARTESIAN_POINT('Ctrl Pts',(950.672350075052,-311.932130650175,6.06));
#9782=CARTESIAN_POINT('Ctrl Pts',(950.685000465677,-311.932130650175,6.06));
#9783=CARTESIAN_POINT('Ctrl Pts',(950.803070778177,-311.88574588455,6.06));
#9784=CARTESIAN_POINT('Ctrl Pts',(950.933791481302,-311.8267107283,6.06));
#9785=CARTESIAN_POINT('Ctrl Pts',(950.870539528177,-310.945400181425,6.51));
#9786=CARTESIAN_POINT('Ctrl Pts',(950.870539528177,-310.945400181425,6.06));
#9787=CARTESIAN_POINT('Ctrl Pts',(950.777769996927,-311.156240025175,6.51));
#9788=CARTESIAN_POINT('Ctrl Pts',(950.777769996927,-311.156240025175,6.06));
#9789=CARTESIAN_POINT('Ctrl Pts',(950.617531715677,-311.932130650175,6.51));
#9790=CARTESIAN_POINT('Ctrl Pts',(950.617531715677,-311.932130650175,6.06));
#9791=CARTESIAN_POINT('Ctrl Pts',(950.672350075052,-311.932130650175,6.51));
#9792=CARTESIAN_POINT('Ctrl Pts',(950.672350075052,-311.932130650175,6.06));
#9793=CARTESIAN_POINT('',(950.870539528177,-310.945400181425,6.51));
#9794=CARTESIAN_POINT('Ctrl Pts',(950.870539528177,-310.945400181425,6.51));
#9795=CARTESIAN_POINT('Ctrl Pts',(950.777769996927,-311.156240025175,6.51));
#9796=CARTESIAN_POINT('Ctrl Pts',(950.617531715677,-311.932130650175,6.51));
#9797=CARTESIAN_POINT('Ctrl Pts',(950.672350075052,-311.932130650175,6.51));
#9798=CARTESIAN_POINT('',(950.870539528177,-310.945400181425,6.06));
#9799=CARTESIAN_POINT('',(950.870539528177,-310.945400181425,6.51));
#9800=CARTESIAN_POINT('Ctrl Pts',(950.870539528177,-310.945400181425,6.06));
#9801=CARTESIAN_POINT('Ctrl Pts',(950.777769996927,-311.156240025175,6.06));
#9802=CARTESIAN_POINT('Ctrl Pts',(950.617531715677,-311.932130650175,6.06));
#9803=CARTESIAN_POINT('Ctrl Pts',(950.672350075052,-311.932130650175,6.06));
#9804=CARTESIAN_POINT('Origin',(950.916924293802,-310.844197056425,6.51));
#9805=CARTESIAN_POINT('',(950.916924293802,-310.844197056425,6.51));
#9806=CARTESIAN_POINT('',(946.033551035062,-321.498829620909,6.51));
#9807=CARTESIAN_POINT('',(950.916924293802,-310.844197056425,6.06));
#9808=CARTESIAN_POINT('',(950.916924293802,-310.844197056425,6.51));
#9809=CARTESIAN_POINT('',(950.870539528177,-310.945400181425,6.06));
#9810=CARTESIAN_POINT('Origin',(951.148848121927,-310.928532993925,6.51));
#9811=CARTESIAN_POINT('',(951.148848121927,-310.928532993925,6.51));
#9812=CARTESIAN_POINT('',(952.30877989875,-311.350326367315,6.51));
#9813=CARTESIAN_POINT('',(951.148848121927,-310.928532993925,6.06));
#9814=CARTESIAN_POINT('',(951.148848121927,-310.928532993925,6.51));
#9815=CARTESIAN_POINT('',(950.916924293802,-310.844197056425,6.06));
#9816=CARTESIAN_POINT('Ctrl Pts',(951.414506325052,-310.996001743925,6.51));
#9817=CARTESIAN_POINT('Ctrl Pts',(951.414506325052,-310.996001743925,6.06));
#9818=CARTESIAN_POINT('Ctrl Pts',(951.397639137552,-311.004435337675,6.51));
#9819=CARTESIAN_POINT('Ctrl Pts',(951.397639137552,-311.004435337675,6.06));
#9820=CARTESIAN_POINT('Ctrl Pts',(951.275352028177,-310.970700962675,6.51));
#9821=CARTESIAN_POINT('Ctrl Pts',(951.275352028177,-310.970700962675,6.06));
#9822=CARTESIAN_POINT('Ctrl Pts',(951.148848121927,-310.928532993925,6.51));
#9823=CARTESIAN_POINT('Ctrl Pts',(951.148848121927,-310.928532993925,6.06));
#9824=CARTESIAN_POINT('',(951.414506325052,-310.996001743925,6.51));
#9825=CARTESIAN_POINT('Ctrl Pts',(951.414506325052,-310.996001743925,6.51));
#9826=CARTESIAN_POINT('Ctrl Pts',(951.397639137552,-311.004435337675,6.51));
#9827=CARTESIAN_POINT('Ctrl Pts',(951.275352028177,-310.970700962675,6.51));
#9828=CARTESIAN_POINT('Ctrl Pts',(951.148848121927,-310.928532993925,6.51));
#9829=CARTESIAN_POINT('',(951.414506325052,-310.996001743925,6.06));
#9830=CARTESIAN_POINT('',(951.414506325052,-310.996001743925,6.51));
#9831=CARTESIAN_POINT('Ctrl Pts',(951.414506325052,-310.996001743925,6.06));
#9832=CARTESIAN_POINT('Ctrl Pts',(951.397639137552,-311.004435337675,6.06));
#9833=CARTESIAN_POINT('Ctrl Pts',(951.275352028177,-310.970700962675,6.06));
#9834=CARTESIAN_POINT('Ctrl Pts',(951.148848121927,-310.928532993925,6.06));
#9835=CARTESIAN_POINT('Ctrl Pts',(951.848836403177,-310.312880650175,6.51));
#9836=CARTESIAN_POINT('Ctrl Pts',(951.848836403177,-310.312880650175,6.06));
#9837=CARTESIAN_POINT('Ctrl Pts',(951.874137184427,-310.338181431425,6.51));
#9838=CARTESIAN_POINT('Ctrl Pts',(951.874137184427,-310.338181431425,6.06));
#9839=CARTESIAN_POINT('Ctrl Pts',(951.473541481302,-310.97491775955,6.51));
#9840=CARTESIAN_POINT('Ctrl Pts',(951.473541481302,-310.97491775955,6.06));
#9841=CARTESIAN_POINT('Ctrl Pts',(951.414506325052,-310.996001743925,6.51));
#9842=CARTESIAN_POINT('Ctrl Pts',(951.414506325052,-310.996001743925,6.06));
#9843=CARTESIAN_POINT('',(951.848836403177,-310.312880650175,6.51));
#9844=CARTESIAN_POINT('Ctrl Pts',(951.848836403177,-310.312880650175,6.51));
#9845=CARTESIAN_POINT('Ctrl Pts',(951.874137184427,-310.338181431425,6.51));
#9846=CARTESIAN_POINT('Ctrl Pts',(951.473541481302,-310.97491775955,6.51));
#9847=CARTESIAN_POINT('Ctrl Pts',(951.414506325052,-310.996001743925,6.51));
#9848=CARTESIAN_POINT('',(951.848836403177,-310.312880650175,6.06));
#9849=CARTESIAN_POINT('',(951.848836403177,-310.312880650175,6.51));
#9850=CARTESIAN_POINT('Ctrl Pts',(951.848836403177,-310.312880650175,6.06));
#9851=CARTESIAN_POINT('Ctrl Pts',(951.874137184427,-310.338181431425,6.06));
#9852=CARTESIAN_POINT('Ctrl Pts',(951.473541481302,-310.97491775955,6.06));
#9853=CARTESIAN_POINT('Ctrl Pts',(951.414506325052,-310.996001743925,6.06));
#9854=CARTESIAN_POINT('Ctrl Pts',(951.663297340677,-310.287579868925,6.51));
#9855=CARTESIAN_POINT('Ctrl Pts',(951.663297340677,-310.287579868925,6.06));
#9856=CARTESIAN_POINT('Ctrl Pts',(951.751850075052,-310.287579868925,6.51));
#9857=CARTESIAN_POINT('Ctrl Pts',(951.751850075052,-310.287579868925,6.06));
#9858=CARTESIAN_POINT('Ctrl Pts',(951.831969215677,-310.30023025955,6.51));
#9859=CARTESIAN_POINT('Ctrl Pts',(951.831969215677,-310.30023025955,6.06));
#9860=CARTESIAN_POINT('Ctrl Pts',(951.848836403177,-310.312880650175,6.51));
#9861=CARTESIAN_POINT('Ctrl Pts',(951.848836403177,-310.312880650175,6.06));
#9862=CARTESIAN_POINT('',(951.663297340677,-310.287579868925,6.51));
#9863=CARTESIAN_POINT('Ctrl Pts',(951.663297340677,-310.287579868925,6.51));
#9864=CARTESIAN_POINT('Ctrl Pts',(951.751850075052,-310.287579868925,6.51));
#9865=CARTESIAN_POINT('Ctrl Pts',(951.831969215677,-310.30023025955,6.51));
#9866=CARTESIAN_POINT('Ctrl Pts',(951.848836403177,-310.312880650175,6.51));
#9867=CARTESIAN_POINT('',(951.663297340677,-310.287579868925,6.06));
#9868=CARTESIAN_POINT('',(951.663297340677,-310.287579868925,6.51));
#9869=CARTESIAN_POINT('Ctrl Pts',(951.663297340677,-310.287579868925,6.06));
#9870=CARTESIAN_POINT('Ctrl Pts',(951.751850075052,-310.287579868925,6.06));
#9871=CARTESIAN_POINT('Ctrl Pts',(951.831969215677,-310.30023025955,6.06));
#9872=CARTESIAN_POINT('Ctrl Pts',(951.848836403177,-310.312880650175,6.06));
#9873=CARTESIAN_POINT('Ctrl Pts',(951.288002418802,-310.169509556425,6.51));
#9874=CARTESIAN_POINT('Ctrl Pts',(951.288002418802,-310.169509556425,6.06));
#9875=CARTESIAN_POINT('Ctrl Pts',(951.288002418802,-310.2243279158,6.51));
#9876=CARTESIAN_POINT('Ctrl Pts',(951.288002418802,-310.2243279158,6.06));
#9877=CARTESIAN_POINT('Ctrl Pts',(951.490408668802,-310.287579868925,6.51));
#9878=CARTESIAN_POINT('Ctrl Pts',(951.490408668802,-310.287579868925,6.06));
#9879=CARTESIAN_POINT('Ctrl Pts',(951.663297340677,-310.287579868925,6.51));
#9880=CARTESIAN_POINT('Ctrl Pts',(951.663297340677,-310.287579868925,6.06));
#9881=CARTESIAN_POINT('',(951.288002418802,-310.169509556425,6.51));
#9882=CARTESIAN_POINT('Ctrl Pts',(951.288002418802,-310.169509556425,6.51));
#9883=CARTESIAN_POINT('Ctrl Pts',(951.288002418802,-310.2243279158,6.51));
#9884=CARTESIAN_POINT('Ctrl Pts',(951.490408668802,-310.287579868925,6.51));
#9885=CARTESIAN_POINT('Ctrl Pts',(951.663297340677,-310.287579868925,6.51));
#9886=CARTESIAN_POINT('',(951.288002418802,-310.169509556425,6.06));
#9887=CARTESIAN_POINT('',(951.288002418802,-310.169509556425,6.51));
#9888=CARTESIAN_POINT('Ctrl Pts',(951.288002418802,-310.169509556425,6.06));
#9889=CARTESIAN_POINT('Ctrl Pts',(951.288002418802,-310.2243279158,6.06));
#9890=CARTESIAN_POINT('Ctrl Pts',(951.490408668802,-310.287579868925,6.06));
#9891=CARTESIAN_POINT('Ctrl Pts',(951.663297340677,-310.287579868925,6.06));
#9892=CARTESIAN_POINT('Ctrl Pts',(951.857269996927,-309.528556431425,6.51));
#9893=CARTESIAN_POINT('Ctrl Pts',(951.857269996927,-309.528556431425,6.06));
#9894=CARTESIAN_POINT('Ctrl Pts',(951.680164528177,-309.6677107283,6.51));
#9895=CARTESIAN_POINT('Ctrl Pts',(951.680164528177,-309.6677107283,6.06));
#9896=CARTESIAN_POINT('Ctrl Pts',(951.288002418802,-310.110474400175,6.51));
#9897=CARTESIAN_POINT('Ctrl Pts',(951.288002418802,-310.110474400175,6.06));
#9898=CARTESIAN_POINT('Ctrl Pts',(951.288002418802,-310.169509556425,6.51));
#9899=CARTESIAN_POINT('Ctrl Pts',(951.288002418802,-310.169509556425,6.06));
#9900=CARTESIAN_POINT('',(951.857269996927,-309.528556431425,6.51));
#9901=CARTESIAN_POINT('Ctrl Pts',(951.857269996927,-309.528556431425,6.51));
#9902=CARTESIAN_POINT('Ctrl Pts',(951.680164528177,-309.6677107283,6.51));
#9903=CARTESIAN_POINT('Ctrl Pts',(951.288002418802,-310.110474400175,6.51));
#9904=CARTESIAN_POINT('Ctrl Pts',(951.288002418802,-310.169509556425,6.51));
#9905=CARTESIAN_POINT('',(951.857269996927,-309.528556431425,6.06));
#9906=CARTESIAN_POINT('',(951.857269996927,-309.528556431425,6.51));
#9907=CARTESIAN_POINT('Ctrl Pts',(951.857269996927,-309.528556431425,6.06));
#9908=CARTESIAN_POINT('Ctrl Pts',(951.680164528177,-309.6677107283,6.06));
#9909=CARTESIAN_POINT('Ctrl Pts',(951.288002418802,-310.110474400175,6.06));
#9910=CARTESIAN_POINT('Ctrl Pts',(951.288002418802,-310.169509556425,6.06));
#9911=CARTESIAN_POINT('Origin',(952.021725075052,-309.3978357283,6.51));
#9912=CARTESIAN_POINT('',(952.021725075052,-309.3978357283,6.51));
#9913=CARTESIAN_POINT('',(943.967658529504,-315.799786059376,6.51));
#9914=CARTESIAN_POINT('',(952.021725075052,-309.3978357283,6.06));
#9915=CARTESIAN_POINT('',(952.021725075052,-309.3978357283,6.51));
#9916=CARTESIAN_POINT('',(951.857269996927,-309.528556431425,6.06));
#9917=CARTESIAN_POINT('Origin',(952.152445778177,-309.553857212675,6.51));
#9918=CARTESIAN_POINT('',(952.152445778177,-309.553857212675,6.51));
#9919=CARTESIAN_POINT('',(956.78803306051,-315.086654936748,6.51));
#9920=CARTESIAN_POINT('',(952.152445778177,-309.553857212675,6.06));
#9921=CARTESIAN_POINT('',(952.152445778177,-309.553857212675,6.51));
#9922=CARTESIAN_POINT('',(952.021725075052,-309.3978357283,6.06));
#9923=CARTESIAN_POINT('Ctrl Pts',(952.375936012552,-309.688794712675,6.51));
#9924=CARTESIAN_POINT('Ctrl Pts',(952.375936012552,-309.688794712675,6.06));
#9925=CARTESIAN_POINT('Ctrl Pts',(952.308467262552,-309.705661900175,6.51));
#9926=CARTESIAN_POINT('Ctrl Pts',(952.308467262552,-309.705661900175,6.06));
#9927=CARTESIAN_POINT('Ctrl Pts',(952.253648903177,-309.671927525175,6.51));
#9928=CARTESIAN_POINT('Ctrl Pts',(952.253648903177,-309.671927525175,6.06));
#9929=CARTESIAN_POINT('Ctrl Pts',(952.152445778177,-309.553857212675,6.51));
#9930=CARTESIAN_POINT('Ctrl Pts',(952.152445778177,-309.553857212675,6.06));
#9931=CARTESIAN_POINT('',(952.375936012552,-309.688794712675,6.51));
#9932=CARTESIAN_POINT('Ctrl Pts',(952.375936012552,-309.688794712675,6.51));
#9933=CARTESIAN_POINT('Ctrl Pts',(952.308467262552,-309.705661900175,6.51));
#9934=CARTESIAN_POINT('Ctrl Pts',(952.253648903177,-309.671927525175,6.51));
#9935=CARTESIAN_POINT('Ctrl Pts',(952.152445778177,-309.553857212675,6.51));
#9936=CARTESIAN_POINT('',(952.375936012552,-309.688794712675,6.06));
#9937=CARTESIAN_POINT('',(952.375936012552,-309.688794712675,6.51));
#9938=CARTESIAN_POINT('Ctrl Pts',(952.375936012552,-309.688794712675,6.06));
#9939=CARTESIAN_POINT('Ctrl Pts',(952.308467262552,-309.705661900175,6.06));
#9940=CARTESIAN_POINT('Ctrl Pts',(952.253648903177,-309.671927525175,6.06));
#9941=CARTESIAN_POINT('Ctrl Pts',(952.152445778177,-309.553857212675,6.06));
#9942=CARTESIAN_POINT('Ctrl Pts',(953.059057106302,-309.27133182205,6.51));
#9943=CARTESIAN_POINT('Ctrl Pts',(953.059057106302,-309.27133182205,6.06));
#9944=CARTESIAN_POINT('Ctrl Pts',(953.054840309427,-309.309282993925,6.51));
#9945=CARTESIAN_POINT('Ctrl Pts',(953.054840309427,-309.309282993925,6.06));
#9946=CARTESIAN_POINT('Ctrl Pts',(952.481355934427,-309.65927713455,6.51));
#9947=CARTESIAN_POINT('Ctrl Pts',(952.481355934427,-309.65927713455,6.06));
#9948=CARTESIAN_POINT('Ctrl Pts',(952.375936012552,-309.688794712675,6.51));
#9949=CARTESIAN_POINT('Ctrl Pts',(952.375936012552,-309.688794712675,6.06));
#9950=CARTESIAN_POINT('',(953.059057106302,-309.27133182205,6.51));
#9951=CARTESIAN_POINT('Ctrl Pts',(953.059057106302,-309.27133182205,6.51));
#9952=CARTESIAN_POINT('Ctrl Pts',(953.054840309427,-309.309282993925,6.51));
#9953=CARTESIAN_POINT('Ctrl Pts',(952.481355934427,-309.65927713455,6.51));
#9954=CARTESIAN_POINT('Ctrl Pts',(952.375936012552,-309.688794712675,6.51));
#9955=CARTESIAN_POINT('',(953.059057106302,-309.27133182205,6.06));
#9956=CARTESIAN_POINT('',(953.059057106302,-309.27133182205,6.51));
#9957=CARTESIAN_POINT('Ctrl Pts',(953.059057106302,-309.27133182205,6.06));
#9958=CARTESIAN_POINT('Ctrl Pts',(953.054840309427,-309.309282993925,6.06));
#9959=CARTESIAN_POINT('Ctrl Pts',(952.481355934427,-309.65927713455,6.06));
#9960=CARTESIAN_POINT('Ctrl Pts',(952.375936012552,-309.688794712675,6.06));
#9961=CARTESIAN_POINT('Ctrl Pts',(952.936769996927,-309.22073025955,6.51));
#9962=CARTESIAN_POINT('Ctrl Pts',(952.936769996927,-309.22073025955,6.06));
#9963=CARTESIAN_POINT('Ctrl Pts',(953.004238746927,-309.233380650175,6.51));
#9964=CARTESIAN_POINT('Ctrl Pts',(953.004238746927,-309.233380650175,6.06));
#9965=CARTESIAN_POINT('Ctrl Pts',(953.059057106302,-309.25446463455,6.51));
#9966=CARTESIAN_POINT('Ctrl Pts',(953.059057106302,-309.25446463455,6.06));
#9967=CARTESIAN_POINT('Ctrl Pts',(953.059057106302,-309.27133182205,6.51));
#9968=CARTESIAN_POINT('Ctrl Pts',(953.059057106302,-309.27133182205,6.06));
#9969=CARTESIAN_POINT('',(952.936769996927,-309.22073025955,6.51));
#9970=CARTESIAN_POINT('Ctrl Pts',(952.936769996927,-309.22073025955,6.51));
#9971=CARTESIAN_POINT('Ctrl Pts',(953.004238746927,-309.233380650175,6.51));
#9972=CARTESIAN_POINT('Ctrl Pts',(953.059057106302,-309.25446463455,6.51));
#9973=CARTESIAN_POINT('Ctrl Pts',(953.059057106302,-309.27133182205,6.51));
#9974=CARTESIAN_POINT('',(952.936769996927,-309.22073025955,6.06));
#9975=CARTESIAN_POINT('',(952.936769996927,-309.22073025955,6.51));
#9976=CARTESIAN_POINT('Ctrl Pts',(952.936769996927,-309.22073025955,6.06));
#9977=CARTESIAN_POINT('Ctrl Pts',(953.004238746927,-309.233380650175,6.06));
#9978=CARTESIAN_POINT('Ctrl Pts',(953.059057106302,-309.25446463455,6.06));
#9979=CARTESIAN_POINT('Ctrl Pts',(953.059057106302,-309.27133182205,6.06));
#9980=CARTESIAN_POINT('Ctrl Pts',(952.671111793802,-309.06892557205,6.51));
#9981=CARTESIAN_POINT('Ctrl Pts',(952.671111793802,-309.06892557205,6.06));
#9982=CARTESIAN_POINT('Ctrl Pts',(952.747014137552,-309.13639432205,6.51));
#9983=CARTESIAN_POINT('Ctrl Pts',(952.747014137552,-309.13639432205,6.06));
#9984=CARTESIAN_POINT('Ctrl Pts',(952.865084450052,-309.20386307205,6.51));
#9985=CARTESIAN_POINT('Ctrl Pts',(952.865084450052,-309.20386307205,6.06));
#9986=CARTESIAN_POINT('Ctrl Pts',(952.936769996927,-309.22073025955,6.51));
#9987=CARTESIAN_POINT('Ctrl Pts',(952.936769996927,-309.22073025955,6.06));
#9988=CARTESIAN_POINT('',(952.671111793802,-309.06892557205,6.51));
#9989=CARTESIAN_POINT('Ctrl Pts',(952.671111793802,-309.06892557205,6.51));
#9990=CARTESIAN_POINT('Ctrl Pts',(952.747014137552,-309.13639432205,6.51));
#9991=CARTESIAN_POINT('Ctrl Pts',(952.865084450052,-309.20386307205,6.51));
#9992=CARTESIAN_POINT('Ctrl Pts',(952.936769996927,-309.22073025955,6.51));
#9993=CARTESIAN_POINT('',(952.671111793802,-309.06892557205,6.06));
#9994=CARTESIAN_POINT('',(952.671111793802,-309.06892557205,6.51));
#9995=CARTESIAN_POINT('Ctrl Pts',(952.671111793802,-309.06892557205,6.06));
#9996=CARTESIAN_POINT('Ctrl Pts',(952.747014137552,-309.13639432205,6.06));
#9997=CARTESIAN_POINT('Ctrl Pts',(952.865084450052,-309.20386307205,6.06));
#9998=CARTESIAN_POINT('Ctrl Pts',(952.936769996927,-309.22073025955,6.06));
#9999=CARTESIAN_POINT('Origin',(952.531957496927,-308.9424216658,6.51));
#10000=CARTESIAN_POINT('',(952.531957496927,-308.9424216658,6.51));
#10001=CARTESIAN_POINT('',(956.823852719231,-312.844144595169,6.51));
#10002=CARTESIAN_POINT('',(952.531957496927,-308.9424216658,6.06));
#10003=CARTESIAN_POINT('',(952.531957496927,-308.9424216658,6.51));
#10004=CARTESIAN_POINT('',(952.671111793802,-309.06892557205,6.06));
#10005=CARTESIAN_POINT('Origin',(952.932553200052,-308.7568826033,6.51));
#10006=CARTESIAN_POINT('',(952.932553200052,-308.7568826033,6.51));
#10007=CARTESIAN_POINT('',(944.984754040017,-312.437968530053,6.51));
#10008=CARTESIAN_POINT('',(952.932553200052,-308.7568826033,6.06));
#10009=CARTESIAN_POINT('',(952.932553200052,-308.7568826033,6.51));
#10010=CARTESIAN_POINT('',(952.531957496927,-308.9424216658,6.06));
#10011=CARTESIAN_POINT('Ctrl Pts',(953.543988746927,-308.643029087675,6.51));
#10012=CARTESIAN_POINT('Ctrl Pts',(953.543988746927,-308.643029087675,6.06));
#10013=CARTESIAN_POINT('Ctrl Pts',(953.510254371927,-308.4870076033,6.51));
#10014=CARTESIAN_POINT('Ctrl Pts',(953.510254371927,-308.4870076033,6.06));
#10015=CARTESIAN_POINT('Ctrl Pts',(953.506037575052,-308.4870076033,6.51));
#10016=CARTESIAN_POINT('Ctrl Pts',(953.506037575052,-308.4870076033,6.06));
#10017=CARTESIAN_POINT('Ctrl Pts',(952.932553200052,-308.7568826033,6.51));
#10018=CARTESIAN_POINT('Ctrl Pts',(952.932553200052,-308.7568826033,6.06));
#10019=CARTESIAN_POINT('',(953.543988746927,-308.643029087675,6.51));
#10020=CARTESIAN_POINT('Ctrl Pts',(953.543988746927,-308.643029087675,6.51));
#10021=CARTESIAN_POINT('Ctrl Pts',(953.510254371927,-308.4870076033,6.51));
#10022=CARTESIAN_POINT('Ctrl Pts',(953.506037575052,-308.4870076033,6.51));
#10023=CARTESIAN_POINT('Ctrl Pts',(952.932553200052,-308.7568826033,6.51));
#10024=CARTESIAN_POINT('',(953.543988746927,-308.643029087675,6.06));
#10025=CARTESIAN_POINT('',(953.543988746927,-308.643029087675,6.51));
#10026=CARTESIAN_POINT('Ctrl Pts',(953.543988746927,-308.643029087675,6.06));
#10027=CARTESIAN_POINT('Ctrl Pts',(953.510254371927,-308.4870076033,6.06));
#10028=CARTESIAN_POINT('Ctrl Pts',(953.506037575052,-308.4870076033,6.06));
#10029=CARTESIAN_POINT('Ctrl Pts',(952.932553200052,-308.7568826033,6.06));
#10030=CARTESIAN_POINT('Ctrl Pts',(953.607240700052,-308.769532993925,6.51));
#10031=CARTESIAN_POINT('Ctrl Pts',(953.607240700052,-308.769532993925,6.06));
#10032=CARTESIAN_POINT('Ctrl Pts',(953.586156715677,-308.769532993925,6.51));
#10033=CARTESIAN_POINT('Ctrl Pts',(953.586156715677,-308.769532993925,6.06));
#10034=CARTESIAN_POINT('Ctrl Pts',(953.560855934427,-308.710497837675,6.51));
#10035=CARTESIAN_POINT('Ctrl Pts',(953.560855934427,-308.710497837675,6.06));
#10036=CARTESIAN_POINT('Ctrl Pts',(953.543988746927,-308.643029087675,6.51));
#10037=CARTESIAN_POINT('Ctrl Pts',(953.543988746927,-308.643029087675,6.06));
#10038=CARTESIAN_POINT('',(953.607240700052,-308.769532993925,6.51));
#10039=CARTESIAN_POINT('Ctrl Pts',(953.607240700052,-308.769532993925,6.51));
#10040=CARTESIAN_POINT('Ctrl Pts',(953.586156715677,-308.769532993925,6.51));
#10041=CARTESIAN_POINT('Ctrl Pts',(953.560855934427,-308.710497837675,6.51));
#10042=CARTESIAN_POINT('Ctrl Pts',(953.543988746927,-308.643029087675,6.51));
#10043=CARTESIAN_POINT('',(953.607240700052,-308.769532993925,6.06));
#10044=CARTESIAN_POINT('',(953.607240700052,-308.769532993925,6.51));
#10045=CARTESIAN_POINT('Ctrl Pts',(953.607240700052,-308.769532993925,6.06));
#10046=CARTESIAN_POINT('Ctrl Pts',(953.586156715677,-308.769532993925,6.06));
#10047=CARTESIAN_POINT('Ctrl Pts',(953.560855934427,-308.710497837675,6.06));
#10048=CARTESIAN_POINT('Ctrl Pts',(953.543988746927,-308.643029087675,6.06));
#10049=CARTESIAN_POINT('Ctrl Pts',(954.471684059427,-308.3689372908,6.51));
#10050=CARTESIAN_POINT('Ctrl Pts',(954.471684059427,-308.3689372908,6.06));
#10051=CARTESIAN_POINT('Ctrl Pts',(954.273494606302,-308.49544119705,6.51));
#10052=CARTESIAN_POINT('Ctrl Pts',(954.273494606302,-308.49544119705,6.06));
#10053=CARTESIAN_POINT('Ctrl Pts',(953.683143043802,-308.769532993925,6.51));
#10054=CARTESIAN_POINT('Ctrl Pts',(953.683143043802,-308.769532993925,6.06));
#10055=CARTESIAN_POINT('Ctrl Pts',(953.607240700052,-308.769532993925,6.51));
#10056=CARTESIAN_POINT('Ctrl Pts',(953.607240700052,-308.769532993925,6.06));
#10057=CARTESIAN_POINT('',(954.471684059427,-308.3689372908,6.51));
#10058=CARTESIAN_POINT('Ctrl Pts',(954.471684059427,-308.3689372908,6.51));
#10059=CARTESIAN_POINT('Ctrl Pts',(954.273494606302,-308.49544119705,6.51));
#10060=CARTESIAN_POINT('Ctrl Pts',(953.683143043802,-308.769532993925,6.51));
#10061=CARTESIAN_POINT('Ctrl Pts',(953.607240700052,-308.769532993925,6.51));
#10062=CARTESIAN_POINT('',(954.471684059427,-308.3689372908,6.06));
#10063=CARTESIAN_POINT('',(954.471684059427,-308.3689372908,6.51));
#10064=CARTESIAN_POINT('Ctrl Pts',(954.471684059427,-308.3689372908,6.06));
#10065=CARTESIAN_POINT('Ctrl Pts',(954.273494606302,-308.49544119705,6.06));
#10066=CARTESIAN_POINT('Ctrl Pts',(953.683143043802,-308.769532993925,6.06));
#10067=CARTESIAN_POINT('Ctrl Pts',(953.607240700052,-308.769532993925,6.06));
#10068=CARTESIAN_POINT('Ctrl Pts',(955.154805153177,-307.6942497908,6.51));
#10069=CARTESIAN_POINT('Ctrl Pts',(955.154805153177,-307.6942497908,6.06));
#10070=CARTESIAN_POINT('Ctrl Pts',(955.040951637552,-307.87135525955,6.51));
#10071=CARTESIAN_POINT('Ctrl Pts',(955.040951637552,-307.87135525955,6.06));
#10072=CARTESIAN_POINT('Ctrl Pts',(954.669873512552,-308.24243338455,6.51));
#10073=CARTESIAN_POINT('Ctrl Pts',(954.669873512552,-308.24243338455,6.06));
#10074=CARTESIAN_POINT('Ctrl Pts',(954.471684059427,-308.3689372908,6.51));
#10075=CARTESIAN_POINT('Ctrl Pts',(954.471684059427,-308.3689372908,6.06));
#10076=CARTESIAN_POINT('',(955.154805153177,-307.6942497908,6.51));
#10077=CARTESIAN_POINT('Ctrl Pts',(955.154805153177,-307.6942497908,6.51));
#10078=CARTESIAN_POINT('Ctrl Pts',(955.040951637552,-307.87135525955,6.51));
#10079=CARTESIAN_POINT('Ctrl Pts',(954.669873512552,-308.24243338455,6.51));
#10080=CARTESIAN_POINT('Ctrl Pts',(954.471684059427,-308.3689372908,6.51));
#10081=CARTESIAN_POINT('',(955.154805153177,-307.6942497908,6.06));
#10082=CARTESIAN_POINT('',(955.154805153177,-307.6942497908,6.51));
#10083=CARTESIAN_POINT('Ctrl Pts',(955.154805153177,-307.6942497908,6.06));
#10084=CARTESIAN_POINT('Ctrl Pts',(955.040951637552,-307.87135525955,6.06));
#10085=CARTESIAN_POINT('Ctrl Pts',(954.669873512552,-308.24243338455,6.06));
#10086=CARTESIAN_POINT('Ctrl Pts',(954.471684059427,-308.3689372908,6.06));
#10087=CARTESIAN_POINT('Ctrl Pts',(955.180105934427,-307.6942497908,6.51));
#10088=CARTESIAN_POINT('Ctrl Pts',(955.180105934427,-307.6942497908,6.06));
#10089=CARTESIAN_POINT('Ctrl Pts',(955.205406715677,-307.6099138533,6.51));
#10090=CARTESIAN_POINT('Ctrl Pts',(955.205406715677,-307.6099138533,6.06));
#10091=CARTESIAN_POINT('Ctrl Pts',(955.205406715677,-307.6099138533,6.51));
#10092=CARTESIAN_POINT('Ctrl Pts',(955.205406715677,-307.6099138533,6.06));
#10093=CARTESIAN_POINT('Ctrl Pts',(955.154805153177,-307.6942497908,6.51));
#10094=CARTESIAN_POINT('Ctrl Pts',(955.154805153177,-307.6942497908,6.06));
#10095=CARTESIAN_POINT('',(955.180105934427,-307.6942497908,6.51));
#10096=CARTESIAN_POINT('Ctrl Pts',(955.180105934427,-307.6942497908,6.51));
#10097=CARTESIAN_POINT('Ctrl Pts',(955.205406715677,-307.6099138533,6.51));
#10098=CARTESIAN_POINT('Ctrl Pts',(955.205406715677,-307.6099138533,6.51));
#10099=CARTESIAN_POINT('Ctrl Pts',(955.154805153177,-307.6942497908,6.51));
#10100=CARTESIAN_POINT('',(955.180105934427,-307.6942497908,6.06));
#10101=CARTESIAN_POINT('',(955.180105934427,-307.6942497908,6.51));
#10102=CARTESIAN_POINT('Ctrl Pts',(955.180105934427,-307.6942497908,6.06));
#10103=CARTESIAN_POINT('Ctrl Pts',(955.205406715677,-307.6099138533,6.06));
#10104=CARTESIAN_POINT('Ctrl Pts',(955.205406715677,-307.6099138533,6.06));
#10105=CARTESIAN_POINT('Ctrl Pts',(955.154805153177,-307.6942497908,6.06));
#10106=CARTESIAN_POINT('Ctrl Pts',(954.796377418802,-308.271950962675,6.51));
#10107=CARTESIAN_POINT('Ctrl Pts',(954.796377418802,-308.271950962675,6.06));
#10108=CARTESIAN_POINT('Ctrl Pts',(954.969266090677,-308.0821951033,6.51));
#10109=CARTESIAN_POINT('Ctrl Pts',(954.969266090677,-308.0821951033,6.06));
#10110=CARTESIAN_POINT('Ctrl Pts',(955.137937965677,-307.8291872908,6.51));
#10111=CARTESIAN_POINT('Ctrl Pts',(955.137937965677,-307.8291872908,6.06));
#10112=CARTESIAN_POINT('Ctrl Pts',(955.180105934427,-307.6942497908,6.51));
#10113=CARTESIAN_POINT('Ctrl Pts',(955.180105934427,-307.6942497908,6.06));
#10114=CARTESIAN_POINT('',(954.796377418802,-308.271950962675,6.51));
#10115=CARTESIAN_POINT('Ctrl Pts',(954.796377418802,-308.271950962675,6.51));
#10116=CARTESIAN_POINT('Ctrl Pts',(954.969266090677,-308.0821951033,6.51));
#10117=CARTESIAN_POINT('Ctrl Pts',(955.137937965677,-307.8291872908,6.51));
#10118=CARTESIAN_POINT('Ctrl Pts',(955.180105934427,-307.6942497908,6.51));
#10119=CARTESIAN_POINT('',(954.796377418802,-308.271950962675,6.06));
#10120=CARTESIAN_POINT('',(954.796377418802,-308.271950962675,6.51));
#10121=CARTESIAN_POINT('Ctrl Pts',(954.796377418802,-308.271950962675,6.06));
#10122=CARTESIAN_POINT('Ctrl Pts',(954.969266090677,-308.0821951033,6.06));
#10123=CARTESIAN_POINT('Ctrl Pts',(955.137937965677,-307.8291872908,6.06));
#10124=CARTESIAN_POINT('Ctrl Pts',(955.180105934427,-307.6942497908,6.06));
#10125=CARTESIAN_POINT('Ctrl Pts',(953.657842262552,-309.0942263533,6.51));
#10126=CARTESIAN_POINT('Ctrl Pts',(953.657842262552,-309.0942263533,6.06));
#10127=CARTESIAN_POINT('Ctrl Pts',(954.298795387552,-308.71471463455,6.51));
#10128=CARTESIAN_POINT('Ctrl Pts',(954.298795387552,-308.71471463455,6.06));
#10129=CARTESIAN_POINT('Ctrl Pts',(954.585537575052,-308.5038747908,6.51));
#10130=CARTESIAN_POINT('Ctrl Pts',(954.585537575052,-308.5038747908,6.06));
#10131=CARTESIAN_POINT('Ctrl Pts',(954.796377418802,-308.271950962675,6.51));
#10132=CARTESIAN_POINT('Ctrl Pts',(954.796377418802,-308.271950962675,6.06));
#10133=CARTESIAN_POINT('',(953.657842262552,-309.0942263533,6.51));
#10134=CARTESIAN_POINT('Ctrl Pts',(953.657842262552,-309.0942263533,6.51));
#10135=CARTESIAN_POINT('Ctrl Pts',(954.298795387552,-308.71471463455,6.51));
#10136=CARTESIAN_POINT('Ctrl Pts',(954.585537575052,-308.5038747908,6.51));
#10137=CARTESIAN_POINT('Ctrl Pts',(954.796377418802,-308.271950962675,6.51));
#10138=CARTESIAN_POINT('',(953.657842262552,-309.0942263533,6.06));
#10139=CARTESIAN_POINT('',(953.657842262552,-309.0942263533,6.51));
#10140=CARTESIAN_POINT('Ctrl Pts',(953.657842262552,-309.0942263533,6.06));
#10141=CARTESIAN_POINT('Ctrl Pts',(954.298795387552,-308.71471463455,6.06));
#10142=CARTESIAN_POINT('Ctrl Pts',(954.585537575052,-308.5038747908,6.06));
#10143=CARTESIAN_POINT('Ctrl Pts',(954.796377418802,-308.271950962675,6.06));
#10144=CARTESIAN_POINT('Ctrl Pts',(952.510873512552,-309.891200962675,6.51));
#10145=CARTESIAN_POINT('Ctrl Pts',(952.510873512552,-309.891200962675,6.06));
#10146=CARTESIAN_POINT('Ctrl Pts',(952.818699684427,-309.60867557205,6.51));
#10147=CARTESIAN_POINT('Ctrl Pts',(952.818699684427,-309.60867557205,6.06));
#10148=CARTESIAN_POINT('Ctrl Pts',(952.966287575052,-309.503255650175,6.51));
#10149=CARTESIAN_POINT('Ctrl Pts',(952.966287575052,-309.503255650175,6.06));
#10150=CARTESIAN_POINT('Ctrl Pts',(953.657842262552,-309.0942263533,6.51));
#10151=CARTESIAN_POINT('Ctrl Pts',(953.657842262552,-309.0942263533,6.06));
#10152=CARTESIAN_POINT('',(952.510873512552,-309.891200962675,6.51));
#10153=CARTESIAN_POINT('Ctrl Pts',(952.510873512552,-309.891200962675,6.51));
#10154=CARTESIAN_POINT('Ctrl Pts',(952.818699684427,-309.60867557205,6.51));
#10155=CARTESIAN_POINT('Ctrl Pts',(952.966287575052,-309.503255650175,6.51));
#10156=CARTESIAN_POINT('Ctrl Pts',(953.657842262552,-309.0942263533,6.51));
#10157=CARTESIAN_POINT('',(952.510873512552,-309.891200962675,6.06));
#10158=CARTESIAN_POINT('',(952.510873512552,-309.891200962675,6.51));
#10159=CARTESIAN_POINT('Ctrl Pts',(952.510873512552,-309.891200962675,6.06));
#10160=CARTESIAN_POINT('Ctrl Pts',(952.818699684427,-309.60867557205,6.06));
#10161=CARTESIAN_POINT('Ctrl Pts',(952.966287575052,-309.503255650175,6.06));
#10162=CARTESIAN_POINT('Ctrl Pts',(953.657842262552,-309.0942263533,6.06));
#10163=CARTESIAN_POINT('Ctrl Pts',(951.389205543802,-312.88090994705,6.51));
#10164=CARTESIAN_POINT('Ctrl Pts',(951.389205543802,-312.88090994705,6.06));
#10165=CARTESIAN_POINT('Ctrl Pts',(951.199449684427,-311.8098435408,6.51));
#10166=CARTESIAN_POINT('Ctrl Pts',(951.199449684427,-311.8098435408,6.06));
#10167=CARTESIAN_POINT('Ctrl Pts',(951.608478981302,-310.7303435408,6.51));
#10168=CARTESIAN_POINT('Ctrl Pts',(951.608478981302,-310.7303435408,6.06));
#10169=CARTESIAN_POINT('Ctrl Pts',(952.510873512552,-309.891200962675,6.51));
#10170=CARTESIAN_POINT('Ctrl Pts',(952.510873512552,-309.891200962675,6.06));
#10171=CARTESIAN_POINT('',(951.389205543802,-312.88090994705,6.51));
#10172=CARTESIAN_POINT('Ctrl Pts',(951.389205543802,-312.88090994705,6.51));
#10173=CARTESIAN_POINT('Ctrl Pts',(951.199449684427,-311.8098435408,6.51));
#10174=CARTESIAN_POINT('Ctrl Pts',(951.608478981302,-310.7303435408,6.51));
#10175=CARTESIAN_POINT('Ctrl Pts',(952.510873512552,-309.891200962675,6.51));
#10176=CARTESIAN_POINT('',(951.389205543802,-312.88090994705,6.06));
#10177=CARTESIAN_POINT('',(951.389205543802,-312.88090994705,6.51));
#10178=CARTESIAN_POINT('Ctrl Pts',(951.389205543802,-312.88090994705,6.06));
#10179=CARTESIAN_POINT('Ctrl Pts',(951.199449684427,-311.8098435408,6.06));
#10180=CARTESIAN_POINT('Ctrl Pts',(951.608478981302,-310.7303435408,6.06));
#10181=CARTESIAN_POINT('Ctrl Pts',(952.510873512552,-309.891200962675,6.06));
#10182=CARTESIAN_POINT('Ctrl Pts',(954.041570778177,-315.54592557205,6.51));
#10183=CARTESIAN_POINT('Ctrl Pts',(954.041570778177,-315.54592557205,6.06));
#10184=CARTESIAN_POINT('Ctrl Pts',(952.675328590677,-315.288700962675,6.51));
#10185=CARTESIAN_POINT('Ctrl Pts',(952.675328590677,-315.288700962675,6.06));
#10186=CARTESIAN_POINT('Ctrl Pts',(951.621129371927,-314.23028494705,6.51));
#10187=CARTESIAN_POINT('Ctrl Pts',(951.621129371927,-314.23028494705,6.06));
#10188=CARTESIAN_POINT('Ctrl Pts',(951.389205543802,-312.88090994705,6.51));
#10189=CARTESIAN_POINT('Ctrl Pts',(951.389205543802,-312.88090994705,6.06));
#10190=CARTESIAN_POINT('',(954.041570778177,-315.54592557205,6.51));
#10191=CARTESIAN_POINT('Ctrl Pts',(954.041570778177,-315.54592557205,6.51));
#10192=CARTESIAN_POINT('Ctrl Pts',(952.675328590677,-315.288700962675,6.51));
#10193=CARTESIAN_POINT('Ctrl Pts',(951.621129371927,-314.23028494705,6.51));
#10194=CARTESIAN_POINT('Ctrl Pts',(951.389205543802,-312.88090994705,6.51));
#10195=CARTESIAN_POINT('',(954.041570778177,-315.54592557205,6.06));
#10196=CARTESIAN_POINT('',(954.041570778177,-315.54592557205,6.51));
#10197=CARTESIAN_POINT('Ctrl Pts',(954.041570778177,-315.54592557205,6.06));
#10198=CARTESIAN_POINT('Ctrl Pts',(952.675328590677,-315.288700962675,6.06));
#10199=CARTESIAN_POINT('Ctrl Pts',(951.621129371927,-314.23028494705,6.06));
#10200=CARTESIAN_POINT('Ctrl Pts',(951.389205543802,-312.88090994705,6.06));
#10201=CARTESIAN_POINT('Ctrl Pts',(954.690957496927,-315.592310337675,6.51));
#10202=CARTESIAN_POINT('Ctrl Pts',(954.690957496927,-315.592310337675,6.06));
#10203=CARTESIAN_POINT('Ctrl Pts',(954.522285621927,-315.600743931425,6.51));
#10204=CARTESIAN_POINT('Ctrl Pts',(954.522285621927,-315.600743931425,6.06));
#10205=CARTESIAN_POINT('Ctrl Pts',(954.227109840677,-315.57965994705,6.51));
#10206=CARTESIAN_POINT('Ctrl Pts',(954.227109840677,-315.57965994705,6.06));
#10207=CARTESIAN_POINT('Ctrl Pts',(954.041570778177,-315.54592557205,6.51));
#10208=CARTESIAN_POINT('Ctrl Pts',(954.041570778177,-315.54592557205,6.06));
#10209=CARTESIAN_POINT('',(954.690957496927,-315.592310337675,6.51));
#10210=CARTESIAN_POINT('Ctrl Pts',(954.690957496927,-315.592310337675,6.51));
#10211=CARTESIAN_POINT('Ctrl Pts',(954.522285621927,-315.600743931425,6.51));
#10212=CARTESIAN_POINT('Ctrl Pts',(954.227109840677,-315.57965994705,6.51));
#10213=CARTESIAN_POINT('Ctrl Pts',(954.041570778177,-315.54592557205,6.51));
#10214=CARTESIAN_POINT('',(954.690957496927,-315.592310337675,6.06));
#10215=CARTESIAN_POINT('',(954.690957496927,-315.592310337675,6.51));
#10216=CARTESIAN_POINT('Ctrl Pts',(954.690957496927,-315.592310337675,6.06));
#10217=CARTESIAN_POINT('Ctrl Pts',(954.522285621927,-315.600743931425,6.06));
#10218=CARTESIAN_POINT('Ctrl Pts',(954.227109840677,-315.57965994705,6.06));
#10219=CARTESIAN_POINT('Ctrl Pts',(954.041570778177,-315.54592557205,6.06));
#10220=CARTESIAN_POINT('Ctrl Pts',(954.965049293802,-315.6049607283,6.51));
#10221=CARTESIAN_POINT('Ctrl Pts',(954.965049293802,-315.6049607283,6.06));
#10222=CARTESIAN_POINT('Ctrl Pts',(954.981916481302,-315.592310337675,6.51));
#10223=CARTESIAN_POINT('Ctrl Pts',(954.981916481302,-315.592310337675,6.06));
#10224=CARTESIAN_POINT('Ctrl Pts',(954.859629371927,-315.583876743925,6.51));
#10225=CARTESIAN_POINT('Ctrl Pts',(954.859629371927,-315.583876743925,6.06));
#10226=CARTESIAN_POINT('Ctrl Pts',(954.690957496927,-315.592310337675,6.51));
#10227=CARTESIAN_POINT('Ctrl Pts',(954.690957496927,-315.592310337675,6.06));
#10228=CARTESIAN_POINT('',(954.965049293802,-315.6049607283,6.51));
#10229=CARTESIAN_POINT('Ctrl Pts',(954.965049293802,-315.6049607283,6.51));
#10230=CARTESIAN_POINT('Ctrl Pts',(954.981916481302,-315.592310337675,6.51));
#10231=CARTESIAN_POINT('Ctrl Pts',(954.859629371927,-315.583876743925,6.51));
#10232=CARTESIAN_POINT('Ctrl Pts',(954.690957496927,-315.592310337675,6.51));
#10233=CARTESIAN_POINT('',(954.965049293802,-315.6049607283,6.06));
#10234=CARTESIAN_POINT('',(954.965049293802,-315.6049607283,6.51));
#10235=CARTESIAN_POINT('Ctrl Pts',(954.965049293802,-315.6049607283,6.06));
#10236=CARTESIAN_POINT('Ctrl Pts',(954.981916481302,-315.592310337675,6.06));
#10237=CARTESIAN_POINT('Ctrl Pts',(954.859629371927,-315.583876743925,6.06));
#10238=CARTESIAN_POINT('Ctrl Pts',(954.690957496927,-315.592310337675,6.06));
#10239=CARTESIAN_POINT('Ctrl Pts',(954.113256325052,-315.853751743925,6.51));
#10240=CARTESIAN_POINT('Ctrl Pts',(954.113256325052,-315.853751743925,6.06));
#10241=CARTESIAN_POINT('Ctrl Pts',(954.421082496927,-315.786282993925,6.51));
#10242=CARTESIAN_POINT('Ctrl Pts',(954.421082496927,-315.786282993925,6.06));
#10243=CARTESIAN_POINT('Ctrl Pts',(954.927098121927,-315.642911900175,6.51));
#10244=CARTESIAN_POINT('Ctrl Pts',(954.927098121927,-315.642911900175,6.06));
#10245=CARTESIAN_POINT('Ctrl Pts',(954.965049293802,-315.6049607283,6.51));
#10246=CARTESIAN_POINT('Ctrl Pts',(954.965049293802,-315.6049607283,6.06));
#10247=CARTESIAN_POINT('',(954.113256325052,-315.853751743925,6.51));
#10248=CARTESIAN_POINT('Ctrl Pts',(954.113256325052,-315.853751743925,6.51));
#10249=CARTESIAN_POINT('Ctrl Pts',(954.421082496927,-315.786282993925,6.51));
#10250=CARTESIAN_POINT('Ctrl Pts',(954.927098121927,-315.642911900175,6.51));
#10251=CARTESIAN_POINT('Ctrl Pts',(954.965049293802,-315.6049607283,6.51));
#10252=CARTESIAN_POINT('',(954.113256325052,-315.853751743925,6.06));
#10253=CARTESIAN_POINT('',(954.113256325052,-315.853751743925,6.51));
#10254=CARTESIAN_POINT('Ctrl Pts',(954.113256325052,-315.853751743925,6.06));
#10255=CARTESIAN_POINT('Ctrl Pts',(954.421082496927,-315.786282993925,6.06));
#10256=CARTESIAN_POINT('Ctrl Pts',(954.927098121927,-315.642911900175,6.06));
#10257=CARTESIAN_POINT('Ctrl Pts',(954.965049293802,-315.6049607283,6.06));
#10258=CARTESIAN_POINT('Ctrl Pts',(952.590992653177,-315.90013650955,6.51));
#10259=CARTESIAN_POINT('Ctrl Pts',(952.590992653177,-315.90013650955,6.06));
#10260=CARTESIAN_POINT('Ctrl Pts',(952.983154762552,-315.954954868925,6.51));
#10261=CARTESIAN_POINT('Ctrl Pts',(952.983154762552,-315.954954868925,6.06));
#10262=CARTESIAN_POINT('Ctrl Pts',(953.737961403177,-315.929654087675,6.51));
#10263=CARTESIAN_POINT('Ctrl Pts',(953.737961403177,-315.929654087675,6.06));
#10264=CARTESIAN_POINT('Ctrl Pts',(954.113256325052,-315.853751743925,6.51));
#10265=CARTESIAN_POINT('Ctrl Pts',(954.113256325052,-315.853751743925,6.06));
#10266=CARTESIAN_POINT('',(952.590992653177,-315.90013650955,6.51));
#10267=CARTESIAN_POINT('Ctrl Pts',(952.590992653177,-315.90013650955,6.51));
#10268=CARTESIAN_POINT('Ctrl Pts',(952.983154762552,-315.954954868925,6.51));
#10269=CARTESIAN_POINT('Ctrl Pts',(953.737961403177,-315.929654087675,6.51));
#10270=CARTESIAN_POINT('Ctrl Pts',(954.113256325052,-315.853751743925,6.51));
#10271=CARTESIAN_POINT('',(952.590992653177,-315.90013650955,6.06));
#10272=CARTESIAN_POINT('',(952.590992653177,-315.90013650955,6.51));
#10273=CARTESIAN_POINT('Ctrl Pts',(952.590992653177,-315.90013650955,6.06));
#10274=CARTESIAN_POINT('Ctrl Pts',(952.983154762552,-315.954954868925,6.06));
#10275=CARTESIAN_POINT('Ctrl Pts',(953.737961403177,-315.929654087675,6.06));
#10276=CARTESIAN_POINT('Ctrl Pts',(954.113256325052,-315.853751743925,6.06));
#10277=CARTESIAN_POINT('Ctrl Pts',(949.095268043802,-313.652583775175,6.51));
#10278=CARTESIAN_POINT('Ctrl Pts',(949.095268043802,-313.652583775175,6.06));
#10279=CARTESIAN_POINT('Ctrl Pts',(949.664535621927,-314.8459372908,6.51));
#10280=CARTESIAN_POINT('Ctrl Pts',(949.664535621927,-314.8459372908,6.06));
#10281=CARTESIAN_POINT('Ctrl Pts',(950.938008278177,-315.66399588455,6.51));
#10282=CARTESIAN_POINT('Ctrl Pts',(950.938008278177,-315.66399588455,6.06));
#10283=CARTESIAN_POINT('Ctrl Pts',(952.590992653177,-315.90013650955,6.51));
#10284=CARTESIAN_POINT('Ctrl Pts',(952.590992653177,-315.90013650955,6.06));
#10285=CARTESIAN_POINT('',(949.095268043802,-313.652583775175,6.51));
#10286=CARTESIAN_POINT('Ctrl Pts',(949.095268043802,-313.652583775175,6.51));
#10287=CARTESIAN_POINT('Ctrl Pts',(949.664535621927,-314.8459372908,6.51));
#10288=CARTESIAN_POINT('Ctrl Pts',(950.938008278177,-315.66399588455,6.51));
#10289=CARTESIAN_POINT('Ctrl Pts',(952.590992653177,-315.90013650955,6.51));
#10290=CARTESIAN_POINT('',(949.095268043802,-313.652583775175,6.06));
#10291=CARTESIAN_POINT('',(949.095268043802,-313.652583775175,6.51));
#10292=CARTESIAN_POINT('Ctrl Pts',(949.095268043802,-313.652583775175,6.06));
#10293=CARTESIAN_POINT('Ctrl Pts',(949.664535621927,-314.8459372908,6.06));
#10294=CARTESIAN_POINT('Ctrl Pts',(950.938008278177,-315.66399588455,6.06));
#10295=CARTESIAN_POINT('Ctrl Pts',(952.590992653177,-315.90013650955,6.06));
#10296=CARTESIAN_POINT('Ctrl Pts',(949.352492653177,-310.6460076033,6.51));
#10297=CARTESIAN_POINT('Ctrl Pts',(949.352492653177,-310.6460076033,6.06));
#10298=CARTESIAN_POINT('Ctrl Pts',(948.711539528177,-311.856228306425,6.51));
#10299=CARTESIAN_POINT('Ctrl Pts',(948.711539528177,-311.856228306425,6.06));
#10300=CARTESIAN_POINT('Ctrl Pts',(948.639853981302,-312.69537088455,6.51));
#10301=CARTESIAN_POINT('Ctrl Pts',(948.639853981302,-312.69537088455,6.06));
#10302=CARTESIAN_POINT('Ctrl Pts',(949.095268043802,-313.652583775175,6.51));
#10303=CARTESIAN_POINT('Ctrl Pts',(949.095268043802,-313.652583775175,6.06));
#10304=CARTESIAN_POINT('',(949.352492653177,-310.6460076033,6.51));
#10305=CARTESIAN_POINT('Ctrl Pts',(949.352492653177,-310.6460076033,6.51));
#10306=CARTESIAN_POINT('Ctrl Pts',(948.711539528177,-311.856228306425,6.51));
#10307=CARTESIAN_POINT('Ctrl Pts',(948.639853981302,-312.69537088455,6.51));
#10308=CARTESIAN_POINT('Ctrl Pts',(949.095268043802,-313.652583775175,6.51));
#10309=CARTESIAN_POINT('',(949.352492653177,-310.6460076033,6.06));
#10310=CARTESIAN_POINT('',(949.352492653177,-310.6460076033,6.51));
#10311=CARTESIAN_POINT('Ctrl Pts',(949.352492653177,-310.6460076033,6.06));
#10312=CARTESIAN_POINT('Ctrl Pts',(948.711539528177,-311.856228306425,6.06));
#10313=CARTESIAN_POINT('Ctrl Pts',(948.639853981302,-312.69537088455,6.06));
#10314=CARTESIAN_POINT('Ctrl Pts',(949.095268043802,-313.652583775175,6.06));
#10315=CARTESIAN_POINT('Ctrl Pts',(949.892242653177,-308.196048618925,6.51));
#10316=CARTESIAN_POINT('Ctrl Pts',(949.892242653177,-308.196048618925,6.06));
#10317=CARTESIAN_POINT('Ctrl Pts',(950.052480934427,-308.853868931425,6.51));
#10318=CARTESIAN_POINT('Ctrl Pts',(950.052480934427,-308.853868931425,6.06));
#10319=CARTESIAN_POINT('Ctrl Pts',(949.875375465677,-309.65927713455,6.51));
#10320=CARTESIAN_POINT('Ctrl Pts',(949.875375465677,-309.65927713455,6.06));
#10321=CARTESIAN_POINT('Ctrl Pts',(949.352492653177,-310.6460076033,6.51));
#10322=CARTESIAN_POINT('Ctrl Pts',(949.352492653177,-310.6460076033,6.06));
#10323=CARTESIAN_POINT('',(949.892242653177,-308.196048618925,6.51));
#10324=CARTESIAN_POINT('Ctrl Pts',(949.892242653177,-308.196048618925,6.51));
#10325=CARTESIAN_POINT('Ctrl Pts',(950.052480934427,-308.853868931425,6.51));
#10326=CARTESIAN_POINT('Ctrl Pts',(949.875375465677,-309.65927713455,6.51));
#10327=CARTESIAN_POINT('Ctrl Pts',(949.352492653177,-310.6460076033,6.51));
#10328=CARTESIAN_POINT('',(949.892242653177,-308.196048618925,6.06));
#10329=CARTESIAN_POINT('',(949.892242653177,-308.196048618925,6.51));
#10330=CARTESIAN_POINT('Ctrl Pts',(949.892242653177,-308.196048618925,6.06));
#10331=CARTESIAN_POINT('Ctrl Pts',(950.052480934427,-308.853868931425,6.06));
#10332=CARTESIAN_POINT('Ctrl Pts',(949.875375465677,-309.65927713455,6.06));
#10333=CARTESIAN_POINT('Ctrl Pts',(949.352492653177,-310.6460076033,6.06));
#10334=CARTESIAN_POINT('Ctrl Pts',(948.391062965677,-306.602099400175,6.51));
#10335=CARTESIAN_POINT('Ctrl Pts',(948.391062965677,-306.602099400175,6.06));
#10336=CARTESIAN_POINT('Ctrl Pts',(949.314541481302,-307.07859744705,6.51));
#10337=CARTESIAN_POINT('Ctrl Pts',(949.314541481302,-307.07859744705,6.06));
#10338=CARTESIAN_POINT('Ctrl Pts',(949.723570778177,-307.512927525175,6.51));
#10339=CARTESIAN_POINT('Ctrl Pts',(949.723570778177,-307.512927525175,6.06));
#10340=CARTESIAN_POINT('Ctrl Pts',(949.892242653177,-308.196048618925,6.51));
#10341=CARTESIAN_POINT('Ctrl Pts',(949.892242653177,-308.196048618925,6.06));
#10342=CARTESIAN_POINT('',(948.391062965677,-306.602099400175,6.51));
#10343=CARTESIAN_POINT('Ctrl Pts',(948.391062965677,-306.602099400175,6.51));
#10344=CARTESIAN_POINT('Ctrl Pts',(949.314541481302,-307.07859744705,6.51));
#10345=CARTESIAN_POINT('Ctrl Pts',(949.723570778177,-307.512927525175,6.51));
#10346=CARTESIAN_POINT('Ctrl Pts',(949.892242653177,-308.196048618925,6.51));
#10347=CARTESIAN_POINT('',(948.391062965677,-306.602099400175,6.06));
#10348=CARTESIAN_POINT('',(948.391062965677,-306.602099400175,6.51));
#10349=CARTESIAN_POINT('Ctrl Pts',(948.391062965677,-306.602099400175,6.06));
#10350=CARTESIAN_POINT('Ctrl Pts',(949.314541481302,-307.07859744705,6.06));
#10351=CARTESIAN_POINT('Ctrl Pts',(949.723570778177,-307.512927525175,6.06));
#10352=CARTESIAN_POINT('Ctrl Pts',(949.892242653177,-308.196048618925,6.06));
#10353=CARTESIAN_POINT('Ctrl Pts',(947.910348121927,-306.214154087675,6.51));
#10354=CARTESIAN_POINT('Ctrl Pts',(947.910348121927,-306.214154087675,6.06));
#10355=CARTESIAN_POINT('Ctrl Pts',(947.994684059427,-306.382825962675,6.51));
#10356=CARTESIAN_POINT('Ctrl Pts',(947.994684059427,-306.382825962675,6.06));
#10357=CARTESIAN_POINT('Ctrl Pts',(948.045285621927,-306.424993931425,6.51));
#10358=CARTESIAN_POINT('Ctrl Pts',(948.045285621927,-306.424993931425,6.06));
#10359=CARTESIAN_POINT('Ctrl Pts',(948.391062965677,-306.602099400175,6.51));
#10360=CARTESIAN_POINT('Ctrl Pts',(948.391062965677,-306.602099400175,6.06));
#10361=CARTESIAN_POINT('',(947.910348121927,-306.214154087675,6.51));
#10362=CARTESIAN_POINT('Ctrl Pts',(947.910348121927,-306.214154087675,6.51));
#10363=CARTESIAN_POINT('Ctrl Pts',(947.994684059427,-306.382825962675,6.51));
#10364=CARTESIAN_POINT('Ctrl Pts',(948.045285621927,-306.424993931425,6.51));
#10365=CARTESIAN_POINT('Ctrl Pts',(948.391062965677,-306.602099400175,6.51));
#10366=CARTESIAN_POINT('',(947.910348121927,-306.214154087675,6.06));
#10367=CARTESIAN_POINT('',(947.910348121927,-306.214154087675,6.51));
#10368=CARTESIAN_POINT('Ctrl Pts',(947.910348121927,-306.214154087675,6.06));
#10369=CARTESIAN_POINT('Ctrl Pts',(947.994684059427,-306.382825962675,6.06));
#10370=CARTESIAN_POINT('Ctrl Pts',(948.045285621927,-306.424993931425,6.06));
#10371=CARTESIAN_POINT('Ctrl Pts',(948.391062965677,-306.602099400175,6.06));
#10372=CARTESIAN_POINT('Ctrl Pts',(947.893480934427,-305.834642368925,6.51));
#10373=CARTESIAN_POINT('Ctrl Pts',(947.893480934427,-305.834642368925,6.06));
#10374=CARTESIAN_POINT('Ctrl Pts',(947.821795387552,-306.020181431425,6.51));
#10375=CARTESIAN_POINT('Ctrl Pts',(947.821795387552,-306.020181431425,6.06));
#10376=CARTESIAN_POINT('Ctrl Pts',(947.821795387552,-306.028615025175,6.51));
#10377=CARTESIAN_POINT('Ctrl Pts',(947.821795387552,-306.028615025175,6.06));
#10378=CARTESIAN_POINT('Ctrl Pts',(947.910348121927,-306.214154087675,6.51));
#10379=CARTESIAN_POINT('Ctrl Pts',(947.910348121927,-306.214154087675,6.06));
#10380=CARTESIAN_POINT('',(947.893480934427,-305.834642368925,6.51));
#10381=CARTESIAN_POINT('Ctrl Pts',(947.893480934427,-305.834642368925,6.51));
#10382=CARTESIAN_POINT('Ctrl Pts',(947.821795387552,-306.020181431425,6.51));
#10383=CARTESIAN_POINT('Ctrl Pts',(947.821795387552,-306.028615025175,6.51));
#10384=CARTESIAN_POINT('Ctrl Pts',(947.910348121927,-306.214154087675,6.51));
#10385=CARTESIAN_POINT('',(947.893480934427,-305.834642368925,6.06));
#10386=CARTESIAN_POINT('',(947.893480934427,-305.834642368925,6.51));
#10387=CARTESIAN_POINT('Ctrl Pts',(947.893480934427,-305.834642368925,6.06));
#10388=CARTESIAN_POINT('Ctrl Pts',(947.821795387552,-306.020181431425,6.06));
#10389=CARTESIAN_POINT('Ctrl Pts',(947.821795387552,-306.028615025175,6.06));
#10390=CARTESIAN_POINT('Ctrl Pts',(947.910348121927,-306.214154087675,6.06));
#10391=CARTESIAN_POINT('Ctrl Pts',(948.462748512552,-305.3665779158,6.51));
#10392=CARTESIAN_POINT('Ctrl Pts',(948.462748512552,-305.3665779158,6.06));
#10393=CARTESIAN_POINT('Ctrl Pts',(948.146488746927,-305.47621463455,6.51));
#10394=CARTESIAN_POINT('Ctrl Pts',(948.146488746927,-305.47621463455,6.06));
#10395=CARTESIAN_POINT('Ctrl Pts',(947.977816871927,-305.61115213455,6.51));
#10396=CARTESIAN_POINT('Ctrl Pts',(947.977816871927,-305.61115213455,6.06));
#10397=CARTESIAN_POINT('Ctrl Pts',(947.893480934427,-305.834642368925,6.51));
#10398=CARTESIAN_POINT('Ctrl Pts',(947.893480934427,-305.834642368925,6.06));
#10399=CARTESIAN_POINT('',(948.462748512552,-305.3665779158,6.51));
#10400=CARTESIAN_POINT('Ctrl Pts',(948.462748512552,-305.3665779158,6.51));
#10401=CARTESIAN_POINT('Ctrl Pts',(948.146488746927,-305.47621463455,6.51));
#10402=CARTESIAN_POINT('Ctrl Pts',(947.977816871927,-305.61115213455,6.51));
#10403=CARTESIAN_POINT('Ctrl Pts',(947.893480934427,-305.834642368925,6.51));
#10404=CARTESIAN_POINT('',(948.462748512552,-305.3665779158,6.06));
#10405=CARTESIAN_POINT('',(948.462748512552,-305.3665779158,6.51));
#10406=CARTESIAN_POINT('Ctrl Pts',(948.462748512552,-305.3665779158,6.06));
#10407=CARTESIAN_POINT('Ctrl Pts',(948.146488746927,-305.47621463455,6.06));
#10408=CARTESIAN_POINT('Ctrl Pts',(947.977816871927,-305.61115213455,6.06));
#10409=CARTESIAN_POINT('Ctrl Pts',(947.893480934427,-305.834642368925,6.06));
#10410=CARTESIAN_POINT('Origin',(948.694672340677,-305.29067557205,6.51));
#10411=CARTESIAN_POINT('',(948.694672340677,-305.29067557205,6.51));
#10412=CARTESIAN_POINT('',(942.931567511632,-307.176782607009,6.51));
#10413=CARTESIAN_POINT('',(948.694672340677,-305.29067557205,6.06));
#10414=CARTESIAN_POINT('',(948.694672340677,-305.29067557205,6.51));
#10415=CARTESIAN_POINT('',(948.462748512552,-305.3665779158,6.06));
#10416=CARTESIAN_POINT('Origin',(948.445881325052,-305.278025181425,6.51));
#10417=CARTESIAN_POINT('',(948.445881325052,-305.278025181425,6.51));
#10418=CARTESIAN_POINT('',(947.635469185071,-305.236817784477,6.51));
#10419=CARTESIAN_POINT('',(948.445881325052,-305.278025181425,6.06));
#10420=CARTESIAN_POINT('',(948.445881325052,-305.278025181425,6.51));
#10421=CARTESIAN_POINT('',(948.694672340677,-305.29067557205,6.06));
#10422=CARTESIAN_POINT('Ctrl Pts',(947.404332496927,-306.214154087675,6.51));
#10423=CARTESIAN_POINT('Ctrl Pts',(947.404332496927,-306.214154087675,6.06));
#10424=CARTESIAN_POINT('Ctrl Pts',(947.408549293802,-305.665970493925,6.51));
#10425=CARTESIAN_POINT('Ctrl Pts',(947.408549293802,-305.665970493925,6.06));
#10426=CARTESIAN_POINT('Ctrl Pts',(947.872396950052,-305.2485076033,6.51));
#10427=CARTESIAN_POINT('Ctrl Pts',(947.872396950052,-305.2485076033,6.06));
#10428=CARTESIAN_POINT('Ctrl Pts',(948.445881325052,-305.278025181425,6.51));
#10429=CARTESIAN_POINT('Ctrl Pts',(948.445881325052,-305.278025181425,6.06));
#10430=CARTESIAN_POINT('',(947.404332496927,-306.214154087675,6.51));
#10431=CARTESIAN_POINT('Ctrl Pts',(947.404332496927,-306.214154087675,6.51));
#10432=CARTESIAN_POINT('Ctrl Pts',(947.408549293802,-305.665970493925,6.51));
#10433=CARTESIAN_POINT('Ctrl Pts',(947.872396950052,-305.2485076033,6.51));
#10434=CARTESIAN_POINT('Ctrl Pts',(948.445881325052,-305.278025181425,6.51));
#10435=CARTESIAN_POINT('',(947.404332496927,-306.214154087675,6.06));
#10436=CARTESIAN_POINT('',(947.404332496927,-306.214154087675,6.51));
#10437=CARTESIAN_POINT('Ctrl Pts',(947.404332496927,-306.214154087675,6.06));
#10438=CARTESIAN_POINT('Ctrl Pts',(947.408549293802,-305.665970493925,6.06));
#10439=CARTESIAN_POINT('Ctrl Pts',(947.872396950052,-305.2485076033,6.06));
#10440=CARTESIAN_POINT('Ctrl Pts',(948.445881325052,-305.278025181425,6.06));
#10441=CARTESIAN_POINT('Ctrl Pts',(948.264559059427,-307.268353306425,6.51));
#10442=CARTESIAN_POINT('Ctrl Pts',(948.264559059427,-307.268353306425,6.06));
#10443=CARTESIAN_POINT('Ctrl Pts',(947.602521950052,-306.897275181425,6.51));
#10444=CARTESIAN_POINT('Ctrl Pts',(947.602521950052,-306.897275181425,6.06));
#10445=CARTESIAN_POINT('Ctrl Pts',(947.395898903177,-306.644267368925,6.51));
#10446=CARTESIAN_POINT('Ctrl Pts',(947.395898903177,-306.644267368925,6.06));
#10447=CARTESIAN_POINT('Ctrl Pts',(947.404332496927,-306.214154087675,6.51));
#10448=CARTESIAN_POINT('Ctrl Pts',(947.404332496927,-306.214154087675,6.06));
#10449=CARTESIAN_POINT('',(948.264559059427,-307.268353306425,6.51));
#10450=CARTESIAN_POINT('Ctrl Pts',(948.264559059427,-307.268353306425,6.51));
#10451=CARTESIAN_POINT('Ctrl Pts',(947.602521950052,-306.897275181425,6.51));
#10452=CARTESIAN_POINT('Ctrl Pts',(947.395898903177,-306.644267368925,6.51));
#10453=CARTESIAN_POINT('Ctrl Pts',(947.404332496927,-306.214154087675,6.51));
#10454=CARTESIAN_POINT('',(948.264559059427,-307.268353306425,6.06));
#10455=CARTESIAN_POINT('',(948.264559059427,-307.268353306425,6.51));
#10456=CARTESIAN_POINT('Ctrl Pts',(948.264559059427,-307.268353306425,6.06));
#10457=CARTESIAN_POINT('Ctrl Pts',(947.602521950052,-306.897275181425,6.06));
#10458=CARTESIAN_POINT('Ctrl Pts',(947.395898903177,-306.644267368925,6.06));
#10459=CARTESIAN_POINT('Ctrl Pts',(947.404332496927,-306.214154087675,6.06));
#10460=CARTESIAN_POINT('Ctrl Pts',(949.095268043802,-307.9472576033,6.51));
#10461=CARTESIAN_POINT('Ctrl Pts',(949.095268043802,-307.9472576033,6.06));
#10462=CARTESIAN_POINT('Ctrl Pts',(948.985631325052,-307.71955057205,6.51));
#10463=CARTESIAN_POINT('Ctrl Pts',(948.985631325052,-307.71955057205,6.06));
#10464=CARTESIAN_POINT('Ctrl Pts',(948.808525856302,-307.571962681425,6.51));
#10465=CARTESIAN_POINT('Ctrl Pts',(948.808525856302,-307.571962681425,6.06));
#10466=CARTESIAN_POINT('Ctrl Pts',(948.264559059427,-307.268353306425,6.51));
#10467=CARTESIAN_POINT('Ctrl Pts',(948.264559059427,-307.268353306425,6.06));
#10468=CARTESIAN_POINT('',(949.095268043802,-307.9472576033,6.51));
#10469=CARTESIAN_POINT('Ctrl Pts',(949.095268043802,-307.9472576033,6.51));
#10470=CARTESIAN_POINT('Ctrl Pts',(948.985631325052,-307.71955057205,6.51));
#10471=CARTESIAN_POINT('Ctrl Pts',(948.808525856302,-307.571962681425,6.51));
#10472=CARTESIAN_POINT('Ctrl Pts',(948.264559059427,-307.268353306425,6.51));
#10473=CARTESIAN_POINT('',(949.095268043802,-307.9472576033,6.06));
#10474=CARTESIAN_POINT('',(949.095268043802,-307.9472576033,6.51));
#10475=CARTESIAN_POINT('Ctrl Pts',(949.095268043802,-307.9472576033,6.06));
#10476=CARTESIAN_POINT('Ctrl Pts',(948.985631325052,-307.71955057205,6.06));
#10477=CARTESIAN_POINT('Ctrl Pts',(948.808525856302,-307.571962681425,6.06));
#10478=CARTESIAN_POINT('Ctrl Pts',(948.264559059427,-307.268353306425,6.06));
#10479=CARTESIAN_POINT('Ctrl Pts',(949.027799293802,-308.47857400955,6.51));
#10480=CARTESIAN_POINT('Ctrl Pts',(949.027799293802,-308.47857400955,6.06));
#10481=CARTESIAN_POINT('Ctrl Pts',(949.183820778177,-308.330986118925,6.51));
#10482=CARTESIAN_POINT('Ctrl Pts',(949.183820778177,-308.330986118925,6.06));
#10483=CARTESIAN_POINT('Ctrl Pts',(949.204904762552,-308.170747837675,6.51));
#10484=CARTESIAN_POINT('Ctrl Pts',(949.204904762552,-308.170747837675,6.06));
#10485=CARTESIAN_POINT('Ctrl Pts',(949.095268043802,-307.9472576033,6.51));
#10486=CARTESIAN_POINT('Ctrl Pts',(949.095268043802,-307.9472576033,6.06));
#10487=CARTESIAN_POINT('',(949.027799293802,-308.47857400955,6.51));
#10488=CARTESIAN_POINT('Ctrl Pts',(949.027799293802,-308.47857400955,6.51));
#10489=CARTESIAN_POINT('Ctrl Pts',(949.183820778177,-308.330986118925,6.51));
#10490=CARTESIAN_POINT('Ctrl Pts',(949.204904762552,-308.170747837675,6.51));
#10491=CARTESIAN_POINT('Ctrl Pts',(949.095268043802,-307.9472576033,6.51));
#10492=CARTESIAN_POINT('',(949.027799293802,-308.47857400955,6.06));
#10493=CARTESIAN_POINT('',(949.027799293802,-308.47857400955,6.51));
#10494=CARTESIAN_POINT('Ctrl Pts',(949.027799293802,-308.47857400955,6.06));
#10495=CARTESIAN_POINT('Ctrl Pts',(949.183820778177,-308.330986118925,6.06));
#10496=CARTESIAN_POINT('Ctrl Pts',(949.204904762552,-308.170747837675,6.06));
#10497=CARTESIAN_POINT('Ctrl Pts',(949.095268043802,-307.9472576033,6.06));
#10498=CARTESIAN_POINT('Ctrl Pts',(948.167572731302,-308.482790806425,6.51));
#10499=CARTESIAN_POINT('Ctrl Pts',(948.167572731302,-308.482790806425,6.06));
#10500=CARTESIAN_POINT('Ctrl Pts',(948.441664528177,-308.6219451033,6.51));
#10501=CARTESIAN_POINT('Ctrl Pts',(948.441664528177,-308.6219451033,6.06));
#10502=CARTESIAN_POINT('Ctrl Pts',(948.875994606302,-308.6219451033,6.51));
#10503=CARTESIAN_POINT('Ctrl Pts',(948.875994606302,-308.6219451033,6.06));
#10504=CARTESIAN_POINT('Ctrl Pts',(949.027799293802,-308.47857400955,6.51));
#10505=CARTESIAN_POINT('Ctrl Pts',(949.027799293802,-308.47857400955,6.06));
#10506=CARTESIAN_POINT('',(948.167572731302,-308.482790806425,6.51));
#10507=CARTESIAN_POINT('Ctrl Pts',(948.167572731302,-308.482790806425,6.51));
#10508=CARTESIAN_POINT('Ctrl Pts',(948.441664528177,-308.6219451033,6.51));
#10509=CARTESIAN_POINT('Ctrl Pts',(948.875994606302,-308.6219451033,6.51));
#10510=CARTESIAN_POINT('Ctrl Pts',(949.027799293802,-308.47857400955,6.51));
#10511=CARTESIAN_POINT('',(948.167572731302,-308.482790806425,6.06));
#10512=CARTESIAN_POINT('',(948.167572731302,-308.482790806425,6.51));
#10513=CARTESIAN_POINT('Ctrl Pts',(948.167572731302,-308.482790806425,6.06));
#10514=CARTESIAN_POINT('Ctrl Pts',(948.441664528177,-308.6219451033,6.06));
#10515=CARTESIAN_POINT('Ctrl Pts',(948.875994606302,-308.6219451033,6.06));
#10516=CARTESIAN_POINT('Ctrl Pts',(949.027799293802,-308.47857400955,6.06));
#10517=CARTESIAN_POINT('Ctrl Pts',(947.606738746927,-307.681599400175,6.51));
#10518=CARTESIAN_POINT('Ctrl Pts',(947.606738746927,-307.681599400175,6.06));
#10519=CARTESIAN_POINT('Ctrl Pts',(947.606738746927,-308.035810337675,6.51));
#10520=CARTESIAN_POINT('Ctrl Pts',(947.606738746927,-308.035810337675,6.06));
#10521=CARTESIAN_POINT('Ctrl Pts',(947.775410621927,-308.27616775955,6.51));
#10522=CARTESIAN_POINT('Ctrl Pts',(947.775410621927,-308.27616775955,6.06));
#10523=CARTESIAN_POINT('Ctrl Pts',(948.167572731302,-308.482790806425,6.51));
#10524=CARTESIAN_POINT('Ctrl Pts',(948.167572731302,-308.482790806425,6.06));
#10525=CARTESIAN_POINT('',(947.606738746927,-307.681599400175,6.51));
#10526=CARTESIAN_POINT('Ctrl Pts',(947.606738746927,-307.681599400175,6.51));
#10527=CARTESIAN_POINT('Ctrl Pts',(947.606738746927,-308.035810337675,6.51));
#10528=CARTESIAN_POINT('Ctrl Pts',(947.775410621927,-308.27616775955,6.51));
#10529=CARTESIAN_POINT('Ctrl Pts',(948.167572731302,-308.482790806425,6.51));
#10530=CARTESIAN_POINT('',(947.606738746927,-307.681599400175,6.06));
#10531=CARTESIAN_POINT('',(947.606738746927,-307.681599400175,6.51));
#10532=CARTESIAN_POINT('Ctrl Pts',(947.606738746927,-307.681599400175,6.06));
#10533=CARTESIAN_POINT('Ctrl Pts',(947.606738746927,-308.035810337675,6.06));
#10534=CARTESIAN_POINT('Ctrl Pts',(947.775410621927,-308.27616775955,6.06));
#10535=CARTESIAN_POINT('Ctrl Pts',(948.167572731302,-308.482790806425,6.06));
#10536=CARTESIAN_POINT('Origin',(947.606738746927,-307.4581091658,6.51));
#10537=CARTESIAN_POINT('',(947.606738746927,-307.4581091658,6.51));
#10538=CARTESIAN_POINT('',(947.606738746935,-320.769687516903,6.51));
#10539=CARTESIAN_POINT('',(947.606738746927,-307.4581091658,6.06));
#10540=CARTESIAN_POINT('',(947.606738746927,-307.4581091658,6.51));
#10541=CARTESIAN_POINT('',(947.606738746927,-307.681599400175,6.06));
#10542=CARTESIAN_POINT('Origin',(947.509752418802,-307.55087869705,6.51));
#10543=CARTESIAN_POINT('',(947.509752418802,-307.55087869705,6.51));
#10544=CARTESIAN_POINT('',(940.321423230803,-314.426671833396,6.51));
#10545=CARTESIAN_POINT('',(947.509752418802,-307.55087869705,6.06));
#10546=CARTESIAN_POINT('',(947.509752418802,-307.55087869705,6.51));
#10547=CARTESIAN_POINT('',(947.606738746927,-307.4581091658,6.06));
#10548=CARTESIAN_POINT('Ctrl Pts',(947.298912575052,-308.2339997908,6.51));
#10549=CARTESIAN_POINT('Ctrl Pts',(947.298912575052,-308.2339997908,6.06));
#10550=CARTESIAN_POINT('Ctrl Pts',(947.265178200052,-308.018943150175,6.51));
#10551=CARTESIAN_POINT('Ctrl Pts',(947.265178200052,-308.018943150175,6.06));
#10552=CARTESIAN_POINT('Ctrl Pts',(947.370598121927,-307.681599400175,6.51));
#10553=CARTESIAN_POINT('Ctrl Pts',(947.370598121927,-307.681599400175,6.06));
#10554=CARTESIAN_POINT('Ctrl Pts',(947.509752418802,-307.55087869705,6.51));
#10555=CARTESIAN_POINT('Ctrl Pts',(947.509752418802,-307.55087869705,6.06));
#10556=CARTESIAN_POINT('',(947.298912575052,-308.2339997908,6.51));
#10557=CARTESIAN_POINT('Ctrl Pts',(947.298912575052,-308.2339997908,6.51));
#10558=CARTESIAN_POINT('Ctrl Pts',(947.265178200052,-308.018943150175,6.51));
#10559=CARTESIAN_POINT('Ctrl Pts',(947.370598121927,-307.681599400175,6.51));
#10560=CARTESIAN_POINT('Ctrl Pts',(947.509752418802,-307.55087869705,6.51));
#10561=CARTESIAN_POINT('',(947.298912575052,-308.2339997908,6.06));
#10562=CARTESIAN_POINT('',(947.298912575052,-308.2339997908,6.51));
#10563=CARTESIAN_POINT('Ctrl Pts',(947.298912575052,-308.2339997908,6.06));
#10564=CARTESIAN_POINT('Ctrl Pts',(947.265178200052,-308.018943150175,6.06));
#10565=CARTESIAN_POINT('Ctrl Pts',(947.370598121927,-307.681599400175,6.06));
#10566=CARTESIAN_POINT('Ctrl Pts',(947.509752418802,-307.55087869705,6.06));
#10567=CARTESIAN_POINT('Ctrl Pts',(947.906131325052,-309.20386307205,6.51));
#10568=CARTESIAN_POINT('Ctrl Pts',(947.906131325052,-309.20386307205,6.06));
#10569=CARTESIAN_POINT('Ctrl Pts',(947.484451637552,-308.769532993925,6.51));
#10570=CARTESIAN_POINT('Ctrl Pts',(947.484451637552,-308.769532993925,6.06));
#10571=CARTESIAN_POINT('Ctrl Pts',(947.353730934427,-308.558693150175,6.51));
#10572=CARTESIAN_POINT('Ctrl Pts',(947.353730934427,-308.558693150175,6.06));
#10573=CARTESIAN_POINT('Ctrl Pts',(947.298912575052,-308.2339997908,6.51));
#10574=CARTESIAN_POINT('Ctrl Pts',(947.298912575052,-308.2339997908,6.06));
#10575=CARTESIAN_POINT('',(947.906131325052,-309.20386307205,6.51));
#10576=CARTESIAN_POINT('Ctrl Pts',(947.906131325052,-309.20386307205,6.51));
#10577=CARTESIAN_POINT('Ctrl Pts',(947.484451637552,-308.769532993925,6.51));
#10578=CARTESIAN_POINT('Ctrl Pts',(947.353730934427,-308.558693150175,6.51));
#10579=CARTESIAN_POINT('Ctrl Pts',(947.298912575052,-308.2339997908,6.51));
#10580=CARTESIAN_POINT('',(947.906131325052,-309.20386307205,6.06));
#10581=CARTESIAN_POINT('',(947.906131325052,-309.20386307205,6.51));
#10582=CARTESIAN_POINT('Ctrl Pts',(947.906131325052,-309.20386307205,6.06));
#10583=CARTESIAN_POINT('Ctrl Pts',(947.484451637552,-308.769532993925,6.06));
#10584=CARTESIAN_POINT('Ctrl Pts',(947.353730934427,-308.558693150175,6.06));
#10585=CARTESIAN_POINT('Ctrl Pts',(947.298912575052,-308.2339997908,6.06));
#10586=CARTESIAN_POINT('Ctrl Pts',(948.407930153177,-309.781564243925,6.51));
#10587=CARTESIAN_POINT('Ctrl Pts',(948.407930153177,-309.781564243925,6.06));
#10588=CARTESIAN_POINT('Ctrl Pts',(948.361545387552,-309.7014451033,6.51));
#10589=CARTESIAN_POINT('Ctrl Pts',(948.361545387552,-309.7014451033,6.06));
#10590=CARTESIAN_POINT('Ctrl Pts',(948.133838356302,-309.44000369705,6.51));
#10591=CARTESIAN_POINT('Ctrl Pts',(948.133838356302,-309.44000369705,6.06));
#10592=CARTESIAN_POINT('Ctrl Pts',(947.906131325052,-309.20386307205,6.51));
#10593=CARTESIAN_POINT('Ctrl Pts',(947.906131325052,-309.20386307205,6.06));
#10594=CARTESIAN_POINT('',(948.407930153177,-309.781564243925,6.51));
#10595=CARTESIAN_POINT('Ctrl Pts',(948.407930153177,-309.781564243925,6.51));
#10596=CARTESIAN_POINT('Ctrl Pts',(948.361545387552,-309.7014451033,6.51));
#10597=CARTESIAN_POINT('Ctrl Pts',(948.133838356302,-309.44000369705,6.51));
#10598=CARTESIAN_POINT('Ctrl Pts',(947.906131325052,-309.20386307205,6.51));
#10599=CARTESIAN_POINT('',(948.407930153177,-309.781564243925,6.06));
#10600=CARTESIAN_POINT('',(948.407930153177,-309.781564243925,6.51));
#10601=CARTESIAN_POINT('Ctrl Pts',(948.407930153177,-309.781564243925,6.06));
#10602=CARTESIAN_POINT('Ctrl Pts',(948.361545387552,-309.7014451033,6.06));
#10603=CARTESIAN_POINT('Ctrl Pts',(948.133838356302,-309.44000369705,6.06));
#10604=CARTESIAN_POINT('Ctrl Pts',(947.906131325052,-309.20386307205,6.06));
#10605=CARTESIAN_POINT('Ctrl Pts',(948.589252418802,-311.088771275175,6.51));
#10606=CARTESIAN_POINT('Ctrl Pts',(948.589252418802,-311.088771275175,6.06));
#10607=CARTESIAN_POINT('Ctrl Pts',(948.682021950052,-310.650224400175,6.51));
#10608=CARTESIAN_POINT('Ctrl Pts',(948.682021950052,-310.650224400175,6.06));
#10609=CARTESIAN_POINT('Ctrl Pts',(948.610336403177,-310.118907993925,6.51));
#10610=CARTESIAN_POINT('Ctrl Pts',(948.610336403177,-310.118907993925,6.06));
#10611=CARTESIAN_POINT('Ctrl Pts',(948.407930153177,-309.781564243925,6.51));
#10612=CARTESIAN_POINT('Ctrl Pts',(948.407930153177,-309.781564243925,6.06));
#10613=CARTESIAN_POINT('',(948.589252418802,-311.088771275175,6.51));
#10614=CARTESIAN_POINT('Ctrl Pts',(948.589252418802,-311.088771275175,6.51));
#10615=CARTESIAN_POINT('Ctrl Pts',(948.682021950052,-310.650224400175,6.51));
#10616=CARTESIAN_POINT('Ctrl Pts',(948.610336403177,-310.118907993925,6.51));
#10617=CARTESIAN_POINT('Ctrl Pts',(948.407930153177,-309.781564243925,6.51));
#10618=CARTESIAN_POINT('',(948.589252418802,-311.088771275175,6.06));
#10619=CARTESIAN_POINT('',(948.589252418802,-311.088771275175,6.51));
#10620=CARTESIAN_POINT('Ctrl Pts',(948.589252418802,-311.088771275175,6.06));
#10621=CARTESIAN_POINT('Ctrl Pts',(948.682021950052,-310.650224400175,6.06));
#10622=CARTESIAN_POINT('Ctrl Pts',(948.610336403177,-310.118907993925,6.06));
#10623=CARTESIAN_POINT('Ctrl Pts',(948.407930153177,-309.781564243925,6.06));
#10624=CARTESIAN_POINT('Ctrl Pts',(948.357328590677,-311.763458775175,6.51));
#10625=CARTESIAN_POINT('Ctrl Pts',(948.357328590677,-311.763458775175,6.06));
#10626=CARTESIAN_POINT('Ctrl Pts',(948.462748512552,-311.49780057205,6.51));
#10627=CARTESIAN_POINT('Ctrl Pts',(948.462748512552,-311.49780057205,6.06));
#10628=CARTESIAN_POINT('Ctrl Pts',(948.563951637552,-311.19419119705,6.51));
#10629=CARTESIAN_POINT('Ctrl Pts',(948.563951637552,-311.19419119705,6.06));
#10630=CARTESIAN_POINT('Ctrl Pts',(948.589252418802,-311.088771275175,6.51));
#10631=CARTESIAN_POINT('Ctrl Pts',(948.589252418802,-311.088771275175,6.06));
#10632=CARTESIAN_POINT('',(948.357328590677,-311.763458775175,6.51));
#10633=CARTESIAN_POINT('Ctrl Pts',(948.357328590677,-311.763458775175,6.51));
#10634=CARTESIAN_POINT('Ctrl Pts',(948.462748512552,-311.49780057205,6.51));
#10635=CARTESIAN_POINT('Ctrl Pts',(948.563951637552,-311.19419119705,6.51));
#10636=CARTESIAN_POINT('Ctrl Pts',(948.589252418802,-311.088771275175,6.51));
#10637=CARTESIAN_POINT('',(948.357328590677,-311.763458775175,6.06));
#10638=CARTESIAN_POINT('',(948.357328590677,-311.763458775175,6.51));
#10639=CARTESIAN_POINT('Ctrl Pts',(948.357328590677,-311.763458775175,6.06));
#10640=CARTESIAN_POINT('Ctrl Pts',(948.462748512552,-311.49780057205,6.06));
#10641=CARTESIAN_POINT('Ctrl Pts',(948.563951637552,-311.19419119705,6.06));
#10642=CARTESIAN_POINT('Ctrl Pts',(948.589252418802,-311.088771275175,6.06));
#10643=CARTESIAN_POINT('Ctrl Pts',(948.146488746927,-312.328509556425,6.51));
#10644=CARTESIAN_POINT('Ctrl Pts',(948.146488746927,-312.328509556425,6.06));
#10645=CARTESIAN_POINT('Ctrl Pts',(948.163355934427,-312.2821247908,6.51));
#10646=CARTESIAN_POINT('Ctrl Pts',(948.163355934427,-312.2821247908,6.06));
#10647=CARTESIAN_POINT('Ctrl Pts',(948.256125465677,-312.0291169783,6.51));
#10648=CARTESIAN_POINT('Ctrl Pts',(948.256125465677,-312.0291169783,6.06));
#10649=CARTESIAN_POINT('Ctrl Pts',(948.357328590677,-311.763458775175,6.51));
#10650=CARTESIAN_POINT('Ctrl Pts',(948.357328590677,-311.763458775175,6.06));
#10651=CARTESIAN_POINT('',(948.146488746927,-312.328509556425,6.51));
#10652=CARTESIAN_POINT('Ctrl Pts',(948.146488746927,-312.328509556425,6.51));
#10653=CARTESIAN_POINT('Ctrl Pts',(948.163355934427,-312.2821247908,6.51));
#10654=CARTESIAN_POINT('Ctrl Pts',(948.256125465677,-312.0291169783,6.51));
#10655=CARTESIAN_POINT('Ctrl Pts',(948.357328590677,-311.763458775175,6.51));
#10656=CARTESIAN_POINT('',(948.146488746927,-312.328509556425,6.06));
#10657=CARTESIAN_POINT('',(948.146488746927,-312.328509556425,6.51));
#10658=CARTESIAN_POINT('Ctrl Pts',(948.146488746927,-312.328509556425,6.06));
#10659=CARTESIAN_POINT('Ctrl Pts',(948.163355934427,-312.2821247908,6.06));
#10660=CARTESIAN_POINT('Ctrl Pts',(948.256125465677,-312.0291169783,6.06));
#10661=CARTESIAN_POINT('Ctrl Pts',(948.357328590677,-311.763458775175,6.06));
#10662=CARTESIAN_POINT('Ctrl Pts',(948.032635231302,-312.328509556425,6.51));
#10663=CARTESIAN_POINT('Ctrl Pts',(948.032635231302,-312.328509556425,6.06));
#10664=CARTESIAN_POINT('Ctrl Pts',(948.121187965677,-312.404411900175,6.51));
#10665=CARTESIAN_POINT('Ctrl Pts',(948.121187965677,-312.404411900175,6.06));
#10666=CARTESIAN_POINT('Ctrl Pts',(948.125404762552,-312.404411900175,6.51));
#10667=CARTESIAN_POINT('Ctrl Pts',(948.125404762552,-312.404411900175,6.06));
#10668=CARTESIAN_POINT('Ctrl Pts',(948.146488746927,-312.328509556425,6.51));
#10669=CARTESIAN_POINT('Ctrl Pts',(948.146488746927,-312.328509556425,6.06));
#10670=CARTESIAN_POINT('',(948.032635231302,-312.328509556425,6.51));
#10671=CARTESIAN_POINT('Ctrl Pts',(948.032635231302,-312.328509556425,6.51));
#10672=CARTESIAN_POINT('Ctrl Pts',(948.121187965677,-312.404411900175,6.51));
#10673=CARTESIAN_POINT('Ctrl Pts',(948.125404762552,-312.404411900175,6.51));
#10674=CARTESIAN_POINT('Ctrl Pts',(948.146488746927,-312.328509556425,6.51));
#10675=CARTESIAN_POINT('',(948.032635231302,-312.328509556425,6.06));
#10676=CARTESIAN_POINT('',(948.032635231302,-312.328509556425,6.51));
#10677=CARTESIAN_POINT('Ctrl Pts',(948.032635231302,-312.328509556425,6.06));
#10678=CARTESIAN_POINT('Ctrl Pts',(948.121187965677,-312.404411900175,6.06));
#10679=CARTESIAN_POINT('Ctrl Pts',(948.125404762552,-312.404411900175,6.06));
#10680=CARTESIAN_POINT('Ctrl Pts',(948.146488746927,-312.328509556425,6.06));
#10681=CARTESIAN_POINT('Ctrl Pts',(947.509752418802,-311.5568357283,6.51));
#10682=CARTESIAN_POINT('Ctrl Pts',(947.509752418802,-311.5568357283,6.06));
#10683=CARTESIAN_POINT('Ctrl Pts',(947.585654762552,-311.76767557205,6.51));
#10684=CARTESIAN_POINT('Ctrl Pts',(947.585654762552,-311.76767557205,6.06));
#10685=CARTESIAN_POINT('Ctrl Pts',(947.863963356302,-312.176704868925,6.51));
#10686=CARTESIAN_POINT('Ctrl Pts',(947.863963356302,-312.176704868925,6.06));
#10687=CARTESIAN_POINT('Ctrl Pts',(948.032635231302,-312.328509556425,6.51));
#10688=CARTESIAN_POINT('Ctrl Pts',(948.032635231302,-312.328509556425,6.06));
#10689=CARTESIAN_POINT('',(947.509752418802,-311.5568357283,6.51));
#10690=CARTESIAN_POINT('Ctrl Pts',(947.509752418802,-311.5568357283,6.51));
#10691=CARTESIAN_POINT('Ctrl Pts',(947.585654762552,-311.76767557205,6.51));
#10692=CARTESIAN_POINT('Ctrl Pts',(947.863963356302,-312.176704868925,6.51));
#10693=CARTESIAN_POINT('Ctrl Pts',(948.032635231302,-312.328509556425,6.51));
#10694=CARTESIAN_POINT('',(947.509752418802,-311.5568357283,6.06));
#10695=CARTESIAN_POINT('',(947.509752418802,-311.5568357283,6.51));
#10696=CARTESIAN_POINT('Ctrl Pts',(947.509752418802,-311.5568357283,6.06));
#10697=CARTESIAN_POINT('Ctrl Pts',(947.585654762552,-311.76767557205,6.06));
#10698=CARTESIAN_POINT('Ctrl Pts',(947.863963356302,-312.176704868925,6.06));
#10699=CARTESIAN_POINT('Ctrl Pts',(948.032635231302,-312.328509556425,6.06));
#10700=CARTESIAN_POINT('Ctrl Pts',(947.400115700052,-311.341779087675,6.51));
#10701=CARTESIAN_POINT('Ctrl Pts',(947.400115700052,-311.341779087675,6.06));
#10702=CARTESIAN_POINT('Ctrl Pts',(947.421199684427,-311.341779087675,6.51));
#10703=CARTESIAN_POINT('Ctrl Pts',(947.421199684427,-311.341779087675,6.06));
#10704=CARTESIAN_POINT('Ctrl Pts',(947.467584450052,-311.4387654158,6.51));
#10705=CARTESIAN_POINT('Ctrl Pts',(947.467584450052,-311.4387654158,6.06));
#10706=CARTESIAN_POINT('Ctrl Pts',(947.509752418802,-311.5568357283,6.51));
#10707=CARTESIAN_POINT('Ctrl Pts',(947.509752418802,-311.5568357283,6.06));
#10708=CARTESIAN_POINT('',(947.400115700052,-311.341779087675,6.51));
#10709=CARTESIAN_POINT('Ctrl Pts',(947.400115700052,-311.341779087675,6.51));
#10710=CARTESIAN_POINT('Ctrl Pts',(947.421199684427,-311.341779087675,6.51));
#10711=CARTESIAN_POINT('Ctrl Pts',(947.467584450052,-311.4387654158,6.51));
#10712=CARTESIAN_POINT('Ctrl Pts',(947.509752418802,-311.5568357283,6.51));
#10713=CARTESIAN_POINT('',(947.400115700052,-311.341779087675,6.06));
#10714=CARTESIAN_POINT('',(947.400115700052,-311.341779087675,6.51));
#10715=CARTESIAN_POINT('Ctrl Pts',(947.400115700052,-311.341779087675,6.06));
#10716=CARTESIAN_POINT('Ctrl Pts',(947.421199684427,-311.341779087675,6.06));
#10717=CARTESIAN_POINT('Ctrl Pts',(947.467584450052,-311.4387654158,6.06));
#10718=CARTESIAN_POINT('Ctrl Pts',(947.509752418802,-311.5568357283,6.06));
#10719=CARTESIAN_POINT('Ctrl Pts',(947.425416481302,-312.96524588455,6.51));
#10720=CARTESIAN_POINT('Ctrl Pts',(947.425416481302,-312.96524588455,6.06));
#10721=CARTESIAN_POINT('Ctrl Pts',(947.311562965677,-312.530915806425,6.51));
#10722=CARTESIAN_POINT('Ctrl Pts',(947.311562965677,-312.530915806425,6.06));
#10723=CARTESIAN_POINT('Ctrl Pts',(947.294695778177,-311.341779087675,6.51));
#10724=CARTESIAN_POINT('Ctrl Pts',(947.294695778177,-311.341779087675,6.06));
#10725=CARTESIAN_POINT('Ctrl Pts',(947.400115700052,-311.341779087675,6.51));
#10726=CARTESIAN_POINT('Ctrl Pts',(947.400115700052,-311.341779087675,6.06));
#10727=CARTESIAN_POINT('',(947.425416481302,-312.96524588455,6.51));
#10728=CARTESIAN_POINT('Ctrl Pts',(947.425416481302,-312.96524588455,6.51));
#10729=CARTESIAN_POINT('Ctrl Pts',(947.311562965677,-312.530915806425,6.51));
#10730=CARTESIAN_POINT('Ctrl Pts',(947.294695778177,-311.341779087675,6.51));
#10731=CARTESIAN_POINT('Ctrl Pts',(947.400115700052,-311.341779087675,6.51));
#10732=CARTESIAN_POINT('',(947.425416481302,-312.96524588455,6.06));
#10733=CARTESIAN_POINT('',(947.425416481302,-312.96524588455,6.51));
#10734=CARTESIAN_POINT('Ctrl Pts',(947.425416481302,-312.96524588455,6.06));
#10735=CARTESIAN_POINT('Ctrl Pts',(947.311562965677,-312.530915806425,6.06));
#10736=CARTESIAN_POINT('Ctrl Pts',(947.294695778177,-311.341779087675,6.06));
#10737=CARTESIAN_POINT('Ctrl Pts',(947.400115700052,-311.341779087675,6.06));
#10738=CARTESIAN_POINT('Ctrl Pts',(947.691074684427,-313.618849400175,6.51));
#10739=CARTESIAN_POINT('Ctrl Pts',(947.691074684427,-313.618849400175,6.06));
#10740=CARTESIAN_POINT('Ctrl Pts',(947.581437965677,-313.399575962675,6.51));
#10741=CARTESIAN_POINT('Ctrl Pts',(947.581437965677,-313.399575962675,6.06));
#10742=CARTESIAN_POINT('Ctrl Pts',(947.463367653177,-313.104400181425,6.51));
#10743=CARTESIAN_POINT('Ctrl Pts',(947.463367653177,-313.104400181425,6.06));
#10744=CARTESIAN_POINT('Ctrl Pts',(947.425416481302,-312.96524588455,6.51));
#10745=CARTESIAN_POINT('Ctrl Pts',(947.425416481302,-312.96524588455,6.06));
#10746=CARTESIAN_POINT('',(947.691074684427,-313.618849400175,6.51));
#10747=CARTESIAN_POINT('Ctrl Pts',(947.691074684427,-313.618849400175,6.51));
#10748=CARTESIAN_POINT('Ctrl Pts',(947.581437965677,-313.399575962675,6.51));
#10749=CARTESIAN_POINT('Ctrl Pts',(947.463367653177,-313.104400181425,6.51));
#10750=CARTESIAN_POINT('Ctrl Pts',(947.425416481302,-312.96524588455,6.51));
#10751=CARTESIAN_POINT('',(947.691074684427,-313.618849400175,6.06));
#10752=CARTESIAN_POINT('',(947.691074684427,-313.618849400175,6.51));
#10753=CARTESIAN_POINT('Ctrl Pts',(947.691074684427,-313.618849400175,6.06));
#10754=CARTESIAN_POINT('Ctrl Pts',(947.581437965677,-313.399575962675,6.06));
#10755=CARTESIAN_POINT('Ctrl Pts',(947.463367653177,-313.104400181425,6.06));
#10756=CARTESIAN_POINT('Ctrl Pts',(947.425416481302,-312.96524588455,6.06));
#10757=CARTESIAN_POINT('Ctrl Pts',(948.226607887552,-314.361005650175,6.51));
#10758=CARTESIAN_POINT('Ctrl Pts',(948.226607887552,-314.361005650175,6.06));
#10759=CARTESIAN_POINT('Ctrl Pts',(947.948299293802,-314.07848025955,6.51));
#10760=CARTESIAN_POINT('Ctrl Pts',(947.948299293802,-314.07848025955,6.06));
#10761=CARTESIAN_POINT('Ctrl Pts',(947.851312965677,-313.94354275955,6.51));
#10762=CARTESIAN_POINT('Ctrl Pts',(947.851312965677,-313.94354275955,6.06));
#10763=CARTESIAN_POINT('Ctrl Pts',(947.691074684427,-313.618849400175,6.51));
#10764=CARTESIAN_POINT('Ctrl Pts',(947.691074684427,-313.618849400175,6.06));
#10765=CARTESIAN_POINT('',(948.226607887552,-314.361005650175,6.51));
#10766=CARTESIAN_POINT('Ctrl Pts',(948.226607887552,-314.361005650175,6.51));
#10767=CARTESIAN_POINT('Ctrl Pts',(947.948299293802,-314.07848025955,6.51));
#10768=CARTESIAN_POINT('Ctrl Pts',(947.851312965677,-313.94354275955,6.51));
#10769=CARTESIAN_POINT('Ctrl Pts',(947.691074684427,-313.618849400175,6.51));
#10770=CARTESIAN_POINT('',(948.226607887552,-314.361005650175,6.06));
#10771=CARTESIAN_POINT('',(948.226607887552,-314.361005650175,6.51));
#10772=CARTESIAN_POINT('Ctrl Pts',(948.226607887552,-314.361005650175,6.06));
#10773=CARTESIAN_POINT('Ctrl Pts',(947.948299293802,-314.07848025955,6.06));
#10774=CARTESIAN_POINT('Ctrl Pts',(947.851312965677,-313.94354275955,6.06));
#10775=CARTESIAN_POINT('Ctrl Pts',(947.691074684427,-313.618849400175,6.06));
#10776=CARTESIAN_POINT('Origin',(948.568168434427,-314.70256619705,6.51));
#10777=CARTESIAN_POINT('',(948.568168434427,-314.70256619705,6.51));
#10778=CARTESIAN_POINT('',(952.609874969063,-318.744272731686,6.51));
#10779=CARTESIAN_POINT('',(948.568168434427,-314.70256619705,6.06));
#10780=CARTESIAN_POINT('',(948.568168434427,-314.70256619705,6.51));
#10781=CARTESIAN_POINT('',(948.226607887552,-314.361005650175,6.06));
#10782=CARTESIAN_POINT('Origin',(948.399496559427,-314.647747837675,6.51));
#10783=CARTESIAN_POINT('',(948.399496559427,-314.647747837675,6.51));
#10784=CARTESIAN_POINT('',(949.879515418644,-315.12875396692,6.51));
#10785=CARTESIAN_POINT('',(948.399496559427,-314.647747837675,6.06));
#10786=CARTESIAN_POINT('',(948.399496559427,-314.647747837675,6.51));
#10787=CARTESIAN_POINT('',(948.568168434427,-314.70256619705,6.06));
#10788=CARTESIAN_POINT('Ctrl Pts',(948.150705543802,-314.563411900175,6.51));
#10789=CARTESIAN_POINT('Ctrl Pts',(948.150705543802,-314.563411900175,6.06));
#10790=CARTESIAN_POINT('Ctrl Pts',(948.197090309427,-314.58449588455,6.51));
#10791=CARTESIAN_POINT('Ctrl Pts',(948.197090309427,-314.58449588455,6.06));
#10792=CARTESIAN_POINT('Ctrl Pts',(948.306727028177,-314.61823025955,6.51));
#10793=CARTESIAN_POINT('Ctrl Pts',(948.306727028177,-314.61823025955,6.06));
#10794=CARTESIAN_POINT('Ctrl Pts',(948.399496559427,-314.647747837675,6.51));
#10795=CARTESIAN_POINT('Ctrl Pts',(948.399496559427,-314.647747837675,6.06));
#10796=CARTESIAN_POINT('',(948.150705543802,-314.563411900175,6.51));
#10797=CARTESIAN_POINT('Ctrl Pts',(948.150705543802,-314.563411900175,6.51));
#10798=CARTESIAN_POINT('Ctrl Pts',(948.197090309427,-314.58449588455,6.51));
#10799=CARTESIAN_POINT('Ctrl Pts',(948.306727028177,-314.61823025955,6.51));
#10800=CARTESIAN_POINT('Ctrl Pts',(948.399496559427,-314.647747837675,6.51));
#10801=CARTESIAN_POINT('',(948.150705543802,-314.563411900175,6.06));
#10802=CARTESIAN_POINT('',(948.150705543802,-314.563411900175,6.51));
#10803=CARTESIAN_POINT('Ctrl Pts',(948.150705543802,-314.563411900175,6.06));
#10804=CARTESIAN_POINT('Ctrl Pts',(948.197090309427,-314.58449588455,6.06));
#10805=CARTESIAN_POINT('Ctrl Pts',(948.306727028177,-314.61823025955,6.06));
#10806=CARTESIAN_POINT('Ctrl Pts',(948.399496559427,-314.647747837675,6.06));
#10807=CARTESIAN_POINT('Ctrl Pts',(948.450098121927,-314.97244119705,6.51));
#10808=CARTESIAN_POINT('Ctrl Pts',(948.450098121927,-314.97244119705,6.06));
#10809=CARTESIAN_POINT('Ctrl Pts',(948.129621559427,-314.664615025175,6.51));
#10810=CARTESIAN_POINT('Ctrl Pts',(948.129621559427,-314.664615025175,6.06));
#10811=CARTESIAN_POINT('Ctrl Pts',(948.019984840677,-314.512810337675,6.51));
#10812=CARTESIAN_POINT('Ctrl Pts',(948.019984840677,-314.512810337675,6.06));
#10813=CARTESIAN_POINT('Ctrl Pts',(948.150705543802,-314.563411900175,6.51));
#10814=CARTESIAN_POINT('Ctrl Pts',(948.150705543802,-314.563411900175,6.06));
#10815=CARTESIAN_POINT('',(948.450098121927,-314.97244119705,6.51));
#10816=CARTESIAN_POINT('Ctrl Pts',(948.450098121927,-314.97244119705,6.51));
#10817=CARTESIAN_POINT('Ctrl Pts',(948.129621559427,-314.664615025175,6.51));
#10818=CARTESIAN_POINT('Ctrl Pts',(948.019984840677,-314.512810337675,6.51));
#10819=CARTESIAN_POINT('Ctrl Pts',(948.150705543802,-314.563411900175,6.51));
#10820=CARTESIAN_POINT('',(948.450098121927,-314.97244119705,6.06));
#10821=CARTESIAN_POINT('',(948.450098121927,-314.97244119705,6.51));
#10822=CARTESIAN_POINT('Ctrl Pts',(948.450098121927,-314.97244119705,6.06));
#10823=CARTESIAN_POINT('Ctrl Pts',(948.129621559427,-314.664615025175,6.06));
#10824=CARTESIAN_POINT('Ctrl Pts',(948.019984840677,-314.512810337675,6.06));
#10825=CARTESIAN_POINT('Ctrl Pts',(948.150705543802,-314.563411900175,6.06));
#10826=CARTESIAN_POINT('Ctrl Pts',(949.491646950052,-315.6724294783,6.51));
#10827=CARTESIAN_POINT('Ctrl Pts',(949.491646950052,-315.6724294783,6.06));
#10828=CARTESIAN_POINT('Ctrl Pts',(949.129002418802,-315.524841587675,6.51));
#10829=CARTESIAN_POINT('Ctrl Pts',(949.129002418802,-315.524841587675,6.06));
#10830=CARTESIAN_POINT('Ctrl Pts',(948.783225075052,-315.29291775955,6.51));
#10831=CARTESIAN_POINT('Ctrl Pts',(948.783225075052,-315.29291775955,6.06));
#10832=CARTESIAN_POINT('Ctrl Pts',(948.450098121927,-314.97244119705,6.51));
#10833=CARTESIAN_POINT('Ctrl Pts',(948.450098121927,-314.97244119705,6.06));
#10834=CARTESIAN_POINT('',(949.491646950052,-315.6724294783,6.51));
#10835=CARTESIAN_POINT('Ctrl Pts',(949.491646950052,-315.6724294783,6.51));
#10836=CARTESIAN_POINT('Ctrl Pts',(949.129002418802,-315.524841587675,6.51));
#10837=CARTESIAN_POINT('Ctrl Pts',(948.783225075052,-315.29291775955,6.51));
#10838=CARTESIAN_POINT('Ctrl Pts',(948.450098121927,-314.97244119705,6.51));
#10839=CARTESIAN_POINT('',(949.491646950052,-315.6724294783,6.06));
#10840=CARTESIAN_POINT('',(949.491646950052,-315.6724294783,6.51));
#10841=CARTESIAN_POINT('Ctrl Pts',(949.491646950052,-315.6724294783,6.06));
#10842=CARTESIAN_POINT('Ctrl Pts',(949.129002418802,-315.524841587675,6.06));
#10843=CARTESIAN_POINT('Ctrl Pts',(948.783225075052,-315.29291775955,6.06));
#10844=CARTESIAN_POINT('Ctrl Pts',(948.450098121927,-314.97244119705,6.06));
#10845=CARTESIAN_POINT('Ctrl Pts',(949.769955543802,-315.79893338455,6.51));
#10846=CARTESIAN_POINT('Ctrl Pts',(949.769955543802,-315.79893338455,6.06));
#10847=CARTESIAN_POINT('Ctrl Pts',(949.757305153177,-315.786282993925,6.51));
#10848=CARTESIAN_POINT('Ctrl Pts',(949.757305153177,-315.786282993925,6.06));
#10849=CARTESIAN_POINT('Ctrl Pts',(949.635018043802,-315.73146463455,6.51));
#10850=CARTESIAN_POINT('Ctrl Pts',(949.635018043802,-315.73146463455,6.06));
#10851=CARTESIAN_POINT('Ctrl Pts',(949.491646950052,-315.6724294783,6.51));
#10852=CARTESIAN_POINT('Ctrl Pts',(949.491646950052,-315.6724294783,6.06));
#10853=CARTESIAN_POINT('',(949.769955543802,-315.79893338455,6.51));
#10854=CARTESIAN_POINT('Ctrl Pts',(949.769955543802,-315.79893338455,6.51));
#10855=CARTESIAN_POINT('Ctrl Pts',(949.757305153177,-315.786282993925,6.51));
#10856=CARTESIAN_POINT('Ctrl Pts',(949.635018043802,-315.73146463455,6.51));
#10857=CARTESIAN_POINT('Ctrl Pts',(949.491646950052,-315.6724294783,6.51));
#10858=CARTESIAN_POINT('',(949.769955543802,-315.79893338455,6.06));
#10859=CARTESIAN_POINT('',(949.769955543802,-315.79893338455,6.51));
#10860=CARTESIAN_POINT('Ctrl Pts',(949.769955543802,-315.79893338455,6.06));
#10861=CARTESIAN_POINT('Ctrl Pts',(949.757305153177,-315.786282993925,6.06));
#10862=CARTESIAN_POINT('Ctrl Pts',(949.635018043802,-315.73146463455,6.06));
#10863=CARTESIAN_POINT('Ctrl Pts',(949.491646950052,-315.6724294783,6.06));
#10864=CARTESIAN_POINT('Ctrl Pts',(949.036232887552,-315.710380650175,6.51));
#10865=CARTESIAN_POINT('Ctrl Pts',(949.036232887552,-315.710380650175,6.06));
#10866=CARTESIAN_POINT('Ctrl Pts',(949.238639137552,-315.769415806425,6.51));
#10867=CARTESIAN_POINT('Ctrl Pts',(949.238639137552,-315.769415806425,6.06));
#10868=CARTESIAN_POINT('Ctrl Pts',(949.807906715677,-315.8411013533,6.51));
#10869=CARTESIAN_POINT('Ctrl Pts',(949.807906715677,-315.8411013533,6.06));
#10870=CARTESIAN_POINT('Ctrl Pts',(949.769955543802,-315.79893338455,6.51));
#10871=CARTESIAN_POINT('Ctrl Pts',(949.769955543802,-315.79893338455,6.06));
#10872=CARTESIAN_POINT('',(949.036232887552,-315.710380650175,6.51));
#10873=CARTESIAN_POINT('Ctrl Pts',(949.036232887552,-315.710380650175,6.51));
#10874=CARTESIAN_POINT('Ctrl Pts',(949.238639137552,-315.769415806425,6.51));
#10875=CARTESIAN_POINT('Ctrl Pts',(949.807906715677,-315.8411013533,6.51));
#10876=CARTESIAN_POINT('Ctrl Pts',(949.769955543802,-315.79893338455,6.51));
#10877=CARTESIAN_POINT('',(949.036232887552,-315.710380650175,6.06));
#10878=CARTESIAN_POINT('',(949.036232887552,-315.710380650175,6.51));
#10879=CARTESIAN_POINT('Ctrl Pts',(949.036232887552,-315.710380650175,6.06));
#10880=CARTESIAN_POINT('Ctrl Pts',(949.238639137552,-315.769415806425,6.06));
#10881=CARTESIAN_POINT('Ctrl Pts',(949.807906715677,-315.8411013533,6.06));
#10882=CARTESIAN_POINT('Ctrl Pts',(949.769955543802,-315.79893338455,6.06));
#10883=CARTESIAN_POINT('Ctrl Pts',(948.842260231302,-315.68086307205,6.51));
#10884=CARTESIAN_POINT('Ctrl Pts',(948.842260231302,-315.68086307205,6.06));
#10885=CARTESIAN_POINT('Ctrl Pts',(948.842260231302,-315.66399588455,6.51));
#10886=CARTESIAN_POINT('Ctrl Pts',(948.842260231302,-315.66399588455,6.06));
#10887=CARTESIAN_POINT('Ctrl Pts',(948.930812965677,-315.676646275175,6.51));
#10888=CARTESIAN_POINT('Ctrl Pts',(948.930812965677,-315.676646275175,6.06));
#10889=CARTESIAN_POINT('Ctrl Pts',(949.036232887552,-315.710380650175,6.51));
#10890=CARTESIAN_POINT('Ctrl Pts',(949.036232887552,-315.710380650175,6.06));
#10891=CARTESIAN_POINT('',(948.842260231302,-315.68086307205,6.51));
#10892=CARTESIAN_POINT('Ctrl Pts',(948.842260231302,-315.68086307205,6.51));
#10893=CARTESIAN_POINT('Ctrl Pts',(948.842260231302,-315.66399588455,6.51));
#10894=CARTESIAN_POINT('Ctrl Pts',(948.930812965677,-315.676646275175,6.51));
#10895=CARTESIAN_POINT('Ctrl Pts',(949.036232887552,-315.710380650175,6.51));
#10896=CARTESIAN_POINT('',(948.842260231302,-315.68086307205,6.06));
#10897=CARTESIAN_POINT('',(948.842260231302,-315.68086307205,6.51));
#10898=CARTESIAN_POINT('Ctrl Pts',(948.842260231302,-315.68086307205,6.06));
#10899=CARTESIAN_POINT('Ctrl Pts',(948.842260231302,-315.66399588455,6.06));
#10900=CARTESIAN_POINT('Ctrl Pts',(948.930812965677,-315.676646275175,6.06));
#10901=CARTESIAN_POINT('Ctrl Pts',(949.036232887552,-315.710380650175,6.06));
#10902=CARTESIAN_POINT('Ctrl Pts',(949.769955543802,-316.435669712675,6.51));
#10903=CARTESIAN_POINT('Ctrl Pts',(949.769955543802,-316.435669712675,6.06));
#10904=CARTESIAN_POINT('Ctrl Pts',(949.419961403177,-316.241697056425,6.51));
#10905=CARTESIAN_POINT('Ctrl Pts',(949.419961403177,-316.241697056425,6.06));
#10906=CARTESIAN_POINT('Ctrl Pts',(948.842260231302,-315.769415806425,6.51));
#10907=CARTESIAN_POINT('Ctrl Pts',(948.842260231302,-315.769415806425,6.06));
#10908=CARTESIAN_POINT('Ctrl Pts',(948.842260231302,-315.68086307205,6.51));
#10909=CARTESIAN_POINT('Ctrl Pts',(948.842260231302,-315.68086307205,6.06));
#10910=CARTESIAN_POINT('',(949.769955543802,-316.435669712675,6.51));
#10911=CARTESIAN_POINT('Ctrl Pts',(949.769955543802,-316.435669712675,6.51));
#10912=CARTESIAN_POINT('Ctrl Pts',(949.419961403177,-316.241697056425,6.51));
#10913=CARTESIAN_POINT('Ctrl Pts',(948.842260231302,-315.769415806425,6.51));
#10914=CARTESIAN_POINT('Ctrl Pts',(948.842260231302,-315.68086307205,6.51));
#10915=CARTESIAN_POINT('',(949.769955543802,-316.435669712675,6.06));
#10916=CARTESIAN_POINT('',(949.769955543802,-316.435669712675,6.51));
#10917=CARTESIAN_POINT('Ctrl Pts',(949.769955543802,-316.435669712675,6.06));
#10918=CARTESIAN_POINT('Ctrl Pts',(949.419961403177,-316.241697056425,6.06));
#10919=CARTESIAN_POINT('Ctrl Pts',(948.842260231302,-315.769415806425,6.06));
#10920=CARTESIAN_POINT('Ctrl Pts',(948.842260231302,-315.68086307205,6.06));
#10921=CARTESIAN_POINT('Ctrl Pts',(952.047025856302,-316.874216587675,6.51));
#10922=CARTESIAN_POINT('Ctrl Pts',(952.047025856302,-316.874216587675,6.06));
#10923=CARTESIAN_POINT('Ctrl Pts',(951.397639137552,-316.966986118925,6.51));
#10924=CARTESIAN_POINT('Ctrl Pts',(951.397639137552,-316.966986118925,6.06));
#10925=CARTESIAN_POINT('Ctrl Pts',(950.360307106302,-316.764579868925,6.51));
#10926=CARTESIAN_POINT('Ctrl Pts',(950.360307106302,-316.764579868925,6.06));
#10927=CARTESIAN_POINT('Ctrl Pts',(949.769955543802,-316.435669712675,6.51));
#10928=CARTESIAN_POINT('Ctrl Pts',(949.769955543802,-316.435669712675,6.06));
#10929=CARTESIAN_POINT('',(952.047025856302,-316.874216587675,6.51));
#10930=CARTESIAN_POINT('Ctrl Pts',(952.047025856302,-316.874216587675,6.51));
#10931=CARTESIAN_POINT('Ctrl Pts',(951.397639137552,-316.966986118925,6.51));
#10932=CARTESIAN_POINT('Ctrl Pts',(950.360307106302,-316.764579868925,6.51));
#10933=CARTESIAN_POINT('Ctrl Pts',(949.769955543802,-316.435669712675,6.51));
#10934=CARTESIAN_POINT('',(952.047025856302,-316.874216587675,6.06));
#10935=CARTESIAN_POINT('',(952.047025856302,-316.874216587675,6.51));
#10936=CARTESIAN_POINT('Ctrl Pts',(952.047025856302,-316.874216587675,6.06));
#10937=CARTESIAN_POINT('Ctrl Pts',(951.397639137552,-316.966986118925,6.06));
#10938=CARTESIAN_POINT('Ctrl Pts',(950.360307106302,-316.764579868925,6.06));
#10939=CARTESIAN_POINT('Ctrl Pts',(949.769955543802,-316.435669712675,6.06));
#10940=CARTESIAN_POINT('Ctrl Pts',(952.333768043802,-316.84469900955,6.51));
#10941=CARTESIAN_POINT('Ctrl Pts',(952.333768043802,-316.84469900955,6.06));
#10942=CARTESIAN_POINT('Ctrl Pts',(952.329551246927,-316.840482212675,6.51));
#10943=CARTESIAN_POINT('Ctrl Pts',(952.329551246927,-316.840482212675,6.06));
#10944=CARTESIAN_POINT('Ctrl Pts',(952.198830543802,-316.848915806425,6.51));
#10945=CARTESIAN_POINT('Ctrl Pts',(952.198830543802,-316.848915806425,6.06));
#10946=CARTESIAN_POINT('Ctrl Pts',(952.047025856302,-316.874216587675,6.51));
#10947=CARTESIAN_POINT('Ctrl Pts',(952.047025856302,-316.874216587675,6.06));
#10948=CARTESIAN_POINT('',(952.333768043802,-316.84469900955,6.51));
#10949=CARTESIAN_POINT('Ctrl Pts',(952.333768043802,-316.84469900955,6.51));
#10950=CARTESIAN_POINT('Ctrl Pts',(952.329551246927,-316.840482212675,6.51));
#10951=CARTESIAN_POINT('Ctrl Pts',(952.198830543802,-316.848915806425,6.51));
#10952=CARTESIAN_POINT('Ctrl Pts',(952.047025856302,-316.874216587675,6.51));
#10953=CARTESIAN_POINT('',(952.333768043802,-316.84469900955,6.06));
#10954=CARTESIAN_POINT('',(952.333768043802,-316.84469900955,6.51));
#10955=CARTESIAN_POINT('Ctrl Pts',(952.333768043802,-316.84469900955,6.06));
#10956=CARTESIAN_POINT('Ctrl Pts',(952.329551246927,-316.840482212675,6.06));
#10957=CARTESIAN_POINT('Ctrl Pts',(952.198830543802,-316.848915806425,6.06));
#10958=CARTESIAN_POINT('Ctrl Pts',(952.047025856302,-316.874216587675,6.06));
#10959=CARTESIAN_POINT('Ctrl Pts',(952.173529762552,-316.950118931425,6.51));
#10960=CARTESIAN_POINT('Ctrl Pts',(952.173529762552,-316.950118931425,6.06));
#10961=CARTESIAN_POINT('Ctrl Pts',(952.270516090677,-316.899517368925,6.51));
#10962=CARTESIAN_POINT('Ctrl Pts',(952.270516090677,-316.899517368925,6.06));
#10963=CARTESIAN_POINT('Ctrl Pts',(952.342201637552,-316.8531326033,6.51));
#10964=CARTESIAN_POINT('Ctrl Pts',(952.342201637552,-316.8531326033,6.06));
#10965=CARTESIAN_POINT('Ctrl Pts',(952.333768043802,-316.84469900955,6.51));
#10966=CARTESIAN_POINT('Ctrl Pts',(952.333768043802,-316.84469900955,6.06));
#10967=CARTESIAN_POINT('',(952.173529762552,-316.950118931425,6.51));
#10968=CARTESIAN_POINT('Ctrl Pts',(952.173529762552,-316.950118931425,6.51));
#10969=CARTESIAN_POINT('Ctrl Pts',(952.270516090677,-316.899517368925,6.51));
#10970=CARTESIAN_POINT('Ctrl Pts',(952.342201637552,-316.8531326033,6.51));
#10971=CARTESIAN_POINT('Ctrl Pts',(952.333768043802,-316.84469900955,6.51));
#10972=CARTESIAN_POINT('',(952.173529762552,-316.950118931425,6.06));
#10973=CARTESIAN_POINT('',(952.173529762552,-316.950118931425,6.51));
#10974=CARTESIAN_POINT('Ctrl Pts',(952.173529762552,-316.950118931425,6.06));
#10975=CARTESIAN_POINT('Ctrl Pts',(952.270516090677,-316.899517368925,6.06));
#10976=CARTESIAN_POINT('Ctrl Pts',(952.342201637552,-316.8531326033,6.06));
#10977=CARTESIAN_POINT('Ctrl Pts',(952.333768043802,-316.84469900955,6.06));
#10978=CARTESIAN_POINT('Ctrl Pts',(950.997043434427,-317.203126743925,6.51));
#10979=CARTESIAN_POINT('Ctrl Pts',(950.997043434427,-317.203126743925,6.06));
#10980=CARTESIAN_POINT('Ctrl Pts',(951.393422340677,-317.203126743925,6.51));
#10981=CARTESIAN_POINT('Ctrl Pts',(951.393422340677,-317.203126743925,6.06));
#10982=CARTESIAN_POINT('Ctrl Pts',(951.891004371927,-317.093490025175,6.51));
#10983=CARTESIAN_POINT('Ctrl Pts',(951.891004371927,-317.093490025175,6.06));
#10984=CARTESIAN_POINT('Ctrl Pts',(952.173529762552,-316.950118931425,6.51));
#10985=CARTESIAN_POINT('Ctrl Pts',(952.173529762552,-316.950118931425,6.06));
#10986=CARTESIAN_POINT('',(950.997043434427,-317.203126743925,6.51));
#10987=CARTESIAN_POINT('Ctrl Pts',(950.997043434427,-317.203126743925,6.51));
#10988=CARTESIAN_POINT('Ctrl Pts',(951.393422340677,-317.203126743925,6.51));
#10989=CARTESIAN_POINT('Ctrl Pts',(951.891004371927,-317.093490025175,6.51));
#10990=CARTESIAN_POINT('Ctrl Pts',(952.173529762552,-316.950118931425,6.51));
#10991=CARTESIAN_POINT('',(950.997043434427,-317.203126743925,6.06));
#10992=CARTESIAN_POINT('',(950.997043434427,-317.203126743925,6.51));
#10993=CARTESIAN_POINT('Ctrl Pts',(950.997043434427,-317.203126743925,6.06));
#10994=CARTESIAN_POINT('Ctrl Pts',(951.393422340677,-317.203126743925,6.06));
#10995=CARTESIAN_POINT('Ctrl Pts',(951.891004371927,-317.093490025175,6.06));
#10996=CARTESIAN_POINT('Ctrl Pts',(952.173529762552,-316.950118931425,6.06));
#10997=CARTESIAN_POINT('Origin',(950.634398903177,-317.2073435408,6.51));
#10998=CARTESIAN_POINT('',(950.634398903177,-317.2073435408,6.51));
#10999=CARTESIAN_POINT('',(947.897612739006,-317.239166635732,6.51));
#11000=CARTESIAN_POINT('',(950.634398903177,-317.2073435408,6.06));
#11001=CARTESIAN_POINT('',(950.634398903177,-317.2073435408,6.51));
#11002=CARTESIAN_POINT('',(950.997043434427,-317.203126743925,6.06));
#11003=CARTESIAN_POINT('Origin',(950.916924293802,-317.35071463455,6.51));
#11004=CARTESIAN_POINT('',(950.916924293802,-317.35071463455,6.51));
#11005=CARTESIAN_POINT('',(952.081718834995,-317.941804401722,6.51));
#11006=CARTESIAN_POINT('',(950.916924293802,-317.35071463455,6.06));
#11007=CARTESIAN_POINT('',(950.916924293802,-317.35071463455,6.51));
#11008=CARTESIAN_POINT('',(950.634398903177,-317.2073435408,6.06));
#11009=CARTESIAN_POINT('Ctrl Pts',(951.570527809427,-317.607939243925,6.51));
#11010=CARTESIAN_POINT('Ctrl Pts',(951.570527809427,-317.607939243925,6.06));
#11011=CARTESIAN_POINT('Ctrl Pts',(951.368121559427,-317.548904087675,6.51));
#11012=CARTESIAN_POINT('Ctrl Pts',(951.368121559427,-317.548904087675,6.06));
#11013=CARTESIAN_POINT('Ctrl Pts',(951.072945778177,-317.430833775175,6.51));
#11014=CARTESIAN_POINT('Ctrl Pts',(951.072945778177,-317.430833775175,6.06));
#11015=CARTESIAN_POINT('Ctrl Pts',(950.916924293802,-317.35071463455,6.51));
#11016=CARTESIAN_POINT('Ctrl Pts',(950.916924293802,-317.35071463455,6.06));
#11017=CARTESIAN_POINT('',(951.570527809427,-317.607939243925,6.51));
#11018=CARTESIAN_POINT('Ctrl Pts',(951.570527809427,-317.607939243925,6.51));
#11019=CARTESIAN_POINT('Ctrl Pts',(951.368121559427,-317.548904087675,6.51));
#11020=CARTESIAN_POINT('Ctrl Pts',(951.072945778177,-317.430833775175,6.51));
#11021=CARTESIAN_POINT('Ctrl Pts',(950.916924293802,-317.35071463455,6.51));
#11022=CARTESIAN_POINT('',(951.570527809427,-317.607939243925,6.06));
#11023=CARTESIAN_POINT('',(951.570527809427,-317.607939243925,6.51));
#11024=CARTESIAN_POINT('Ctrl Pts',(951.570527809427,-317.607939243925,6.06));
#11025=CARTESIAN_POINT('Ctrl Pts',(951.368121559427,-317.548904087675,6.06));
#11026=CARTESIAN_POINT('Ctrl Pts',(951.072945778177,-317.430833775175,6.06));
#11027=CARTESIAN_POINT('Ctrl Pts',(950.916924293802,-317.35071463455,6.06));
#11028=CARTESIAN_POINT('Ctrl Pts',(952.489789528177,-317.72179275955,6.51));
#11029=CARTESIAN_POINT('Ctrl Pts',(952.489789528177,-317.72179275955,6.06));
#11030=CARTESIAN_POINT('Ctrl Pts',(952.017508278177,-317.72179275955,6.51));
#11031=CARTESIAN_POINT('Ctrl Pts',(952.017508278177,-317.72179275955,6.06));
#11032=CARTESIAN_POINT('Ctrl Pts',(951.891004371927,-317.70492557205,6.51));
#11033=CARTESIAN_POINT('Ctrl Pts',(951.891004371927,-317.70492557205,6.06));
#11034=CARTESIAN_POINT('Ctrl Pts',(951.570527809427,-317.607939243925,6.51));
#11035=CARTESIAN_POINT('Ctrl Pts',(951.570527809427,-317.607939243925,6.06));
#11036=CARTESIAN_POINT('',(952.489789528177,-317.72179275955,6.51));
#11037=CARTESIAN_POINT('Ctrl Pts',(952.489789528177,-317.72179275955,6.51));
#11038=CARTESIAN_POINT('Ctrl Pts',(952.017508278177,-317.72179275955,6.51));
#11039=CARTESIAN_POINT('Ctrl Pts',(951.891004371927,-317.70492557205,6.51));
#11040=CARTESIAN_POINT('Ctrl Pts',(951.570527809427,-317.607939243925,6.51));
#11041=CARTESIAN_POINT('',(952.489789528177,-317.72179275955,6.06));
#11042=CARTESIAN_POINT('',(952.489789528177,-317.72179275955,6.51));
#11043=CARTESIAN_POINT('Ctrl Pts',(952.489789528177,-317.72179275955,6.06));
#11044=CARTESIAN_POINT('Ctrl Pts',(952.017508278177,-317.72179275955,6.06));
#11045=CARTESIAN_POINT('Ctrl Pts',(951.891004371927,-317.70492557205,6.06));
#11046=CARTESIAN_POINT('Ctrl Pts',(951.570527809427,-317.607939243925,6.06));
#11047=CARTESIAN_POINT('Ctrl Pts',(954.969266090677,-316.823615025175,6.51));
#11048=CARTESIAN_POINT('Ctrl Pts',(954.969266090677,-316.823615025175,6.06));
#11049=CARTESIAN_POINT('Ctrl Pts',(954.281928200052,-317.4266169783,6.51));
#11050=CARTESIAN_POINT('Ctrl Pts',(954.281928200052,-317.4266169783,6.06));
#11051=CARTESIAN_POINT('Ctrl Pts',(953.480736793802,-317.717575962675,6.51));
#11052=CARTESIAN_POINT('Ctrl Pts',(953.480736793802,-317.717575962675,6.06));
#11053=CARTESIAN_POINT('Ctrl Pts',(952.489789528177,-317.72179275955,6.51));
#11054=CARTESIAN_POINT('Ctrl Pts',(952.489789528177,-317.72179275955,6.06));
#11055=CARTESIAN_POINT('',(954.969266090677,-316.823615025175,6.51));
#11056=CARTESIAN_POINT('Ctrl Pts',(954.969266090677,-316.823615025175,6.51));
#11057=CARTESIAN_POINT('Ctrl Pts',(954.281928200052,-317.4266169783,6.51));
#11058=CARTESIAN_POINT('Ctrl Pts',(953.480736793802,-317.717575962675,6.51));
#11059=CARTESIAN_POINT('Ctrl Pts',(952.489789528177,-317.72179275955,6.51));
#11060=CARTESIAN_POINT('',(954.969266090677,-316.823615025175,6.06));
#11061=CARTESIAN_POINT('',(954.969266090677,-316.823615025175,6.51));
#11062=CARTESIAN_POINT('Ctrl Pts',(954.969266090677,-316.823615025175,6.06));
#11063=CARTESIAN_POINT('Ctrl Pts',(954.281928200052,-317.4266169783,6.06));
#11064=CARTESIAN_POINT('Ctrl Pts',(953.480736793802,-317.717575962675,6.06));
#11065=CARTESIAN_POINT('Ctrl Pts',(952.489789528177,-317.72179275955,6.06));
#11066=CARTESIAN_POINT('Ctrl Pts',(955.218057106302,-316.654943150175,6.51));
#11067=CARTESIAN_POINT('Ctrl Pts',(955.218057106302,-316.654943150175,6.06));
#11068=CARTESIAN_POINT('Ctrl Pts',(955.188539528177,-316.654943150175,6.51));
#11069=CARTESIAN_POINT('Ctrl Pts',(955.188539528177,-316.654943150175,6.06));
#11070=CARTESIAN_POINT('Ctrl Pts',(955.074686012552,-316.730845493925,6.51));
#11071=CARTESIAN_POINT('Ctrl Pts',(955.074686012552,-316.730845493925,6.06));
#11072=CARTESIAN_POINT('Ctrl Pts',(954.969266090677,-316.823615025175,6.51));
#11073=CARTESIAN_POINT('Ctrl Pts',(954.969266090677,-316.823615025175,6.06));
#11074=CARTESIAN_POINT('',(955.218057106302,-316.654943150175,6.51));
#11075=CARTESIAN_POINT('Ctrl Pts',(955.218057106302,-316.654943150175,6.51));
#11076=CARTESIAN_POINT('Ctrl Pts',(955.188539528177,-316.654943150175,6.51));
#11077=CARTESIAN_POINT('Ctrl Pts',(955.074686012552,-316.730845493925,6.51));
#11078=CARTESIAN_POINT('Ctrl Pts',(954.969266090677,-316.823615025175,6.51));
#11079=CARTESIAN_POINT('',(955.218057106302,-316.654943150175,6.06));
#11080=CARTESIAN_POINT('',(955.218057106302,-316.654943150175,6.51));
#11081=CARTESIAN_POINT('Ctrl Pts',(955.218057106302,-316.654943150175,6.06));
#11082=CARTESIAN_POINT('Ctrl Pts',(955.188539528177,-316.654943150175,6.06));
#11083=CARTESIAN_POINT('Ctrl Pts',(955.074686012552,-316.730845493925,6.06));
#11084=CARTESIAN_POINT('Ctrl Pts',(954.969266090677,-316.823615025175,6.06));
#11085=CARTESIAN_POINT('Ctrl Pts',(956.913209450052,-315.904353306425,6.51));
#11086=CARTESIAN_POINT('Ctrl Pts',(956.913209450052,-315.904353306425,6.06));
#11087=CARTESIAN_POINT('Ctrl Pts',(956.419844215677,-316.2290466658,6.51));
#11088=CARTESIAN_POINT('Ctrl Pts',(956.419844215677,-316.2290466658,6.06));
#11089=CARTESIAN_POINT('Ctrl Pts',(955.458414528177,-316.654943150175,6.51));
#11090=CARTESIAN_POINT('Ctrl Pts',(955.458414528177,-316.654943150175,6.06));
#11091=CARTESIAN_POINT('Ctrl Pts',(955.218057106302,-316.654943150175,6.51));
#11092=CARTESIAN_POINT('Ctrl Pts',(955.218057106302,-316.654943150175,6.06));
#11093=CARTESIAN_POINT('',(956.913209450052,-315.904353306425,6.51));
#11094=CARTESIAN_POINT('Ctrl Pts',(956.913209450052,-315.904353306425,6.51));
#11095=CARTESIAN_POINT('Ctrl Pts',(956.419844215677,-316.2290466658,6.51));
#11096=CARTESIAN_POINT('Ctrl Pts',(955.458414528177,-316.654943150175,6.51));
#11097=CARTESIAN_POINT('Ctrl Pts',(955.218057106302,-316.654943150175,6.51));
#11098=CARTESIAN_POINT('',(956.913209450052,-315.904353306425,6.06));
#11099=CARTESIAN_POINT('',(956.913209450052,-315.904353306425,6.51));
#11100=CARTESIAN_POINT('Ctrl Pts',(956.913209450052,-315.904353306425,6.06));
#11101=CARTESIAN_POINT('Ctrl Pts',(956.419844215677,-316.2290466658,6.06));
#11102=CARTESIAN_POINT('Ctrl Pts',(955.458414528177,-316.654943150175,6.06));
#11103=CARTESIAN_POINT('Ctrl Pts',(955.218057106302,-316.654943150175,6.06));
#11104=CARTESIAN_POINT('Ctrl Pts',(957.233686012552,-315.744115025175,6.51));
#11105=CARTESIAN_POINT('Ctrl Pts',(957.233686012552,-315.744115025175,6.06));
#11106=CARTESIAN_POINT('Ctrl Pts',(957.233686012552,-315.71459744705,6.51));
#11107=CARTESIAN_POINT('Ctrl Pts',(957.233686012552,-315.71459744705,6.06));
#11108=CARTESIAN_POINT('Ctrl Pts',(957.090314918802,-315.7904997908,6.51));
#11109=CARTESIAN_POINT('Ctrl Pts',(957.090314918802,-315.7904997908,6.06));
#11110=CARTESIAN_POINT('Ctrl Pts',(956.913209450052,-315.904353306425,6.51));
#11111=CARTESIAN_POINT('Ctrl Pts',(956.913209450052,-315.904353306425,6.06));
#11112=CARTESIAN_POINT('',(957.233686012552,-315.744115025175,6.51));
#11113=CARTESIAN_POINT('Ctrl Pts',(957.233686012552,-315.744115025175,6.51));
#11114=CARTESIAN_POINT('Ctrl Pts',(957.233686012552,-315.71459744705,6.51));
#11115=CARTESIAN_POINT('Ctrl Pts',(957.090314918802,-315.7904997908,6.51));
#11116=CARTESIAN_POINT('Ctrl Pts',(956.913209450052,-315.904353306425,6.51));
#11117=CARTESIAN_POINT('',(957.233686012552,-315.744115025175,6.06));
#11118=CARTESIAN_POINT('',(957.233686012552,-315.744115025175,6.51));
#11119=CARTESIAN_POINT('Ctrl Pts',(957.233686012552,-315.744115025175,6.06));
#11120=CARTESIAN_POINT('Ctrl Pts',(957.233686012552,-315.71459744705,6.06));
#11121=CARTESIAN_POINT('Ctrl Pts',(957.090314918802,-315.7904997908,6.06));
#11122=CARTESIAN_POINT('Ctrl Pts',(956.913209450052,-315.904353306425,6.06));
#11123=CARTESIAN_POINT('Ctrl Pts',(956.643334450052,-316.6169919783,6.51));
#11124=CARTESIAN_POINT('Ctrl Pts',(956.643334450052,-316.6169919783,6.06));
#11125=CARTESIAN_POINT('Ctrl Pts',(956.896342262552,-316.35555057205,6.51));
#11126=CARTESIAN_POINT('Ctrl Pts',(956.896342262552,-316.35555057205,6.06));
#11127=CARTESIAN_POINT('Ctrl Pts',(957.233686012552,-315.8579685408,6.51));
#11128=CARTESIAN_POINT('Ctrl Pts',(957.233686012552,-315.8579685408,6.06));
#11129=CARTESIAN_POINT('Ctrl Pts',(957.233686012552,-315.744115025175,6.51));
#11130=CARTESIAN_POINT('Ctrl Pts',(957.233686012552,-315.744115025175,6.06));
#11131=CARTESIAN_POINT('',(956.643334450052,-316.6169919783,6.51));
#11132=CARTESIAN_POINT('Ctrl Pts',(956.643334450052,-316.6169919783,6.51));
#11133=CARTESIAN_POINT('Ctrl Pts',(956.896342262552,-316.35555057205,6.51));
#11134=CARTESIAN_POINT('Ctrl Pts',(957.233686012552,-315.8579685408,6.51));
#11135=CARTESIAN_POINT('Ctrl Pts',(957.233686012552,-315.744115025175,6.51));
#11136=CARTESIAN_POINT('',(956.643334450052,-316.6169919783,6.06));
#11137=CARTESIAN_POINT('',(956.643334450052,-316.6169919783,6.51));
#11138=CARTESIAN_POINT('Ctrl Pts',(956.643334450052,-316.6169919783,6.06));
#11139=CARTESIAN_POINT('Ctrl Pts',(956.896342262552,-316.35555057205,6.06));
#11140=CARTESIAN_POINT('Ctrl Pts',(957.233686012552,-315.8579685408,6.06));
#11141=CARTESIAN_POINT('Ctrl Pts',(957.233686012552,-315.744115025175,6.06));
#11142=CARTESIAN_POINT('Ctrl Pts',(954.066871559427,-318.130822056425,6.51));
#11143=CARTESIAN_POINT('Ctrl Pts',(954.066871559427,-318.130822056425,6.06));
#11144=CARTESIAN_POINT('Ctrl Pts',(954.965049293802,-317.8145622908,6.51));
#11145=CARTESIAN_POINT('Ctrl Pts',(954.965049293802,-317.8145622908,6.06));
#11146=CARTESIAN_POINT('Ctrl Pts',(956.154186012552,-317.118790806425,6.51));
#11147=CARTESIAN_POINT('Ctrl Pts',(956.154186012552,-317.118790806425,6.06));
#11148=CARTESIAN_POINT('Ctrl Pts',(956.643334450052,-316.6169919783,6.51));
#11149=CARTESIAN_POINT('Ctrl Pts',(956.643334450052,-316.6169919783,6.06));
#11150=CARTESIAN_POINT('',(954.066871559427,-318.130822056425,6.51));
#11151=CARTESIAN_POINT('Ctrl Pts',(954.066871559427,-318.130822056425,6.51));
#11152=CARTESIAN_POINT('Ctrl Pts',(954.965049293802,-317.8145622908,6.51));
#11153=CARTESIAN_POINT('Ctrl Pts',(956.154186012552,-317.118790806425,6.51));
#11154=CARTESIAN_POINT('Ctrl Pts',(956.643334450052,-316.6169919783,6.51));
#11155=CARTESIAN_POINT('',(954.066871559427,-318.130822056425,6.06));
#11156=CARTESIAN_POINT('',(954.066871559427,-318.130822056425,6.51));
#11157=CARTESIAN_POINT('Ctrl Pts',(954.066871559427,-318.130822056425,6.06));
#11158=CARTESIAN_POINT('Ctrl Pts',(954.965049293802,-317.8145622908,6.06));
#11159=CARTESIAN_POINT('Ctrl Pts',(956.154186012552,-317.118790806425,6.06));
#11160=CARTESIAN_POINT('Ctrl Pts',(956.643334450052,-316.6169919783,6.06));
#11161=CARTESIAN_POINT('Origin',(953.725311012552,-318.248892368925,6.51));
#11162=CARTESIAN_POINT('',(953.725311012552,-318.248892368925,6.51));
#11163=CARTESIAN_POINT('',(947.543082435481,-320.385959037542,6.51));
#11164=CARTESIAN_POINT('',(953.725311012552,-318.248892368925,6.06));
#11165=CARTESIAN_POINT('',(953.725311012552,-318.248892368925,6.51));
#11166=CARTESIAN_POINT('',(954.066871559427,-318.130822056425,6.06));
#11167=CARTESIAN_POINT('Origin',(953.969885231302,-318.2868435408,6.51));
#11168=CARTESIAN_POINT('',(953.969885231302,-318.2868435408,6.51));
#11169=CARTESIAN_POINT('',(950.96096949648,-317.819942823327,6.51));
#11170=CARTESIAN_POINT('',(953.969885231302,-318.2868435408,6.06));
#11171=CARTESIAN_POINT('',(953.969885231302,-318.2868435408,6.51));
#11172=CARTESIAN_POINT('',(953.725311012552,-318.248892368925,6.06));
#11173=CARTESIAN_POINT('Ctrl Pts',(954.703607887552,-318.31214432205,6.51));
#11174=CARTESIAN_POINT('Ctrl Pts',(954.703607887552,-318.31214432205,6.06));
#11175=CARTESIAN_POINT('Ctrl Pts',(954.437949684427,-318.316361118925,6.51));
#11176=CARTESIAN_POINT('Ctrl Pts',(954.437949684427,-318.316361118925,6.06));
#11177=CARTESIAN_POINT('Ctrl Pts',(954.109039528177,-318.3037107283,6.51));
#11178=CARTESIAN_POINT('Ctrl Pts',(954.109039528177,-318.3037107283,6.06));
#11179=CARTESIAN_POINT('Ctrl Pts',(953.969885231302,-318.2868435408,6.51));
#11180=CARTESIAN_POINT('Ctrl Pts',(953.969885231302,-318.2868435408,6.06));
#11181=CARTESIAN_POINT('',(954.703607887552,-318.31214432205,6.51));
#11182=CARTESIAN_POINT('Ctrl Pts',(954.703607887552,-318.31214432205,6.51));
#11183=CARTESIAN_POINT('Ctrl Pts',(954.437949684427,-318.316361118925,6.51));
#11184=CARTESIAN_POINT('Ctrl Pts',(954.109039528177,-318.3037107283,6.51));
#11185=CARTESIAN_POINT('Ctrl Pts',(953.969885231302,-318.2868435408,6.51));
#11186=CARTESIAN_POINT('',(954.703607887552,-318.31214432205,6.06));
#11187=CARTESIAN_POINT('',(954.703607887552,-318.31214432205,6.51));
#11188=CARTESIAN_POINT('Ctrl Pts',(954.703607887552,-318.31214432205,6.06));
#11189=CARTESIAN_POINT('Ctrl Pts',(954.437949684427,-318.316361118925,6.06));
#11190=CARTESIAN_POINT('Ctrl Pts',(954.109039528177,-318.3037107283,6.06));
#11191=CARTESIAN_POINT('Ctrl Pts',(953.969885231302,-318.2868435408,6.06));
#11192=CARTESIAN_POINT('Ctrl Pts',(958.018010231302,-316.25434744705,6.51));
#11193=CARTESIAN_POINT('Ctrl Pts',(958.018010231302,-316.25434744705,6.06));
#11194=CARTESIAN_POINT('Ctrl Pts',(957.503561012552,-317.51938650955,6.51));
#11195=CARTESIAN_POINT('Ctrl Pts',(957.503561012552,-317.51938650955,6.06));
#11196=CARTESIAN_POINT('Ctrl Pts',(956.259605934427,-318.291060337675,6.51));
#11197=CARTESIAN_POINT('Ctrl Pts',(956.259605934427,-318.291060337675,6.06));
#11198=CARTESIAN_POINT('Ctrl Pts',(954.703607887552,-318.31214432205,6.51));
#11199=CARTESIAN_POINT('Ctrl Pts',(954.703607887552,-318.31214432205,6.06));
#11200=CARTESIAN_POINT('',(958.018010231302,-316.25434744705,6.51));
#11201=CARTESIAN_POINT('Ctrl Pts',(958.018010231302,-316.25434744705,6.51));
#11202=CARTESIAN_POINT('Ctrl Pts',(957.503561012552,-317.51938650955,6.51));
#11203=CARTESIAN_POINT('Ctrl Pts',(956.259605934427,-318.291060337675,6.51));
#11204=CARTESIAN_POINT('Ctrl Pts',(954.703607887552,-318.31214432205,6.51));
#11205=CARTESIAN_POINT('',(958.018010231302,-316.25434744705,6.06));
#11206=CARTESIAN_POINT('',(958.018010231302,-316.25434744705,6.51));
#11207=CARTESIAN_POINT('Ctrl Pts',(958.018010231302,-316.25434744705,6.06));
#11208=CARTESIAN_POINT('Ctrl Pts',(957.503561012552,-317.51938650955,6.06));
#11209=CARTESIAN_POINT('Ctrl Pts',(956.259605934427,-318.291060337675,6.06));
#11210=CARTESIAN_POINT('Ctrl Pts',(954.703607887552,-318.31214432205,6.06));
#11211=CARTESIAN_POINT('Ctrl Pts',(958.287885231302,-315.0483435408,6.51));
#11212=CARTESIAN_POINT('Ctrl Pts',(958.287885231302,-315.0483435408,6.06));
#11213=CARTESIAN_POINT('Ctrl Pts',(958.287885231302,-315.4194216658,6.51));
#11214=CARTESIAN_POINT('Ctrl Pts',(958.287885231302,-315.4194216658,6.06));
#11215=CARTESIAN_POINT('Ctrl Pts',(958.199332496927,-315.820017368925,6.51));
#11216=CARTESIAN_POINT('Ctrl Pts',(958.199332496927,-315.820017368925,6.06));
#11217=CARTESIAN_POINT('Ctrl Pts',(958.018010231302,-316.25434744705,6.51));
#11218=CARTESIAN_POINT('Ctrl Pts',(958.018010231302,-316.25434744705,6.06));
#11219=CARTESIAN_POINT('',(958.287885231302,-315.0483435408,6.51));
#11220=CARTESIAN_POINT('Ctrl Pts',(958.287885231302,-315.0483435408,6.51));
#11221=CARTESIAN_POINT('Ctrl Pts',(958.287885231302,-315.4194216658,6.51));
#11222=CARTESIAN_POINT('Ctrl Pts',(958.199332496927,-315.820017368925,6.51));
#11223=CARTESIAN_POINT('Ctrl Pts',(958.018010231302,-316.25434744705,6.51));
#11224=CARTESIAN_POINT('',(958.287885231302,-315.0483435408,6.06));
#11225=CARTESIAN_POINT('',(958.287885231302,-315.0483435408,6.51));
#11226=CARTESIAN_POINT('Ctrl Pts',(958.287885231302,-315.0483435408,6.06));
#11227=CARTESIAN_POINT('Ctrl Pts',(958.287885231302,-315.4194216658,6.06));
#11228=CARTESIAN_POINT('Ctrl Pts',(958.199332496927,-315.820017368925,6.06));
#11229=CARTESIAN_POINT('Ctrl Pts',(958.018010231302,-316.25434744705,6.06));
#11230=CARTESIAN_POINT('Ctrl Pts',(958.397521950052,-314.673048618925,6.51));
#11231=CARTESIAN_POINT('Ctrl Pts',(958.397521950052,-314.673048618925,6.06));
#11232=CARTESIAN_POINT('Ctrl Pts',(958.300535621927,-314.757384556425,6.51));
#11233=CARTESIAN_POINT('Ctrl Pts',(958.300535621927,-314.757384556425,6.06));
#11234=CARTESIAN_POINT('Ctrl Pts',(958.287885231302,-314.807986118925,6.51));
#11235=CARTESIAN_POINT('Ctrl Pts',(958.287885231302,-314.807986118925,6.06));
#11236=CARTESIAN_POINT('Ctrl Pts',(958.287885231302,-315.0483435408,6.51));
#11237=CARTESIAN_POINT('Ctrl Pts',(958.287885231302,-315.0483435408,6.06));
#11238=CARTESIAN_POINT('',(958.397521950052,-314.673048618925,6.51));
#11239=CARTESIAN_POINT('Ctrl Pts',(958.397521950052,-314.673048618925,6.51));
#11240=CARTESIAN_POINT('Ctrl Pts',(958.300535621927,-314.757384556425,6.51));
#11241=CARTESIAN_POINT('Ctrl Pts',(958.287885231302,-314.807986118925,6.51));
#11242=CARTESIAN_POINT('Ctrl Pts',(958.287885231302,-315.0483435408,6.51));
#11243=CARTESIAN_POINT('',(958.397521950052,-314.673048618925,6.06));
#11244=CARTESIAN_POINT('',(958.397521950052,-314.673048618925,6.51));
#11245=CARTESIAN_POINT('Ctrl Pts',(958.397521950052,-314.673048618925,6.06));
#11246=CARTESIAN_POINT('Ctrl Pts',(958.300535621927,-314.757384556425,6.06));
#11247=CARTESIAN_POINT('Ctrl Pts',(958.287885231302,-314.807986118925,6.06));
#11248=CARTESIAN_POINT('Ctrl Pts',(958.287885231302,-315.0483435408,6.06));
#11249=CARTESIAN_POINT('Ctrl Pts',(958.625228981302,-315.03990994705,6.51));
#11250=CARTESIAN_POINT('Ctrl Pts',(958.625228981302,-315.03990994705,6.06));
#11251=CARTESIAN_POINT('Ctrl Pts',(958.561977028177,-314.580279087675,6.51));
#11252=CARTESIAN_POINT('Ctrl Pts',(958.561977028177,-314.580279087675,6.06));
#11253=CARTESIAN_POINT('Ctrl Pts',(958.536676246927,-314.538111118925,6.51));
#11254=CARTESIAN_POINT('Ctrl Pts',(958.536676246927,-314.538111118925,6.06));
#11255=CARTESIAN_POINT('Ctrl Pts',(958.397521950052,-314.673048618925,6.51));
#11256=CARTESIAN_POINT('Ctrl Pts',(958.397521950052,-314.673048618925,6.06));
#11257=CARTESIAN_POINT('',(958.625228981302,-315.03990994705,6.51));
#11258=CARTESIAN_POINT('Ctrl Pts',(958.625228981302,-315.03990994705,6.51));
#11259=CARTESIAN_POINT('Ctrl Pts',(958.561977028177,-314.580279087675,6.51));
#11260=CARTESIAN_POINT('Ctrl Pts',(958.536676246927,-314.538111118925,6.51));
#11261=CARTESIAN_POINT('Ctrl Pts',(958.397521950052,-314.673048618925,6.51));
#11262=CARTESIAN_POINT('',(958.625228981302,-315.03990994705,6.06));
#11263=CARTESIAN_POINT('',(958.625228981302,-315.03990994705,6.51));
#11264=CARTESIAN_POINT('Ctrl Pts',(958.625228981302,-315.03990994705,6.06));
#11265=CARTESIAN_POINT('Ctrl Pts',(958.561977028177,-314.580279087675,6.06));
#11266=CARTESIAN_POINT('Ctrl Pts',(958.536676246927,-314.538111118925,6.06));
#11267=CARTESIAN_POINT('Ctrl Pts',(958.397521950052,-314.673048618925,6.06));
#11268=CARTESIAN_POINT('Ctrl Pts',(958.157164528177,-317.11457400955,6.51));
#11269=CARTESIAN_POINT('Ctrl Pts',(958.157164528177,-317.11457400955,6.06));
#11270=CARTESIAN_POINT('Ctrl Pts',(958.540893043802,-316.54108963455,6.51));
#11271=CARTESIAN_POINT('Ctrl Pts',(958.540893043802,-316.54108963455,6.06));
#11272=CARTESIAN_POINT('Ctrl Pts',(958.722215309427,-315.727247837675,6.51));
#11273=CARTESIAN_POINT('Ctrl Pts',(958.722215309427,-315.727247837675,6.06));
#11274=CARTESIAN_POINT('Ctrl Pts',(958.625228981302,-315.03990994705,6.51));
#11275=CARTESIAN_POINT('Ctrl Pts',(958.625228981302,-315.03990994705,6.06));
#11276=CARTESIAN_POINT('',(958.157164528177,-317.11457400955,6.51));
#11277=CARTESIAN_POINT('Ctrl Pts',(958.157164528177,-317.11457400955,6.51));
#11278=CARTESIAN_POINT('Ctrl Pts',(958.540893043802,-316.54108963455,6.51));
#11279=CARTESIAN_POINT('Ctrl Pts',(958.722215309427,-315.727247837675,6.51));
#11280=CARTESIAN_POINT('Ctrl Pts',(958.625228981302,-315.03990994705,6.51));
#11281=CARTESIAN_POINT('',(958.157164528177,-317.11457400955,6.06));
#11282=CARTESIAN_POINT('',(958.157164528177,-317.11457400955,6.51));
#11283=CARTESIAN_POINT('Ctrl Pts',(958.157164528177,-317.11457400955,6.06));
#11284=CARTESIAN_POINT('Ctrl Pts',(958.540893043802,-316.54108963455,6.06));
#11285=CARTESIAN_POINT('Ctrl Pts',(958.722215309427,-315.727247837675,6.06));
#11286=CARTESIAN_POINT('Ctrl Pts',(958.625228981302,-315.03990994705,6.06));
#11287=CARTESIAN_POINT('Origin',(958.060178200052,-317.2579451033,6.51));
#11288=CARTESIAN_POINT('',(958.060178200052,-317.2579451033,6.51));
#11289=CARTESIAN_POINT('',(952.162198644357,-325.976697489963,6.51));
#11290=CARTESIAN_POINT('',(958.060178200052,-317.2579451033,6.06));
#11291=CARTESIAN_POINT('',(958.060178200052,-317.2579451033,6.51));
#11292=CARTESIAN_POINT('',(958.157164528177,-317.11457400955,6.06));
#11293=CARTESIAN_POINT('Origin',(958.165598121927,-317.203126743925,6.51));
#11294=CARTESIAN_POINT('',(958.165598121927,-317.203126743925,6.51));
#11295=CARTESIAN_POINT('',(949.669874111994,-321.62090322909,6.51));
#11296=CARTESIAN_POINT('',(958.165598121927,-317.203126743925,6.06));
#11297=CARTESIAN_POINT('',(958.165598121927,-317.203126743925,6.51));
#11298=CARTESIAN_POINT('',(958.060178200052,-317.2579451033,6.06));
#11299=CARTESIAN_POINT('Ctrl Pts',(959.687861793802,-315.1158122908,6.51));
#11300=CARTESIAN_POINT('Ctrl Pts',(959.687861793802,-315.1158122908,6.06));
#11301=CARTESIAN_POINT('Ctrl Pts',(959.451721168802,-315.988689243925,6.51));
#11302=CARTESIAN_POINT('Ctrl Pts',(959.451721168802,-315.988689243925,6.06));
#11303=CARTESIAN_POINT('Ctrl Pts',(958.819201637552,-316.857349400175,6.51));
#11304=CARTESIAN_POINT('Ctrl Pts',(958.819201637552,-316.857349400175,6.06));
#11305=CARTESIAN_POINT('Ctrl Pts',(958.165598121927,-317.203126743925,6.51));
#11306=CARTESIAN_POINT('Ctrl Pts',(958.165598121927,-317.203126743925,6.06));
#11307=CARTESIAN_POINT('',(959.687861793802,-315.1158122908,6.51));
#11308=CARTESIAN_POINT('Ctrl Pts',(959.687861793802,-315.1158122908,6.51));
#11309=CARTESIAN_POINT('Ctrl Pts',(959.451721168802,-315.988689243925,6.51));
#11310=CARTESIAN_POINT('Ctrl Pts',(958.819201637552,-316.857349400175,6.51));
#11311=CARTESIAN_POINT('Ctrl Pts',(958.165598121927,-317.203126743925,6.51));
#11312=CARTESIAN_POINT('',(959.687861793802,-315.1158122908,6.06));
#11313=CARTESIAN_POINT('',(959.687861793802,-315.1158122908,6.51));
#11314=CARTESIAN_POINT('Ctrl Pts',(959.687861793802,-315.1158122908,6.06));
#11315=CARTESIAN_POINT('Ctrl Pts',(959.451721168802,-315.988689243925,6.06));
#11316=CARTESIAN_POINT('Ctrl Pts',(958.819201637552,-316.857349400175,6.06));
#11317=CARTESIAN_POINT('Ctrl Pts',(958.165598121927,-317.203126743925,6.06));
#11318=CARTESIAN_POINT('Ctrl Pts',(959.666777809427,-313.197169712675,6.51));
#11319=CARTESIAN_POINT('Ctrl Pts',(959.666777809427,-313.197169712675,6.06));
#11320=CARTESIAN_POINT('Ctrl Pts',(959.814365700052,-313.745353306425,6.51));
#11321=CARTESIAN_POINT('Ctrl Pts',(959.814365700052,-313.745353306425,6.06));
#11322=CARTESIAN_POINT('Ctrl Pts',(959.822799293802,-314.605579868925,6.51));
#11323=CARTESIAN_POINT('Ctrl Pts',(959.822799293802,-314.605579868925,6.06));
#11324=CARTESIAN_POINT('Ctrl Pts',(959.687861793802,-315.1158122908,6.51));
#11325=CARTESIAN_POINT('Ctrl Pts',(959.687861793802,-315.1158122908,6.06));
#11326=CARTESIAN_POINT('',(959.666777809427,-313.197169712675,6.51));
#11327=CARTESIAN_POINT('Ctrl Pts',(959.666777809427,-313.197169712675,6.51));
#11328=CARTESIAN_POINT('Ctrl Pts',(959.814365700052,-313.745353306425,6.51));
#11329=CARTESIAN_POINT('Ctrl Pts',(959.822799293802,-314.605579868925,6.51));
#11330=CARTESIAN_POINT('Ctrl Pts',(959.687861793802,-315.1158122908,6.51));
#11331=CARTESIAN_POINT('',(959.666777809427,-313.197169712675,6.06));
#11332=CARTESIAN_POINT('',(959.666777809427,-313.197169712675,6.51));
#11333=CARTESIAN_POINT('Ctrl Pts',(959.666777809427,-313.197169712675,6.06));
#11334=CARTESIAN_POINT('Ctrl Pts',(959.814365700052,-313.745353306425,6.06));
#11335=CARTESIAN_POINT('Ctrl Pts',(959.822799293802,-314.605579868925,6.06));
#11336=CARTESIAN_POINT('Ctrl Pts',(959.687861793802,-315.1158122908,6.06));
#11337=CARTESIAN_POINT('Ctrl Pts',(959.616176246927,-312.57730057205,6.51));
#11338=CARTESIAN_POINT('Ctrl Pts',(959.616176246927,-312.57730057205,6.06));
#11339=CARTESIAN_POINT('Ctrl Pts',(959.561357887552,-312.77970682205,6.51));
#11340=CARTESIAN_POINT('Ctrl Pts',(959.561357887552,-312.77970682205,6.06));
#11341=CARTESIAN_POINT('Ctrl Pts',(959.565574684427,-312.826091587675,6.51));
#11342=CARTESIAN_POINT('Ctrl Pts',(959.565574684427,-312.826091587675,6.06));
#11343=CARTESIAN_POINT('Ctrl Pts',(959.666777809427,-313.197169712675,6.51));
#11344=CARTESIAN_POINT('Ctrl Pts',(959.666777809427,-313.197169712675,6.06));
#11345=CARTESIAN_POINT('',(959.616176246927,-312.57730057205,6.51));
#11346=CARTESIAN_POINT('Ctrl Pts',(959.616176246927,-312.57730057205,6.51));
#11347=CARTESIAN_POINT('Ctrl Pts',(959.561357887552,-312.77970682205,6.51));
#11348=CARTESIAN_POINT('Ctrl Pts',(959.565574684427,-312.826091587675,6.51));
#11349=CARTESIAN_POINT('Ctrl Pts',(959.666777809427,-313.197169712675,6.51));
#11350=CARTESIAN_POINT('',(959.616176246927,-312.57730057205,6.06));
#11351=CARTESIAN_POINT('',(959.616176246927,-312.57730057205,6.51));
#11352=CARTESIAN_POINT('Ctrl Pts',(959.616176246927,-312.57730057205,6.06));
#11353=CARTESIAN_POINT('Ctrl Pts',(959.561357887552,-312.77970682205,6.06));
#11354=CARTESIAN_POINT('Ctrl Pts',(959.565574684427,-312.826091587675,6.06));
#11355=CARTESIAN_POINT('Ctrl Pts',(959.666777809427,-313.197169712675,6.06));
#11356=CARTESIAN_POINT('Ctrl Pts',(959.704728981302,-312.050200962675,6.51));
#11357=CARTESIAN_POINT('Ctrl Pts',(959.704728981302,-312.050200962675,6.06));
#11358=CARTESIAN_POINT('Ctrl Pts',(959.687861793802,-312.218872837675,6.51));
#11359=CARTESIAN_POINT('Ctrl Pts',(959.687861793802,-312.218872837675,6.06));
#11360=CARTESIAN_POINT('Ctrl Pts',(959.649910621927,-312.455013462675,6.51));
#11361=CARTESIAN_POINT('Ctrl Pts',(959.649910621927,-312.455013462675,6.06));
#11362=CARTESIAN_POINT('Ctrl Pts',(959.616176246927,-312.57730057205,6.51));
#11363=CARTESIAN_POINT('Ctrl Pts',(959.616176246927,-312.57730057205,6.06));
#11364=CARTESIAN_POINT('',(959.704728981302,-312.050200962675,6.51));
#11365=CARTESIAN_POINT('Ctrl Pts',(959.704728981302,-312.050200962675,6.51));
#11366=CARTESIAN_POINT('Ctrl Pts',(959.687861793802,-312.218872837675,6.51));
#11367=CARTESIAN_POINT('Ctrl Pts',(959.649910621927,-312.455013462675,6.51));
#11368=CARTESIAN_POINT('Ctrl Pts',(959.616176246927,-312.57730057205,6.51));
#11369=CARTESIAN_POINT('',(959.704728981302,-312.050200962675,6.06));
#11370=CARTESIAN_POINT('',(959.704728981302,-312.050200962675,6.51));
#11371=CARTESIAN_POINT('Ctrl Pts',(959.704728981302,-312.050200962675,6.06));
#11372=CARTESIAN_POINT('Ctrl Pts',(959.687861793802,-312.218872837675,6.06));
#11373=CARTESIAN_POINT('Ctrl Pts',(959.649910621927,-312.455013462675,6.06));
#11374=CARTESIAN_POINT('Ctrl Pts',(959.616176246927,-312.57730057205,6.06));
#11375=CARTESIAN_POINT('Origin',(959.734246559427,-311.746591587675,6.51));
#11376=CARTESIAN_POINT('',(959.734246559427,-311.746591587675,6.51));
#11377=CARTESIAN_POINT('',(958.591384389688,-323.501745333574,6.51));
#11378=CARTESIAN_POINT('',(959.734246559427,-311.746591587675,6.06));
#11379=CARTESIAN_POINT('',(959.734246559427,-311.746591587675,6.51));
#11380=CARTESIAN_POINT('',(959.704728981302,-312.050200962675,6.06));
#11381=CARTESIAN_POINT('Origin',(959.818582496927,-311.85201150955,6.51));
#11382=CARTESIAN_POINT('',(959.818582496927,-311.85201150955,6.51));
#11383=CARTESIAN_POINT('',(962.418442078031,-315.10183598593,6.51));
#11384=CARTESIAN_POINT('',(959.818582496927,-311.85201150955,6.06));
#11385=CARTESIAN_POINT('',(959.818582496927,-311.85201150955,6.51));
#11386=CARTESIAN_POINT('',(959.734246559427,-311.746591587675,6.06));
#11387=CARTESIAN_POINT('Ctrl Pts',(960.257129371927,-312.8893435408,6.51));
#11388=CARTESIAN_POINT('Ctrl Pts',(960.257129371927,-312.8893435408,6.06));
#11389=CARTESIAN_POINT('Ctrl Pts',(960.134842262552,-312.44236307205,6.51));
#11390=CARTESIAN_POINT('Ctrl Pts',(960.134842262552,-312.44236307205,6.06));
#11391=CARTESIAN_POINT('Ctrl Pts',(959.953519996927,-312.0122497908,6.51));
#11392=CARTESIAN_POINT('Ctrl Pts',(959.953519996927,-312.0122497908,6.06));
#11393=CARTESIAN_POINT('Ctrl Pts',(959.818582496927,-311.85201150955,6.51));
#11394=CARTESIAN_POINT('Ctrl Pts',(959.818582496927,-311.85201150955,6.06));
#11395=CARTESIAN_POINT('',(960.257129371927,-312.8893435408,6.51));
#11396=CARTESIAN_POINT('Ctrl Pts',(960.257129371927,-312.8893435408,6.51));
#11397=CARTESIAN_POINT('Ctrl Pts',(960.134842262552,-312.44236307205,6.51));
#11398=CARTESIAN_POINT('Ctrl Pts',(959.953519996927,-312.0122497908,6.51));
#11399=CARTESIAN_POINT('Ctrl Pts',(959.818582496927,-311.85201150955,6.51));
#11400=CARTESIAN_POINT('',(960.257129371927,-312.8893435408,6.06));
#11401=CARTESIAN_POINT('',(960.257129371927,-312.8893435408,6.51));
#11402=CARTESIAN_POINT('Ctrl Pts',(960.257129371927,-312.8893435408,6.06));
#11403=CARTESIAN_POINT('Ctrl Pts',(960.134842262552,-312.44236307205,6.06));
#11404=CARTESIAN_POINT('Ctrl Pts',(959.953519996927,-312.0122497908,6.06));
#11405=CARTESIAN_POINT('Ctrl Pts',(959.818582496927,-311.85201150955,6.06));
#11406=CARTESIAN_POINT('Ctrl Pts',(960.370982887552,-313.998361118925,6.51));
#11407=CARTESIAN_POINT('Ctrl Pts',(960.370982887552,-313.998361118925,6.06));
#11408=CARTESIAN_POINT('Ctrl Pts',(960.366766090677,-313.374275181425,6.51));
#11409=CARTESIAN_POINT('Ctrl Pts',(960.366766090677,-313.374275181425,6.06));
#11410=CARTESIAN_POINT('Ctrl Pts',(960.358332496927,-313.2604216658,6.51));
#11411=CARTESIAN_POINT('Ctrl Pts',(960.358332496927,-313.2604216658,6.06));
#11412=CARTESIAN_POINT('Ctrl Pts',(960.257129371927,-312.8893435408,6.51));
#11413=CARTESIAN_POINT('Ctrl Pts',(960.257129371927,-312.8893435408,6.06));
#11414=CARTESIAN_POINT('',(960.370982887552,-313.998361118925,6.51));
#11415=CARTESIAN_POINT('Ctrl Pts',(960.370982887552,-313.998361118925,6.51));
#11416=CARTESIAN_POINT('Ctrl Pts',(960.366766090677,-313.374275181425,6.51));
#11417=CARTESIAN_POINT('Ctrl Pts',(960.358332496927,-313.2604216658,6.51));
#11418=CARTESIAN_POINT('Ctrl Pts',(960.257129371927,-312.8893435408,6.51));
#11419=CARTESIAN_POINT('',(960.370982887552,-313.998361118925,6.06));
#11420=CARTESIAN_POINT('',(960.370982887552,-313.998361118925,6.51));
#11421=CARTESIAN_POINT('Ctrl Pts',(960.370982887552,-313.998361118925,6.06));
#11422=CARTESIAN_POINT('Ctrl Pts',(960.366766090677,-313.374275181425,6.06));
#11423=CARTESIAN_POINT('Ctrl Pts',(960.358332496927,-313.2604216658,6.06));
#11424=CARTESIAN_POINT('Ctrl Pts',(960.257129371927,-312.8893435408,6.06));
#11425=CARTESIAN_POINT('Ctrl Pts',(960.164359840677,-315.41098807205,6.51));
#11426=CARTESIAN_POINT('Ctrl Pts',(960.164359840677,-315.41098807205,6.06));
#11427=CARTESIAN_POINT('Ctrl Pts',(960.341465309427,-314.883888462675,6.51));
#11428=CARTESIAN_POINT('Ctrl Pts',(960.341465309427,-314.883888462675,6.06));
#11429=CARTESIAN_POINT('Ctrl Pts',(960.370982887552,-314.681482212675,6.51));
#11430=CARTESIAN_POINT('Ctrl Pts',(960.370982887552,-314.681482212675,6.06));
#11431=CARTESIAN_POINT('Ctrl Pts',(960.370982887552,-313.998361118925,6.51));
#11432=CARTESIAN_POINT('Ctrl Pts',(960.370982887552,-313.998361118925,6.06));
#11433=CARTESIAN_POINT('',(960.164359840677,-315.41098807205,6.51));
#11434=CARTESIAN_POINT('Ctrl Pts',(960.164359840677,-315.41098807205,6.51));
#11435=CARTESIAN_POINT('Ctrl Pts',(960.341465309427,-314.883888462675,6.51));
#11436=CARTESIAN_POINT('Ctrl Pts',(960.370982887552,-314.681482212675,6.51));
#11437=CARTESIAN_POINT('Ctrl Pts',(960.370982887552,-313.998361118925,6.51));
#11438=CARTESIAN_POINT('',(960.164359840677,-315.41098807205,6.06));
#11439=CARTESIAN_POINT('',(960.164359840677,-315.41098807205,6.51));
#11440=CARTESIAN_POINT('Ctrl Pts',(960.164359840677,-315.41098807205,6.06));
#11441=CARTESIAN_POINT('Ctrl Pts',(960.341465309427,-314.883888462675,6.06));
#11442=CARTESIAN_POINT('Ctrl Pts',(960.370982887552,-314.681482212675,6.06));
#11443=CARTESIAN_POINT('Ctrl Pts',(960.370982887552,-313.998361118925,6.06));
#11444=CARTESIAN_POINT('Ctrl Pts',(960.733627418802,-314.7616013533,6.51));
#11445=CARTESIAN_POINT('Ctrl Pts',(960.733627418802,-314.7616013533,6.06));
#11446=CARTESIAN_POINT('Ctrl Pts',(960.560738746927,-315.052560337675,6.51));
#11447=CARTESIAN_POINT('Ctrl Pts',(960.560738746927,-315.052560337675,6.06));
#11448=CARTESIAN_POINT('Ctrl Pts',(960.113758278177,-315.56279275955,6.51));
#11449=CARTESIAN_POINT('Ctrl Pts',(960.113758278177,-315.56279275955,6.06));
#11450=CARTESIAN_POINT('Ctrl Pts',(960.164359840677,-315.41098807205,6.51));
#11451=CARTESIAN_POINT('Ctrl Pts',(960.164359840677,-315.41098807205,6.06));
#11452=CARTESIAN_POINT('',(960.733627418802,-314.7616013533,6.51));
#11453=CARTESIAN_POINT('Ctrl Pts',(960.733627418802,-314.7616013533,6.51));
#11454=CARTESIAN_POINT('Ctrl Pts',(960.560738746927,-315.052560337675,6.51));
#11455=CARTESIAN_POINT('Ctrl Pts',(960.113758278177,-315.56279275955,6.51));
#11456=CARTESIAN_POINT('Ctrl Pts',(960.164359840677,-315.41098807205,6.51));
#11457=CARTESIAN_POINT('',(960.733627418802,-314.7616013533,6.06));
#11458=CARTESIAN_POINT('',(960.733627418802,-314.7616013533,6.51));
#11459=CARTESIAN_POINT('Ctrl Pts',(960.733627418802,-314.7616013533,6.06));
#11460=CARTESIAN_POINT('Ctrl Pts',(960.560738746927,-315.052560337675,6.06));
#11461=CARTESIAN_POINT('Ctrl Pts',(960.113758278177,-315.56279275955,6.06));
#11462=CARTESIAN_POINT('Ctrl Pts',(960.164359840677,-315.41098807205,6.06));
#11463=CARTESIAN_POINT('Ctrl Pts',(960.590256325052,-310.017704868925,6.51));
#11464=CARTESIAN_POINT('Ctrl Pts',(960.590256325052,-310.017704868925,6.06));
#11465=CARTESIAN_POINT('Ctrl Pts',(961.564336403177,-311.48093338455,6.51));
#11466=CARTESIAN_POINT('Ctrl Pts',(961.564336403177,-311.48093338455,6.06));
#11467=CARTESIAN_POINT('Ctrl Pts',(961.619154762552,-313.273072056425,6.51));
#11468=CARTESIAN_POINT('Ctrl Pts',(961.619154762552,-313.273072056425,6.06));
#11469=CARTESIAN_POINT('Ctrl Pts',(960.733627418802,-314.7616013533,6.51));
#11470=CARTESIAN_POINT('Ctrl Pts',(960.733627418802,-314.7616013533,6.06));
#11471=CARTESIAN_POINT('',(960.590256325052,-310.017704868925,6.51));
#11472=CARTESIAN_POINT('Ctrl Pts',(960.590256325052,-310.017704868925,6.51));
#11473=CARTESIAN_POINT('Ctrl Pts',(961.564336403177,-311.48093338455,6.51));
#11474=CARTESIAN_POINT('Ctrl Pts',(961.619154762552,-313.273072056425,6.51));
#11475=CARTESIAN_POINT('Ctrl Pts',(960.733627418802,-314.7616013533,6.51));
#11476=CARTESIAN_POINT('',(960.590256325052,-310.017704868925,6.06));
#11477=CARTESIAN_POINT('',(960.590256325052,-310.017704868925,6.51));
#11478=CARTESIAN_POINT('Ctrl Pts',(960.590256325052,-310.017704868925,6.06));
#11479=CARTESIAN_POINT('Ctrl Pts',(961.564336403177,-311.48093338455,6.06));
#11480=CARTESIAN_POINT('Ctrl Pts',(961.619154762552,-313.273072056425,6.06));
#11481=CARTESIAN_POINT('Ctrl Pts',(960.733627418802,-314.7616013533,6.06));
#11482=CARTESIAN_POINT('Ctrl Pts',(959.675211403177,-309.039407993925,6.51));
#11483=CARTESIAN_POINT('Ctrl Pts',(959.675211403177,-309.039407993925,6.06));
#11484=CARTESIAN_POINT('Ctrl Pts',(959.953519996927,-309.233380650175,6.51));
#11485=CARTESIAN_POINT('Ctrl Pts',(959.953519996927,-309.233380650175,6.06));
#11486=CARTESIAN_POINT('Ctrl Pts',(960.349898903177,-309.655060337675,6.51));
#11487=CARTESIAN_POINT('Ctrl Pts',(960.349898903177,-309.655060337675,6.06));
#11488=CARTESIAN_POINT('Ctrl Pts',(960.590256325052,-310.017704868925,6.51));
#11489=CARTESIAN_POINT('Ctrl Pts',(960.590256325052,-310.017704868925,6.06));
#11490=CARTESIAN_POINT('',(959.675211403177,-309.039407993925,6.51));
#11491=CARTESIAN_POINT('Ctrl Pts',(959.675211403177,-309.039407993925,6.51));
#11492=CARTESIAN_POINT('Ctrl Pts',(959.953519996927,-309.233380650175,6.51));
#11493=CARTESIAN_POINT('Ctrl Pts',(960.349898903177,-309.655060337675,6.51));
#11494=CARTESIAN_POINT('Ctrl Pts',(960.590256325052,-310.017704868925,6.51));
#11495=CARTESIAN_POINT('',(959.675211403177,-309.039407993925,6.06));
#11496=CARTESIAN_POINT('',(959.675211403177,-309.039407993925,6.51));
#11497=CARTESIAN_POINT('Ctrl Pts',(959.675211403177,-309.039407993925,6.06));
#11498=CARTESIAN_POINT('Ctrl Pts',(959.953519996927,-309.233380650175,6.06));
#11499=CARTESIAN_POINT('Ctrl Pts',(960.349898903177,-309.655060337675,6.06));
#11500=CARTESIAN_POINT('Ctrl Pts',(960.590256325052,-310.017704868925,6.06));
#11501=CARTESIAN_POINT('Ctrl Pts',(959.498105934427,-308.9424216658,6.51));
#11502=CARTESIAN_POINT('Ctrl Pts',(959.498105934427,-308.9424216658,6.06));
#11503=CARTESIAN_POINT('Ctrl Pts',(959.506539528177,-308.93398807205,6.51));
#11504=CARTESIAN_POINT('Ctrl Pts',(959.506539528177,-308.93398807205,6.06));
#11505=CARTESIAN_POINT('Ctrl Pts',(959.582441871927,-308.9761560408,6.51));
#11506=CARTESIAN_POINT('Ctrl Pts',(959.582441871927,-308.9761560408,6.06));
#11507=CARTESIAN_POINT('Ctrl Pts',(959.675211403177,-309.039407993925,6.51));
#11508=CARTESIAN_POINT('Ctrl Pts',(959.675211403177,-309.039407993925,6.06));
#11509=CARTESIAN_POINT('',(959.498105934427,-308.9424216658,6.51));
#11510=CARTESIAN_POINT('Ctrl Pts',(959.498105934427,-308.9424216658,6.51));
#11511=CARTESIAN_POINT('Ctrl Pts',(959.506539528177,-308.93398807205,6.51));
#11512=CARTESIAN_POINT('Ctrl Pts',(959.582441871927,-308.9761560408,6.51));
#11513=CARTESIAN_POINT('Ctrl Pts',(959.675211403177,-309.039407993925,6.51));
#11514=CARTESIAN_POINT('',(959.498105934427,-308.9424216658,6.06));
#11515=CARTESIAN_POINT('',(959.498105934427,-308.9424216658,6.51));
#11516=CARTESIAN_POINT('Ctrl Pts',(959.498105934427,-308.9424216658,6.06));
#11517=CARTESIAN_POINT('Ctrl Pts',(959.506539528177,-308.93398807205,6.06));
#11518=CARTESIAN_POINT('Ctrl Pts',(959.582441871927,-308.9761560408,6.06));
#11519=CARTESIAN_POINT('Ctrl Pts',(959.675211403177,-309.039407993925,6.06));
#11520=CARTESIAN_POINT('Ctrl Pts',(959.363168434427,-309.2122966658,6.51));
#11521=CARTESIAN_POINT('Ctrl Pts',(959.363168434427,-309.2122966658,6.06));
#11522=CARTESIAN_POINT('Ctrl Pts',(959.434853981302,-309.073142368925,6.51));
#11523=CARTESIAN_POINT('Ctrl Pts',(959.434853981302,-309.073142368925,6.06));
#11524=CARTESIAN_POINT('Ctrl Pts',(959.493889137552,-308.95085525955,6.51));
#11525=CARTESIAN_POINT('Ctrl Pts',(959.493889137552,-308.95085525955,6.06));
#11526=CARTESIAN_POINT('Ctrl Pts',(959.498105934427,-308.9424216658,6.51));
#11527=CARTESIAN_POINT('Ctrl Pts',(959.498105934427,-308.9424216658,6.06));
#11528=CARTESIAN_POINT('',(959.363168434427,-309.2122966658,6.51));
#11529=CARTESIAN_POINT('Ctrl Pts',(959.363168434427,-309.2122966658,6.51));
#11530=CARTESIAN_POINT('Ctrl Pts',(959.434853981302,-309.073142368925,6.51));
#11531=CARTESIAN_POINT('Ctrl Pts',(959.493889137552,-308.95085525955,6.51));
#11532=CARTESIAN_POINT('Ctrl Pts',(959.498105934427,-308.9424216658,6.51));
#11533=CARTESIAN_POINT('',(959.363168434427,-309.2122966658,6.06));
#11534=CARTESIAN_POINT('',(959.363168434427,-309.2122966658,6.51));
#11535=CARTESIAN_POINT('Ctrl Pts',(959.363168434427,-309.2122966658,6.06));
#11536=CARTESIAN_POINT('Ctrl Pts',(959.434853981302,-309.073142368925,6.06));
#11537=CARTESIAN_POINT('Ctrl Pts',(959.493889137552,-308.95085525955,6.06));
#11538=CARTESIAN_POINT('Ctrl Pts',(959.498105934427,-308.9424216658,6.06));
#11539=CARTESIAN_POINT('Ctrl Pts',(958.911971168802,-309.79421463455,6.51));
#11540=CARTESIAN_POINT('Ctrl Pts',(958.911971168802,-309.79421463455,6.06));
#11541=CARTESIAN_POINT('Ctrl Pts',(959.114377418802,-309.59180838455,6.51));
#11542=CARTESIAN_POINT('Ctrl Pts',(959.114377418802,-309.59180838455,6.06));
#11543=CARTESIAN_POINT('Ctrl Pts',(959.287266090677,-309.368318150175,6.51));
#11544=CARTESIAN_POINT('Ctrl Pts',(959.287266090677,-309.368318150175,6.06));
#11545=CARTESIAN_POINT('Ctrl Pts',(959.363168434427,-309.2122966658,6.51));
#11546=CARTESIAN_POINT('Ctrl Pts',(959.363168434427,-309.2122966658,6.06));
#11547=CARTESIAN_POINT('',(958.911971168802,-309.79421463455,6.51));
#11548=CARTESIAN_POINT('Ctrl Pts',(958.911971168802,-309.79421463455,6.51));
#11549=CARTESIAN_POINT('Ctrl Pts',(959.114377418802,-309.59180838455,6.51));
#11550=CARTESIAN_POINT('Ctrl Pts',(959.287266090677,-309.368318150175,6.51));
#11551=CARTESIAN_POINT('Ctrl Pts',(959.363168434427,-309.2122966658,6.51));
#11552=CARTESIAN_POINT('',(958.911971168802,-309.79421463455,6.06));
#11553=CARTESIAN_POINT('',(958.911971168802,-309.79421463455,6.51));
#11554=CARTESIAN_POINT('Ctrl Pts',(958.911971168802,-309.79421463455,6.06));
#11555=CARTESIAN_POINT('Ctrl Pts',(959.114377418802,-309.59180838455,6.06));
#11556=CARTESIAN_POINT('Ctrl Pts',(959.287266090677,-309.368318150175,6.06));
#11557=CARTESIAN_POINT('Ctrl Pts',(959.363168434427,-309.2122966658,6.06));
#11558=CARTESIAN_POINT('Origin',(958.587277809427,-310.1231247908,6.51));
#11559=CARTESIAN_POINT('',(958.587277809427,-310.1231247908,6.51));
#11560=CARTESIAN_POINT('',(949.333174214663,-319.49741154913,6.51));
#11561=CARTESIAN_POINT('',(958.587277809427,-310.1231247908,6.06));
#11562=CARTESIAN_POINT('',(958.587277809427,-310.1231247908,6.51));
#11563=CARTESIAN_POINT('',(958.911971168802,-309.79421463455,6.06));
#11564=CARTESIAN_POINT('Origin',(958.646312965677,-310.363482212675,6.51));
#11565=CARTESIAN_POINT('',(958.646312965677,-310.363482212675,6.51));
#11566=CARTESIAN_POINT('',(961.015245885342,-320.008423385585,6.51));
#11567=CARTESIAN_POINT('',(958.646312965677,-310.363482212675,6.06));
#11568=CARTESIAN_POINT('',(958.646312965677,-310.363482212675,6.51));
#11569=CARTESIAN_POINT('',(958.587277809427,-310.1231247908,6.06));
#11570=CARTESIAN_POINT('Ctrl Pts',(958.384871559427,-312.1977888533,6.51));
#11571=CARTESIAN_POINT('Ctrl Pts',(958.384871559427,-312.1977888533,6.06));
#11572=CARTESIAN_POINT('Ctrl Pts',(958.684264137552,-311.620087681425,6.51));
#11573=CARTESIAN_POINT('Ctrl Pts',(958.684264137552,-311.620087681425,6.06));
#11574=CARTESIAN_POINT('Ctrl Pts',(958.789684059427,-310.8990154158,6.51));
#11575=CARTESIAN_POINT('Ctrl Pts',(958.789684059427,-310.8990154158,6.06));
#11576=CARTESIAN_POINT('Ctrl Pts',(958.646312965677,-310.363482212675,6.51));
#11577=CARTESIAN_POINT('Ctrl Pts',(958.646312965677,-310.363482212675,6.06));
#11578=CARTESIAN_POINT('',(958.384871559427,-312.1977888533,6.51));
#11579=CARTESIAN_POINT('Ctrl Pts',(958.384871559427,-312.1977888533,6.51));
#11580=CARTESIAN_POINT('Ctrl Pts',(958.684264137552,-311.620087681425,6.51));
#11581=CARTESIAN_POINT('Ctrl Pts',(958.789684059427,-310.8990154158,6.51));
#11582=CARTESIAN_POINT('Ctrl Pts',(958.646312965677,-310.363482212675,6.51));
#11583=CARTESIAN_POINT('',(958.384871559427,-312.1977888533,6.06));
#11584=CARTESIAN_POINT('',(958.384871559427,-312.1977888533,6.51));
#11585=CARTESIAN_POINT('Ctrl Pts',(958.384871559427,-312.1977888533,6.06));
#11586=CARTESIAN_POINT('Ctrl Pts',(958.684264137552,-311.620087681425,6.06));
#11587=CARTESIAN_POINT('Ctrl Pts',(958.789684059427,-310.8990154158,6.06));
#11588=CARTESIAN_POINT('Ctrl Pts',(958.646312965677,-310.363482212675,6.06));
#11589=CARTESIAN_POINT('Ctrl Pts',(957.866205543802,-312.868259556425,6.51));
#11590=CARTESIAN_POINT('Ctrl Pts',(957.866205543802,-312.868259556425,6.06));
#11591=CARTESIAN_POINT('Ctrl Pts',(958.123430153177,-312.606818150175,6.51));
#11592=CARTESIAN_POINT('Ctrl Pts',(958.123430153177,-312.606818150175,6.06));
#11593=CARTESIAN_POINT('Ctrl Pts',(958.275234840677,-312.412845493925,6.51));
#11594=CARTESIAN_POINT('Ctrl Pts',(958.275234840677,-312.412845493925,6.06));
#11595=CARTESIAN_POINT('Ctrl Pts',(958.384871559427,-312.1977888533,6.51));
#11596=CARTESIAN_POINT('Ctrl Pts',(958.384871559427,-312.1977888533,6.06));
#11597=CARTESIAN_POINT('',(957.866205543802,-312.868259556425,6.51));
#11598=CARTESIAN_POINT('Ctrl Pts',(957.866205543802,-312.868259556425,6.51));
#11599=CARTESIAN_POINT('Ctrl Pts',(958.123430153177,-312.606818150175,6.51));
#11600=CARTESIAN_POINT('Ctrl Pts',(958.275234840677,-312.412845493925,6.51));
#11601=CARTESIAN_POINT('Ctrl Pts',(958.384871559427,-312.1977888533,6.51));
#11602=CARTESIAN_POINT('',(957.866205543802,-312.868259556425,6.06));
#11603=CARTESIAN_POINT('',(957.866205543802,-312.868259556425,6.51));
#11604=CARTESIAN_POINT('Ctrl Pts',(957.866205543802,-312.868259556425,6.06));
#11605=CARTESIAN_POINT('Ctrl Pts',(958.123430153177,-312.606818150175,6.06));
#11606=CARTESIAN_POINT('Ctrl Pts',(958.275234840677,-312.412845493925,6.06));
#11607=CARTESIAN_POINT('Ctrl Pts',(958.384871559427,-312.1977888533,6.06));
#11608=CARTESIAN_POINT('Ctrl Pts',(957.102965309427,-313.42065994705,6.51));
#11609=CARTESIAN_POINT('Ctrl Pts',(957.102965309427,-313.42065994705,6.06));
#11610=CARTESIAN_POINT('Ctrl Pts',(957.436092262552,-313.2604216658,6.51));
#11611=CARTESIAN_POINT('Ctrl Pts',(957.436092262552,-313.2604216658,6.06));
#11612=CARTESIAN_POINT('Ctrl Pts',(957.558379371927,-313.171868931425,6.51));
#11613=CARTESIAN_POINT('Ctrl Pts',(957.558379371927,-313.171868931425,6.06));
#11614=CARTESIAN_POINT('Ctrl Pts',(957.866205543802,-312.868259556425,6.51));
#11615=CARTESIAN_POINT('Ctrl Pts',(957.866205543802,-312.868259556425,6.06));
#11616=CARTESIAN_POINT('',(957.102965309427,-313.42065994705,6.51));
#11617=CARTESIAN_POINT('Ctrl Pts',(957.102965309427,-313.42065994705,6.51));
#11618=CARTESIAN_POINT('Ctrl Pts',(957.436092262552,-313.2604216658,6.51));
#11619=CARTESIAN_POINT('Ctrl Pts',(957.558379371927,-313.171868931425,6.51));
#11620=CARTESIAN_POINT('Ctrl Pts',(957.866205543802,-312.868259556425,6.51));
#11621=CARTESIAN_POINT('',(957.102965309427,-313.42065994705,6.06));
#11622=CARTESIAN_POINT('',(957.102965309427,-313.42065994705,6.51));
#11623=CARTESIAN_POINT('Ctrl Pts',(957.102965309427,-313.42065994705,6.06));
#11624=CARTESIAN_POINT('Ctrl Pts',(957.436092262552,-313.2604216658,6.06));
#11625=CARTESIAN_POINT('Ctrl Pts',(957.558379371927,-313.171868931425,6.06));
#11626=CARTESIAN_POINT('Ctrl Pts',(957.866205543802,-312.868259556425,6.06));
#11627=CARTESIAN_POINT('Ctrl Pts',(955.078902809427,-313.104400181425,6.51));
#11628=CARTESIAN_POINT('Ctrl Pts',(955.078902809427,-313.104400181425,6.06));
#11629=CARTESIAN_POINT('Ctrl Pts',(955.256008278177,-313.770654087675,6.51));
#11630=CARTESIAN_POINT('Ctrl Pts',(955.256008278177,-313.770654087675,6.06));
#11631=CARTESIAN_POINT('Ctrl Pts',(956.103584450052,-313.9013747908,6.51));
#11632=CARTESIAN_POINT('Ctrl Pts',(956.103584450052,-313.9013747908,6.06));
#11633=CARTESIAN_POINT('Ctrl Pts',(957.102965309427,-313.42065994705,6.51));
#11634=CARTESIAN_POINT('Ctrl Pts',(957.102965309427,-313.42065994705,6.06));
#11635=CARTESIAN_POINT('',(955.078902809427,-313.104400181425,6.51));
#11636=CARTESIAN_POINT('Ctrl Pts',(955.078902809427,-313.104400181425,6.51));
#11637=CARTESIAN_POINT('Ctrl Pts',(955.256008278177,-313.770654087675,6.51));
#11638=CARTESIAN_POINT('Ctrl Pts',(956.103584450052,-313.9013747908,6.51));
#11639=CARTESIAN_POINT('Ctrl Pts',(957.102965309427,-313.42065994705,6.51));
#11640=CARTESIAN_POINT('',(955.078902809427,-313.104400181425,6.06));
#11641=CARTESIAN_POINT('',(955.078902809427,-313.104400181425,6.51));
#11642=CARTESIAN_POINT('Ctrl Pts',(955.078902809427,-313.104400181425,6.06));
#11643=CARTESIAN_POINT('Ctrl Pts',(955.256008278177,-313.770654087675,6.06));
#11644=CARTESIAN_POINT('Ctrl Pts',(956.103584450052,-313.9013747908,6.06));
#11645=CARTESIAN_POINT('Ctrl Pts',(957.102965309427,-313.42065994705,6.06));
#11646=CARTESIAN_POINT('Ctrl Pts',(956.879475075052,-311.00865213455,6.51));
#11647=CARTESIAN_POINT('Ctrl Pts',(956.879475075052,-311.00865213455,6.06));
#11648=CARTESIAN_POINT('Ctrl Pts',(955.783107887552,-311.367079868925,6.51));
#11649=CARTESIAN_POINT('Ctrl Pts',(955.783107887552,-311.367079868925,6.06));
#11650=CARTESIAN_POINT('Ctrl Pts',(954.889146950052,-312.404411900175,6.51));
#11651=CARTESIAN_POINT('Ctrl Pts',(954.889146950052,-312.404411900175,6.06));
#11652=CARTESIAN_POINT('Ctrl Pts',(955.078902809427,-313.104400181425,6.51));
#11653=CARTESIAN_POINT('Ctrl Pts',(955.078902809427,-313.104400181425,6.06));
#11654=CARTESIAN_POINT('',(956.879475075052,-311.00865213455,6.51));
#11655=CARTESIAN_POINT('Ctrl Pts',(956.879475075052,-311.00865213455,6.51));
#11656=CARTESIAN_POINT('Ctrl Pts',(955.783107887552,-311.367079868925,6.51));
#11657=CARTESIAN_POINT('Ctrl Pts',(954.889146950052,-312.404411900175,6.51));
#11658=CARTESIAN_POINT('Ctrl Pts',(955.078902809427,-313.104400181425,6.51));
#11659=CARTESIAN_POINT('',(956.879475075052,-311.00865213455,6.06));
#11660=CARTESIAN_POINT('',(956.879475075052,-311.00865213455,6.51));
#11661=CARTESIAN_POINT('Ctrl Pts',(956.879475075052,-311.00865213455,6.06));
#11662=CARTESIAN_POINT('Ctrl Pts',(955.783107887552,-311.367079868925,6.06));
#11663=CARTESIAN_POINT('Ctrl Pts',(954.889146950052,-312.404411900175,6.06));
#11664=CARTESIAN_POINT('Ctrl Pts',(955.078902809427,-313.104400181425,6.06));
#11665=CARTESIAN_POINT('Origin',(957.246336403177,-310.89058182205,6.51));
#11666=CARTESIAN_POINT('',(957.246336403177,-310.89058182205,6.51));
#11667=CARTESIAN_POINT('',(948.47773647152,-313.712659960974,6.51));
#11668=CARTESIAN_POINT('',(957.246336403177,-310.89058182205,6.06));
#11669=CARTESIAN_POINT('',(957.246336403177,-310.89058182205,6.51));
#11670=CARTESIAN_POINT('',(956.879475075052,-311.00865213455,6.06));
#11671=CARTESIAN_POINT('Origin',(957.081881325052,-310.8652810408,6.51));
#11672=CARTESIAN_POINT('',(957.081881325052,-310.8652810408,6.51));
#11673=CARTESIAN_POINT('',(953.099197799079,-310.252560498343,6.51));
#11674=CARTESIAN_POINT('',(957.081881325052,-310.8652810408,6.06));
#11675=CARTESIAN_POINT('',(957.081881325052,-310.8652810408,6.51));
#11676=CARTESIAN_POINT('',(957.246336403177,-310.89058182205,6.06));
#11677=CARTESIAN_POINT('Ctrl Pts',(955.209623512552,-311.2026247908,6.51));
#11678=CARTESIAN_POINT('Ctrl Pts',(955.209623512552,-311.2026247908,6.06));
#11679=CARTESIAN_POINT('Ctrl Pts',(955.842143043802,-310.894798618925,6.51));
#11680=CARTESIAN_POINT('Ctrl Pts',(955.842143043802,-310.894798618925,6.06));
#11681=CARTESIAN_POINT('Ctrl Pts',(956.525264137552,-310.77251150955,6.51));
#11682=CARTESIAN_POINT('Ctrl Pts',(956.525264137552,-310.77251150955,6.06));
#11683=CARTESIAN_POINT('Ctrl Pts',(957.081881325052,-310.8652810408,6.51));
#11684=CARTESIAN_POINT('Ctrl Pts',(957.081881325052,-310.8652810408,6.06));
#11685=CARTESIAN_POINT('',(955.209623512552,-311.2026247908,6.51));
#11686=CARTESIAN_POINT('Ctrl Pts',(955.209623512552,-311.2026247908,6.51));
#11687=CARTESIAN_POINT('Ctrl Pts',(955.842143043802,-310.894798618925,6.51));
#11688=CARTESIAN_POINT('Ctrl Pts',(956.525264137552,-310.77251150955,6.51));
#11689=CARTESIAN_POINT('Ctrl Pts',(957.081881325052,-310.8652810408,6.51));
#11690=CARTESIAN_POINT('',(955.209623512552,-311.2026247908,6.06));
#11691=CARTESIAN_POINT('',(955.209623512552,-311.2026247908,6.51));
#11692=CARTESIAN_POINT('Ctrl Pts',(955.209623512552,-311.2026247908,6.06));
#11693=CARTESIAN_POINT('Ctrl Pts',(955.842143043802,-310.894798618925,6.06));
#11694=CARTESIAN_POINT('Ctrl Pts',(956.525264137552,-310.77251150955,6.06));
#11695=CARTESIAN_POINT('Ctrl Pts',(957.081881325052,-310.8652810408,6.06));
#11696=CARTESIAN_POINT('Ctrl Pts',(954.475900856302,-311.7255076033,6.51));
#11697=CARTESIAN_POINT('Ctrl Pts',(954.475900856302,-311.7255076033,6.06));
#11698=CARTESIAN_POINT('Ctrl Pts',(954.745775856302,-311.459849400175,6.51));
#11699=CARTESIAN_POINT('Ctrl Pts',(954.745775856302,-311.459849400175,6.06));
#11700=CARTESIAN_POINT('Ctrl Pts',(954.889146950052,-311.3544294783,6.51));
#11701=CARTESIAN_POINT('Ctrl Pts',(954.889146950052,-311.3544294783,6.06));
#11702=CARTESIAN_POINT('Ctrl Pts',(955.209623512552,-311.2026247908,6.51));
#11703=CARTESIAN_POINT('Ctrl Pts',(955.209623512552,-311.2026247908,6.06));
#11704=CARTESIAN_POINT('',(954.475900856302,-311.7255076033,6.51));
#11705=CARTESIAN_POINT('Ctrl Pts',(954.475900856302,-311.7255076033,6.51));
#11706=CARTESIAN_POINT('Ctrl Pts',(954.745775856302,-311.459849400175,6.51));
#11707=CARTESIAN_POINT('Ctrl Pts',(954.889146950052,-311.3544294783,6.51));
#11708=CARTESIAN_POINT('Ctrl Pts',(955.209623512552,-311.2026247908,6.51));
#11709=CARTESIAN_POINT('',(954.475900856302,-311.7255076033,6.06));
#11710=CARTESIAN_POINT('',(954.475900856302,-311.7255076033,6.51));
#11711=CARTESIAN_POINT('Ctrl Pts',(954.475900856302,-311.7255076033,6.06));
#11712=CARTESIAN_POINT('Ctrl Pts',(954.745775856302,-311.459849400175,6.06));
#11713=CARTESIAN_POINT('Ctrl Pts',(954.889146950052,-311.3544294783,6.06));
#11714=CARTESIAN_POINT('Ctrl Pts',(955.209623512552,-311.2026247908,6.06));
#11715=CARTESIAN_POINT('Ctrl Pts',(953.961451637552,-311.738157993925,6.51));
#11716=CARTESIAN_POINT('Ctrl Pts',(953.961451637552,-311.738157993925,6.06));
#11717=CARTESIAN_POINT('Ctrl Pts',(954.066871559427,-312.100802525175,6.51));
#11718=CARTESIAN_POINT('Ctrl Pts',(954.066871559427,-312.100802525175,6.06));
#11719=CARTESIAN_POINT('Ctrl Pts',(954.092172340677,-312.100802525175,6.51));
#11720=CARTESIAN_POINT('Ctrl Pts',(954.092172340677,-312.100802525175,6.06));
#11721=CARTESIAN_POINT('Ctrl Pts',(954.475900856302,-311.7255076033,6.51));
#11722=CARTESIAN_POINT('Ctrl Pts',(954.475900856302,-311.7255076033,6.06));
#11723=CARTESIAN_POINT('',(953.961451637552,-311.738157993925,6.51));
#11724=CARTESIAN_POINT('Ctrl Pts',(953.961451637552,-311.738157993925,6.51));
#11725=CARTESIAN_POINT('Ctrl Pts',(954.066871559427,-312.100802525175,6.51));
#11726=CARTESIAN_POINT('Ctrl Pts',(954.092172340677,-312.100802525175,6.51));
#11727=CARTESIAN_POINT('Ctrl Pts',(954.475900856302,-311.7255076033,6.51));
#11728=CARTESIAN_POINT('',(953.961451637552,-311.738157993925,6.06));
#11729=CARTESIAN_POINT('',(953.961451637552,-311.738157993925,6.51));
#11730=CARTESIAN_POINT('Ctrl Pts',(953.961451637552,-311.738157993925,6.06));
#11731=CARTESIAN_POINT('Ctrl Pts',(954.066871559427,-312.100802525175,6.06));
#11732=CARTESIAN_POINT('Ctrl Pts',(954.092172340677,-312.100802525175,6.06));
#11733=CARTESIAN_POINT('Ctrl Pts',(954.475900856302,-311.7255076033,6.06));
#11734=CARTESIAN_POINT('Ctrl Pts',(954.884930153177,-310.220111118925,6.51));
#11735=CARTESIAN_POINT('Ctrl Pts',(954.884930153177,-310.220111118925,6.06));
#11736=CARTESIAN_POINT('Ctrl Pts',(954.066871559427,-310.7640779158,6.51));
#11737=CARTESIAN_POINT('Ctrl Pts',(954.066871559427,-310.7640779158,6.06));
#11738=CARTESIAN_POINT('Ctrl Pts',(953.805430153177,-311.198407993925,6.51));
#11739=CARTESIAN_POINT('Ctrl Pts',(953.805430153177,-311.198407993925,6.06));
#11740=CARTESIAN_POINT('Ctrl Pts',(953.961451637552,-311.738157993925,6.51));
#11741=CARTESIAN_POINT('Ctrl Pts',(953.961451637552,-311.738157993925,6.06));
#11742=CARTESIAN_POINT('',(954.884930153177,-310.220111118925,6.51));
#11743=CARTESIAN_POINT('Ctrl Pts',(954.884930153177,-310.220111118925,6.51));
#11744=CARTESIAN_POINT('Ctrl Pts',(954.066871559427,-310.7640779158,6.51));
#11745=CARTESIAN_POINT('Ctrl Pts',(953.805430153177,-311.198407993925,6.51));
#11746=CARTESIAN_POINT('Ctrl Pts',(953.961451637552,-311.738157993925,6.51));
#11747=CARTESIAN_POINT('',(954.884930153177,-310.220111118925,6.06));
#11748=CARTESIAN_POINT('',(954.884930153177,-310.220111118925,6.51));
#11749=CARTESIAN_POINT('Ctrl Pts',(954.884930153177,-310.220111118925,6.06));
#11750=CARTESIAN_POINT('Ctrl Pts',(954.066871559427,-310.7640779158,6.06));
#11751=CARTESIAN_POINT('Ctrl Pts',(953.805430153177,-311.198407993925,6.06));
#11752=CARTESIAN_POINT('Ctrl Pts',(953.961451637552,-311.738157993925,6.06));
#11753=CARTESIAN_POINT('Ctrl Pts',(956.019248512552,-309.106876743925,6.51));
#11754=CARTESIAN_POINT('Ctrl Pts',(956.019248512552,-309.106876743925,6.06));
#11755=CARTESIAN_POINT('Ctrl Pts',(955.804191871927,-309.4821716658,6.51));
#11756=CARTESIAN_POINT('Ctrl Pts',(955.804191871927,-309.4821716658,6.06));
#11757=CARTESIAN_POINT('Ctrl Pts',(955.395162575052,-309.882767368925,6.51));
#11758=CARTESIAN_POINT('Ctrl Pts',(955.395162575052,-309.882767368925,6.06));
#11759=CARTESIAN_POINT('Ctrl Pts',(954.884930153177,-310.220111118925,6.51));
#11760=CARTESIAN_POINT('Ctrl Pts',(954.884930153177,-310.220111118925,6.06));
#11761=CARTESIAN_POINT('',(956.019248512552,-309.106876743925,6.51));
#11762=CARTESIAN_POINT('Ctrl Pts',(956.019248512552,-309.106876743925,6.51));
#11763=CARTESIAN_POINT('Ctrl Pts',(955.804191871927,-309.4821716658,6.51));
#11764=CARTESIAN_POINT('Ctrl Pts',(955.395162575052,-309.882767368925,6.51));
#11765=CARTESIAN_POINT('Ctrl Pts',(954.884930153177,-310.220111118925,6.51));
#11766=CARTESIAN_POINT('',(956.019248512552,-309.106876743925,6.06));
#11767=CARTESIAN_POINT('',(956.019248512552,-309.106876743925,6.51));
#11768=CARTESIAN_POINT('Ctrl Pts',(956.019248512552,-309.106876743925,6.06));
#11769=CARTESIAN_POINT('Ctrl Pts',(955.804191871927,-309.4821716658,6.06));
#11770=CARTESIAN_POINT('Ctrl Pts',(955.395162575052,-309.882767368925,6.06));
#11771=CARTESIAN_POINT('Ctrl Pts',(954.884930153177,-310.220111118925,6.06));
#11772=CARTESIAN_POINT('Ctrl Pts',(956.192137184427,-308.794833775175,6.51));
#11773=CARTESIAN_POINT('Ctrl Pts',(956.192137184427,-308.794833775175,6.06));
#11774=CARTESIAN_POINT('Ctrl Pts',(956.183703590677,-308.81591775955,6.51));
#11775=CARTESIAN_POINT('Ctrl Pts',(956.183703590677,-308.81591775955,6.06));
#11776=CARTESIAN_POINT('Ctrl Pts',(956.107801246927,-308.9592888533,6.51));
#11777=CARTESIAN_POINT('Ctrl Pts',(956.107801246927,-308.9592888533,6.06));
#11778=CARTESIAN_POINT('Ctrl Pts',(956.019248512552,-309.106876743925,6.51));
#11779=CARTESIAN_POINT('Ctrl Pts',(956.019248512552,-309.106876743925,6.06));
#11780=CARTESIAN_POINT('',(956.192137184427,-308.794833775175,6.51));
#11781=CARTESIAN_POINT('Ctrl Pts',(956.192137184427,-308.794833775175,6.51));
#11782=CARTESIAN_POINT('Ctrl Pts',(956.183703590677,-308.81591775955,6.51));
#11783=CARTESIAN_POINT('Ctrl Pts',(956.107801246927,-308.9592888533,6.51));
#11784=CARTESIAN_POINT('Ctrl Pts',(956.019248512552,-309.106876743925,6.51));
#11785=CARTESIAN_POINT('',(956.192137184427,-308.794833775175,6.06));
#11786=CARTESIAN_POINT('',(956.192137184427,-308.794833775175,6.51));
#11787=CARTESIAN_POINT('Ctrl Pts',(956.192137184427,-308.794833775175,6.06));
#11788=CARTESIAN_POINT('Ctrl Pts',(956.183703590677,-308.81591775955,6.06));
#11789=CARTESIAN_POINT('Ctrl Pts',(956.107801246927,-308.9592888533,6.06));
#11790=CARTESIAN_POINT('Ctrl Pts',(956.019248512552,-309.106876743925,6.06));
#11791=CARTESIAN_POINT('Ctrl Pts',(956.297557106302,-309.123743931425,6.51));
#11792=CARTESIAN_POINT('Ctrl Pts',(956.297557106302,-309.123743931425,6.06));
#11793=CARTESIAN_POINT('Ctrl Pts',(956.284906715677,-308.845435337675,6.51));
#11794=CARTESIAN_POINT('Ctrl Pts',(956.284906715677,-308.845435337675,6.06));
#11795=CARTESIAN_POINT('Ctrl Pts',(956.234305153177,-308.68098025955,6.51));
#11796=CARTESIAN_POINT('Ctrl Pts',(956.234305153177,-308.68098025955,6.06));
#11797=CARTESIAN_POINT('Ctrl Pts',(956.192137184427,-308.794833775175,6.51));
#11798=CARTESIAN_POINT('Ctrl Pts',(956.192137184427,-308.794833775175,6.06));
#11799=CARTESIAN_POINT('',(956.297557106302,-309.123743931425,6.51));
#11800=CARTESIAN_POINT('Ctrl Pts',(956.297557106302,-309.123743931425,6.51));
#11801=CARTESIAN_POINT('Ctrl Pts',(956.284906715677,-308.845435337675,6.51));
#11802=CARTESIAN_POINT('Ctrl Pts',(956.234305153177,-308.68098025955,6.51));
#11803=CARTESIAN_POINT('Ctrl Pts',(956.192137184427,-308.794833775175,6.51));
#11804=CARTESIAN_POINT('',(956.297557106302,-309.123743931425,6.06));
#11805=CARTESIAN_POINT('',(956.297557106302,-309.123743931425,6.51));
#11806=CARTESIAN_POINT('Ctrl Pts',(956.297557106302,-309.123743931425,6.06));
#11807=CARTESIAN_POINT('Ctrl Pts',(956.284906715677,-308.845435337675,6.06));
#11808=CARTESIAN_POINT('Ctrl Pts',(956.234305153177,-308.68098025955,6.06));
#11809=CARTESIAN_POINT('Ctrl Pts',(956.192137184427,-308.794833775175,6.06));
#11810=CARTESIAN_POINT('Ctrl Pts',(956.204787575052,-309.697228306425,6.51));
#11811=CARTESIAN_POINT('Ctrl Pts',(956.204787575052,-309.697228306425,6.06));
#11812=CARTESIAN_POINT('Ctrl Pts',(956.297557106302,-309.477954868925,6.51));
#11813=CARTESIAN_POINT('Ctrl Pts',(956.297557106302,-309.477954868925,6.06));
#11814=CARTESIAN_POINT('Ctrl Pts',(956.310207496927,-309.3809685408,6.51));
#11815=CARTESIAN_POINT('Ctrl Pts',(956.310207496927,-309.3809685408,6.06));
#11816=CARTESIAN_POINT('Ctrl Pts',(956.297557106302,-309.123743931425,6.51));
#11817=CARTESIAN_POINT('Ctrl Pts',(956.297557106302,-309.123743931425,6.06));
#11818=CARTESIAN_POINT('',(956.204787575052,-309.697228306425,6.51));
#11819=CARTESIAN_POINT('Ctrl Pts',(956.204787575052,-309.697228306425,6.51));
#11820=CARTESIAN_POINT('Ctrl Pts',(956.297557106302,-309.477954868925,6.51));
#11821=CARTESIAN_POINT('Ctrl Pts',(956.310207496927,-309.3809685408,6.51));
#11822=CARTESIAN_POINT('Ctrl Pts',(956.297557106302,-309.123743931425,6.51));
#11823=CARTESIAN_POINT('',(956.204787575052,-309.697228306425,6.06));
#11824=CARTESIAN_POINT('',(956.204787575052,-309.697228306425,6.51));
#11825=CARTESIAN_POINT('Ctrl Pts',(956.204787575052,-309.697228306425,6.06));
#11826=CARTESIAN_POINT('Ctrl Pts',(956.297557106302,-309.477954868925,6.06));
#11827=CARTESIAN_POINT('Ctrl Pts',(956.310207496927,-309.3809685408,6.06));
#11828=CARTESIAN_POINT('Ctrl Pts',(956.297557106302,-309.123743931425,6.06));
#11829=CARTESIAN_POINT('Ctrl Pts',(956.107801246927,-309.97975369705,6.51));
#11830=CARTESIAN_POINT('Ctrl Pts',(956.107801246927,-309.97975369705,6.06));
#11831=CARTESIAN_POINT('Ctrl Pts',(956.103584450052,-309.9713201033,6.51));
#11832=CARTESIAN_POINT('Ctrl Pts',(956.103584450052,-309.9713201033,6.06));
#11833=CARTESIAN_POINT('Ctrl Pts',(956.145752418802,-309.84481619705,6.51));
#11834=CARTESIAN_POINT('Ctrl Pts',(956.145752418802,-309.84481619705,6.06));
#11835=CARTESIAN_POINT('Ctrl Pts',(956.204787575052,-309.697228306425,6.51));
#11836=CARTESIAN_POINT('Ctrl Pts',(956.204787575052,-309.697228306425,6.06));
#11837=CARTESIAN_POINT('',(956.107801246927,-309.97975369705,6.51));
#11838=CARTESIAN_POINT('Ctrl Pts',(956.107801246927,-309.97975369705,6.51));
#11839=CARTESIAN_POINT('Ctrl Pts',(956.103584450052,-309.9713201033,6.51));
#11840=CARTESIAN_POINT('Ctrl Pts',(956.145752418802,-309.84481619705,6.51));
#11841=CARTESIAN_POINT('Ctrl Pts',(956.204787575052,-309.697228306425,6.51));
#11842=CARTESIAN_POINT('',(956.107801246927,-309.97975369705,6.06));
#11843=CARTESIAN_POINT('',(956.107801246927,-309.97975369705,6.51));
#11844=CARTESIAN_POINT('Ctrl Pts',(956.107801246927,-309.97975369705,6.06));
#11845=CARTESIAN_POINT('Ctrl Pts',(956.103584450052,-309.9713201033,6.06));
#11846=CARTESIAN_POINT('Ctrl Pts',(956.145752418802,-309.84481619705,6.06));
#11847=CARTESIAN_POINT('Ctrl Pts',(956.204787575052,-309.697228306425,6.06));
#11848=CARTESIAN_POINT('Ctrl Pts',(956.601166481302,-309.49060525955,6.51));
#11849=CARTESIAN_POINT('Ctrl Pts',(956.601166481302,-309.49060525955,6.06));
#11850=CARTESIAN_POINT('Ctrl Pts',(956.457795387552,-309.697228306425,6.51));
#11851=CARTESIAN_POINT('Ctrl Pts',(956.457795387552,-309.697228306425,6.06));
#11852=CARTESIAN_POINT('Ctrl Pts',(956.141535621927,-310.01348807205,6.51));
#11853=CARTESIAN_POINT('Ctrl Pts',(956.141535621927,-310.01348807205,6.06));
#11854=CARTESIAN_POINT('Ctrl Pts',(956.107801246927,-309.97975369705,6.51));
#11855=CARTESIAN_POINT('Ctrl Pts',(956.107801246927,-309.97975369705,6.06));
#11856=CARTESIAN_POINT('',(956.601166481302,-309.49060525955,6.51));
#11857=CARTESIAN_POINT('Ctrl Pts',(956.601166481302,-309.49060525955,6.51));
#11858=CARTESIAN_POINT('Ctrl Pts',(956.457795387552,-309.697228306425,6.51));
#11859=CARTESIAN_POINT('Ctrl Pts',(956.141535621927,-310.01348807205,6.51));
#11860=CARTESIAN_POINT('Ctrl Pts',(956.107801246927,-309.97975369705,6.51));
#11861=CARTESIAN_POINT('',(956.601166481302,-309.49060525955,6.06));
#11862=CARTESIAN_POINT('',(956.601166481302,-309.49060525955,6.51));
#11863=CARTESIAN_POINT('Ctrl Pts',(956.601166481302,-309.49060525955,6.06));
#11864=CARTESIAN_POINT('Ctrl Pts',(956.457795387552,-309.697228306425,6.06));
#11865=CARTESIAN_POINT('Ctrl Pts',(956.141535621927,-310.01348807205,6.06));
#11866=CARTESIAN_POINT('Ctrl Pts',(956.107801246927,-309.97975369705,6.06));
#11867=CARTESIAN_POINT('Ctrl Pts',(956.913209450052,-308.32676932205,6.51));
#11868=CARTESIAN_POINT('Ctrl Pts',(956.913209450052,-308.32676932205,6.06));
#11869=CARTESIAN_POINT('Ctrl Pts',(956.917426246927,-308.870736118925,6.51));
#11870=CARTESIAN_POINT('Ctrl Pts',(956.917426246927,-308.870736118925,6.06));
#11871=CARTESIAN_POINT('Ctrl Pts',(956.849957496927,-309.11952713455,6.51));
#11872=CARTESIAN_POINT('Ctrl Pts',(956.849957496927,-309.11952713455,6.06));
#11873=CARTESIAN_POINT('Ctrl Pts',(956.601166481302,-309.49060525955,6.51));
#11874=CARTESIAN_POINT('Ctrl Pts',(956.601166481302,-309.49060525955,6.06));
#11875=CARTESIAN_POINT('',(956.913209450052,-308.32676932205,6.51));
#11876=CARTESIAN_POINT('Ctrl Pts',(956.913209450052,-308.32676932205,6.51));
#11877=CARTESIAN_POINT('Ctrl Pts',(956.917426246927,-308.870736118925,6.51));
#11878=CARTESIAN_POINT('Ctrl Pts',(956.849957496927,-309.11952713455,6.51));
#11879=CARTESIAN_POINT('Ctrl Pts',(956.601166481302,-309.49060525955,6.51));
#11880=CARTESIAN_POINT('',(956.913209450052,-308.32676932205,6.06));
#11881=CARTESIAN_POINT('',(956.913209450052,-308.32676932205,6.51));
#11882=CARTESIAN_POINT('Ctrl Pts',(956.913209450052,-308.32676932205,6.06));
#11883=CARTESIAN_POINT('Ctrl Pts',(956.917426246927,-308.870736118925,6.06));
#11884=CARTESIAN_POINT('Ctrl Pts',(956.849957496927,-309.11952713455,6.06));
#11885=CARTESIAN_POINT('Ctrl Pts',(956.601166481302,-309.49060525955,6.06));
#11886=CARTESIAN_POINT('Ctrl Pts',(956.816223121927,-307.555095493925,6.51));
#11887=CARTESIAN_POINT('Ctrl Pts',(956.816223121927,-307.555095493925,6.06));
#11888=CARTESIAN_POINT('Ctrl Pts',(956.892125465677,-307.791236118925,6.51));
#11889=CARTESIAN_POINT('Ctrl Pts',(956.892125465677,-307.791236118925,6.06));
#11890=CARTESIAN_POINT('Ctrl Pts',(956.913209450052,-307.968341587675,6.51));
#11891=CARTESIAN_POINT('Ctrl Pts',(956.913209450052,-307.968341587675,6.06));
#11892=CARTESIAN_POINT('Ctrl Pts',(956.913209450052,-308.32676932205,6.51));
#11893=CARTESIAN_POINT('Ctrl Pts',(956.913209450052,-308.32676932205,6.06));
#11894=CARTESIAN_POINT('',(956.816223121927,-307.555095493925,6.51));
#11895=CARTESIAN_POINT('Ctrl Pts',(956.816223121927,-307.555095493925,6.51));
#11896=CARTESIAN_POINT('Ctrl Pts',(956.892125465677,-307.791236118925,6.51));
#11897=CARTESIAN_POINT('Ctrl Pts',(956.913209450052,-307.968341587675,6.51));
#11898=CARTESIAN_POINT('Ctrl Pts',(956.913209450052,-308.32676932205,6.51));
#11899=CARTESIAN_POINT('',(956.816223121927,-307.555095493925,6.06));
#11900=CARTESIAN_POINT('',(956.816223121927,-307.555095493925,6.51));
#11901=CARTESIAN_POINT('Ctrl Pts',(956.816223121927,-307.555095493925,6.06));
#11902=CARTESIAN_POINT('Ctrl Pts',(956.892125465677,-307.791236118925,6.06));
#11903=CARTESIAN_POINT('Ctrl Pts',(956.913209450052,-307.968341587675,6.06));
#11904=CARTESIAN_POINT('Ctrl Pts',(956.913209450052,-308.32676932205,6.06));
#11905=CARTESIAN_POINT('Ctrl Pts',(956.740320778177,-307.226185337675,6.51));
#11906=CARTESIAN_POINT('Ctrl Pts',(956.740320778177,-307.226185337675,6.06));
#11907=CARTESIAN_POINT('Ctrl Pts',(956.727670387552,-307.234618931425,6.51));
#11908=CARTESIAN_POINT('Ctrl Pts',(956.727670387552,-307.234618931425,6.06));
#11909=CARTESIAN_POINT('Ctrl Pts',(956.765621559427,-307.38220682205,6.51));
#11910=CARTESIAN_POINT('Ctrl Pts',(956.765621559427,-307.38220682205,6.06));
#11911=CARTESIAN_POINT('Ctrl Pts',(956.816223121927,-307.555095493925,6.51));
#11912=CARTESIAN_POINT('Ctrl Pts',(956.816223121927,-307.555095493925,6.06));
#11913=CARTESIAN_POINT('',(956.740320778177,-307.226185337675,6.51));
#11914=CARTESIAN_POINT('Ctrl Pts',(956.740320778177,-307.226185337675,6.51));
#11915=CARTESIAN_POINT('Ctrl Pts',(956.727670387552,-307.234618931425,6.51));
#11916=CARTESIAN_POINT('Ctrl Pts',(956.765621559427,-307.38220682205,6.51));
#11917=CARTESIAN_POINT('Ctrl Pts',(956.816223121927,-307.555095493925,6.51));
#11918=CARTESIAN_POINT('',(956.740320778177,-307.226185337675,6.06));
#11919=CARTESIAN_POINT('',(956.740320778177,-307.226185337675,6.51));
#11920=CARTESIAN_POINT('Ctrl Pts',(956.740320778177,-307.226185337675,6.06));
#11921=CARTESIAN_POINT('Ctrl Pts',(956.727670387552,-307.234618931425,6.06));
#11922=CARTESIAN_POINT('Ctrl Pts',(956.765621559427,-307.38220682205,6.06));
#11923=CARTESIAN_POINT('Ctrl Pts',(956.816223121927,-307.555095493925,6.06));
#11924=CARTESIAN_POINT('Ctrl Pts',(957.258986793802,-307.6099138533,6.51));
#11925=CARTESIAN_POINT('Ctrl Pts',(957.258986793802,-307.6099138533,6.06));
#11926=CARTESIAN_POINT('Ctrl Pts',(957.145133278177,-307.462325962675,6.51));
#11927=CARTESIAN_POINT('Ctrl Pts',(957.145133278177,-307.462325962675,6.06));
#11928=CARTESIAN_POINT('Ctrl Pts',(956.774055153177,-307.1882341658,6.51));
#11929=CARTESIAN_POINT('Ctrl Pts',(956.774055153177,-307.1882341658,6.06));
#11930=CARTESIAN_POINT('Ctrl Pts',(956.740320778177,-307.226185337675,6.51));
#11931=CARTESIAN_POINT('Ctrl Pts',(956.740320778177,-307.226185337675,6.06));
#11932=CARTESIAN_POINT('',(957.258986793802,-307.6099138533,6.51));
#11933=CARTESIAN_POINT('Ctrl Pts',(957.258986793802,-307.6099138533,6.51));
#11934=CARTESIAN_POINT('Ctrl Pts',(957.145133278177,-307.462325962675,6.51));
#11935=CARTESIAN_POINT('Ctrl Pts',(956.774055153177,-307.1882341658,6.51));
#11936=CARTESIAN_POINT('Ctrl Pts',(956.740320778177,-307.226185337675,6.51));
#11937=CARTESIAN_POINT('',(957.258986793802,-307.6099138533,6.06));
#11938=CARTESIAN_POINT('',(957.258986793802,-307.6099138533,6.51));
#11939=CARTESIAN_POINT('Ctrl Pts',(957.258986793802,-307.6099138533,6.06));
#11940=CARTESIAN_POINT('Ctrl Pts',(957.145133278177,-307.462325962675,6.06));
#11941=CARTESIAN_POINT('Ctrl Pts',(956.774055153177,-307.1882341658,6.06));
#11942=CARTESIAN_POINT('Ctrl Pts',(956.740320778177,-307.226185337675,6.06));
#11943=CARTESIAN_POINT('Ctrl Pts',(957.448742653177,-307.9809919783,6.51));
#11944=CARTESIAN_POINT('Ctrl Pts',(957.448742653177,-307.9809919783,6.06));
#11945=CARTESIAN_POINT('Ctrl Pts',(957.406574684427,-307.8629216658,6.51));
#11946=CARTESIAN_POINT('Ctrl Pts',(957.406574684427,-307.8629216658,6.06));
#11947=CARTESIAN_POINT('Ctrl Pts',(957.322238746927,-307.6942497908,6.51));
#11948=CARTESIAN_POINT('Ctrl Pts',(957.322238746927,-307.6942497908,6.06));
#11949=CARTESIAN_POINT('Ctrl Pts',(957.258986793802,-307.6099138533,6.51));
#11950=CARTESIAN_POINT('Ctrl Pts',(957.258986793802,-307.6099138533,6.06));
#11951=CARTESIAN_POINT('',(957.448742653177,-307.9809919783,6.51));
#11952=CARTESIAN_POINT('Ctrl Pts',(957.448742653177,-307.9809919783,6.51));
#11953=CARTESIAN_POINT('Ctrl Pts',(957.406574684427,-307.8629216658,6.51));
#11954=CARTESIAN_POINT('Ctrl Pts',(957.322238746927,-307.6942497908,6.51));
#11955=CARTESIAN_POINT('Ctrl Pts',(957.258986793802,-307.6099138533,6.51));
#11956=CARTESIAN_POINT('',(957.448742653177,-307.9809919783,6.06));
#11957=CARTESIAN_POINT('',(957.448742653177,-307.9809919783,6.51));
#11958=CARTESIAN_POINT('Ctrl Pts',(957.448742653177,-307.9809919783,6.06));
#11959=CARTESIAN_POINT('Ctrl Pts',(957.406574684427,-307.8629216658,6.06));
#11960=CARTESIAN_POINT('Ctrl Pts',(957.322238746927,-307.6942497908,6.06));
#11961=CARTESIAN_POINT('Ctrl Pts',(957.258986793802,-307.6099138533,6.06));
#11962=CARTESIAN_POINT('Ctrl Pts',(957.549945778177,-308.0821951033,6.51));
#11963=CARTESIAN_POINT('Ctrl Pts',(957.549945778177,-308.0821951033,6.06));
#11964=CARTESIAN_POINT('Ctrl Pts',(957.524644996927,-308.19183182205,6.51));
#11965=CARTESIAN_POINT('Ctrl Pts',(957.524644996927,-308.19183182205,6.06));
#11966=CARTESIAN_POINT('Ctrl Pts',(957.520428200052,-308.187615025175,6.51));
#11967=CARTESIAN_POINT('Ctrl Pts',(957.520428200052,-308.187615025175,6.06));
#11968=CARTESIAN_POINT('Ctrl Pts',(957.448742653177,-307.9809919783,6.51));
#11969=CARTESIAN_POINT('Ctrl Pts',(957.448742653177,-307.9809919783,6.06));
#11970=CARTESIAN_POINT('',(957.549945778177,-308.0821951033,6.51));
#11971=CARTESIAN_POINT('Ctrl Pts',(957.549945778177,-308.0821951033,6.51));
#11972=CARTESIAN_POINT('Ctrl Pts',(957.524644996927,-308.19183182205,6.51));
#11973=CARTESIAN_POINT('Ctrl Pts',(957.520428200052,-308.187615025175,6.51));
#11974=CARTESIAN_POINT('Ctrl Pts',(957.448742653177,-307.9809919783,6.51));
#11975=CARTESIAN_POINT('',(957.549945778177,-308.0821951033,6.06));
#11976=CARTESIAN_POINT('',(957.549945778177,-308.0821951033,6.51));
#11977=CARTESIAN_POINT('Ctrl Pts',(957.549945778177,-308.0821951033,6.06));
#11978=CARTESIAN_POINT('Ctrl Pts',(957.524644996927,-308.19183182205,6.06));
#11979=CARTESIAN_POINT('Ctrl Pts',(957.520428200052,-308.187615025175,6.06));
#11980=CARTESIAN_POINT('Ctrl Pts',(957.448742653177,-307.9809919783,6.06));
#11981=CARTESIAN_POINT('Ctrl Pts',(957.562596168802,-307.5761794783,6.51));
#11982=CARTESIAN_POINT('Ctrl Pts',(957.562596168802,-307.5761794783,6.06));
#11983=CARTESIAN_POINT('Ctrl Pts',(957.571029762552,-307.791236118925,6.51));
#11984=CARTESIAN_POINT('Ctrl Pts',(957.571029762552,-307.791236118925,6.06));
#11985=CARTESIAN_POINT('Ctrl Pts',(957.566812965677,-308.018943150175,6.51));
#11986=CARTESIAN_POINT('Ctrl Pts',(957.566812965677,-308.018943150175,6.06));
#11987=CARTESIAN_POINT('Ctrl Pts',(957.549945778177,-308.0821951033,6.51));
#11988=CARTESIAN_POINT('Ctrl Pts',(957.549945778177,-308.0821951033,6.06));
#11989=CARTESIAN_POINT('',(957.562596168802,-307.5761794783,6.51));
#11990=CARTESIAN_POINT('Ctrl Pts',(957.562596168802,-307.5761794783,6.51));
#11991=CARTESIAN_POINT('Ctrl Pts',(957.571029762552,-307.791236118925,6.51));
#11992=CARTESIAN_POINT('Ctrl Pts',(957.566812965677,-308.018943150175,6.51));
#11993=CARTESIAN_POINT('Ctrl Pts',(957.549945778177,-308.0821951033,6.51));
#11994=CARTESIAN_POINT('',(957.562596168802,-307.5761794783,6.06));
#11995=CARTESIAN_POINT('',(957.562596168802,-307.5761794783,6.51));
#11996=CARTESIAN_POINT('Ctrl Pts',(957.562596168802,-307.5761794783,6.06));
#11997=CARTESIAN_POINT('Ctrl Pts',(957.571029762552,-307.791236118925,6.06));
#11998=CARTESIAN_POINT('Ctrl Pts',(957.566812965677,-308.018943150175,6.06));
#11999=CARTESIAN_POINT('Ctrl Pts',(957.549945778177,-308.0821951033,6.06));
#12000=CARTESIAN_POINT('Ctrl Pts',(957.398141090677,-306.871974400175,6.51));
#12001=CARTESIAN_POINT('Ctrl Pts',(957.398141090677,-306.871974400175,6.06));
#12002=CARTESIAN_POINT('Ctrl Pts',(957.524644996927,-307.141849400175,6.51));
#12003=CARTESIAN_POINT('Ctrl Pts',(957.524644996927,-307.141849400175,6.06));
#12004=CARTESIAN_POINT('Ctrl Pts',(957.545728981302,-307.243052525175,6.51));
#12005=CARTESIAN_POINT('Ctrl Pts',(957.545728981302,-307.243052525175,6.06));
#12006=CARTESIAN_POINT('Ctrl Pts',(957.562596168802,-307.5761794783,6.51));
#12007=CARTESIAN_POINT('Ctrl Pts',(957.562596168802,-307.5761794783,6.06));
#12008=CARTESIAN_POINT('',(957.398141090677,-306.871974400175,6.51));
#12009=CARTESIAN_POINT('Ctrl Pts',(957.398141090677,-306.871974400175,6.51));
#12010=CARTESIAN_POINT('Ctrl Pts',(957.524644996927,-307.141849400175,6.51));
#12011=CARTESIAN_POINT('Ctrl Pts',(957.545728981302,-307.243052525175,6.51));
#12012=CARTESIAN_POINT('Ctrl Pts',(957.562596168802,-307.5761794783,6.51));
#12013=CARTESIAN_POINT('',(957.398141090677,-306.871974400175,6.06));
#12014=CARTESIAN_POINT('',(957.398141090677,-306.871974400175,6.51));
#12015=CARTESIAN_POINT('Ctrl Pts',(957.398141090677,-306.871974400175,6.06));
#12016=CARTESIAN_POINT('Ctrl Pts',(957.524644996927,-307.141849400175,6.06));
#12017=CARTESIAN_POINT('Ctrl Pts',(957.545728981302,-307.243052525175,6.06));
#12018=CARTESIAN_POINT('Ctrl Pts',(957.562596168802,-307.5761794783,6.06));
#12019=CARTESIAN_POINT('Ctrl Pts',(956.668635231302,-305.9906638533,6.51));
#12020=CARTESIAN_POINT('Ctrl Pts',(956.668635231302,-305.9906638533,6.06));
#12021=CARTESIAN_POINT('Ctrl Pts',(956.875258278177,-306.10030057205,6.51));
#12022=CARTESIAN_POINT('Ctrl Pts',(956.875258278177,-306.10030057205,6.06));
#12023=CARTESIAN_POINT('Ctrl Pts',(957.246336403177,-306.5472810408,6.51));
#12024=CARTESIAN_POINT('Ctrl Pts',(957.246336403177,-306.5472810408,6.06));
#12025=CARTESIAN_POINT('Ctrl Pts',(957.398141090677,-306.871974400175,6.51));
#12026=CARTESIAN_POINT('Ctrl Pts',(957.398141090677,-306.871974400175,6.06));
#12027=CARTESIAN_POINT('',(956.668635231302,-305.9906638533,6.51));
#12028=CARTESIAN_POINT('Ctrl Pts',(956.668635231302,-305.9906638533,6.51));
#12029=CARTESIAN_POINT('Ctrl Pts',(956.875258278177,-306.10030057205,6.51));
#12030=CARTESIAN_POINT('Ctrl Pts',(957.246336403177,-306.5472810408,6.51));
#12031=CARTESIAN_POINT('Ctrl Pts',(957.398141090677,-306.871974400175,6.51));
#12032=CARTESIAN_POINT('',(956.668635231302,-305.9906638533,6.06));
#12033=CARTESIAN_POINT('',(956.668635231302,-305.9906638533,6.51));
#12034=CARTESIAN_POINT('Ctrl Pts',(956.668635231302,-305.9906638533,6.06));
#12035=CARTESIAN_POINT('Ctrl Pts',(956.875258278177,-306.10030057205,6.06));
#12036=CARTESIAN_POINT('Ctrl Pts',(957.246336403177,-306.5472810408,6.06));
#12037=CARTESIAN_POINT('Ctrl Pts',(957.398141090677,-306.871974400175,6.06));
#12038=CARTESIAN_POINT('Ctrl Pts',(956.803572731302,-305.868376743925,6.51));
#12039=CARTESIAN_POINT('Ctrl Pts',(956.803572731302,-305.868376743925,6.06));
#12040=CARTESIAN_POINT('Ctrl Pts',(956.542131325052,-305.84729275955,6.51));
#12041=CARTESIAN_POINT('Ctrl Pts',(956.542131325052,-305.84729275955,6.06));
#12042=CARTESIAN_POINT('Ctrl Pts',(956.491529762552,-305.893677525175,6.51));
#12043=CARTESIAN_POINT('Ctrl Pts',(956.491529762552,-305.893677525175,6.06));
#12044=CARTESIAN_POINT('Ctrl Pts',(956.668635231302,-305.9906638533,6.51));
#12045=CARTESIAN_POINT('Ctrl Pts',(956.668635231302,-305.9906638533,6.06));
#12046=CARTESIAN_POINT('',(956.803572731302,-305.868376743925,6.51));
#12047=CARTESIAN_POINT('Ctrl Pts',(956.803572731302,-305.868376743925,6.51));
#12048=CARTESIAN_POINT('Ctrl Pts',(956.542131325052,-305.84729275955,6.51));
#12049=CARTESIAN_POINT('Ctrl Pts',(956.491529762552,-305.893677525175,6.51));
#12050=CARTESIAN_POINT('Ctrl Pts',(956.668635231302,-305.9906638533,6.51));
#12051=CARTESIAN_POINT('',(956.803572731302,-305.868376743925,6.06));
#12052=CARTESIAN_POINT('',(956.803572731302,-305.868376743925,6.51));
#12053=CARTESIAN_POINT('Ctrl Pts',(956.803572731302,-305.868376743925,6.06));
#12054=CARTESIAN_POINT('Ctrl Pts',(956.542131325052,-305.84729275955,6.06));
#12055=CARTESIAN_POINT('Ctrl Pts',(956.491529762552,-305.893677525175,6.06));
#12056=CARTESIAN_POINT('Ctrl Pts',(956.668635231302,-305.9906638533,6.06));
#12057=CARTESIAN_POINT('Ctrl Pts',(957.663799293802,-306.21837088455,6.51));
#12058=CARTESIAN_POINT('Ctrl Pts',(957.663799293802,-306.21837088455,6.06));
#12059=CARTESIAN_POINT('Ctrl Pts',(957.461393043802,-306.045482212675,6.51));
#12060=CARTESIAN_POINT('Ctrl Pts',(957.461393043802,-306.045482212675,6.06));
#12061=CARTESIAN_POINT('Ctrl Pts',(957.069230934427,-305.885243931425,6.51));
#12062=CARTESIAN_POINT('Ctrl Pts',(957.069230934427,-305.885243931425,6.06));
#12063=CARTESIAN_POINT('Ctrl Pts',(956.803572731302,-305.868376743925,6.51));
#12064=CARTESIAN_POINT('Ctrl Pts',(956.803572731302,-305.868376743925,6.06));
#12065=CARTESIAN_POINT('',(957.663799293802,-306.21837088455,6.51));
#12066=CARTESIAN_POINT('Ctrl Pts',(957.663799293802,-306.21837088455,6.51));
#12067=CARTESIAN_POINT('Ctrl Pts',(957.461393043802,-306.045482212675,6.51));
#12068=CARTESIAN_POINT('Ctrl Pts',(957.069230934427,-305.885243931425,6.51));
#12069=CARTESIAN_POINT('Ctrl Pts',(956.803572731302,-305.868376743925,6.51));
#12070=CARTESIAN_POINT('',(957.663799293802,-306.21837088455,6.06));
#12071=CARTESIAN_POINT('',(957.663799293802,-306.21837088455,6.51));
#12072=CARTESIAN_POINT('Ctrl Pts',(957.663799293802,-306.21837088455,6.06));
#12073=CARTESIAN_POINT('Ctrl Pts',(957.461393043802,-306.045482212675,6.06));
#12074=CARTESIAN_POINT('Ctrl Pts',(957.069230934427,-305.885243931425,6.06));
#12075=CARTESIAN_POINT('Ctrl Pts',(956.803572731302,-305.868376743925,6.06));
#12076=CARTESIAN_POINT('Ctrl Pts',(957.811387184427,-306.306923618925,6.51));
#12077=CARTESIAN_POINT('Ctrl Pts',(957.811387184427,-306.306923618925,6.06));
#12078=CARTESIAN_POINT('Ctrl Pts',(957.802953590677,-306.31957400955,6.51));
#12079=CARTESIAN_POINT('Ctrl Pts',(957.802953590677,-306.31957400955,6.06));
#12080=CARTESIAN_POINT('Ctrl Pts',(957.735484840677,-306.2774060408,6.51));
#12081=CARTESIAN_POINT('Ctrl Pts',(957.735484840677,-306.2774060408,6.06));
#12082=CARTESIAN_POINT('Ctrl Pts',(957.663799293802,-306.21837088455,6.51));
#12083=CARTESIAN_POINT('Ctrl Pts',(957.663799293802,-306.21837088455,6.06));
#12084=CARTESIAN_POINT('',(957.811387184427,-306.306923618925,6.51));
#12085=CARTESIAN_POINT('Ctrl Pts',(957.811387184427,-306.306923618925,6.51));
#12086=CARTESIAN_POINT('Ctrl Pts',(957.802953590677,-306.31957400955,6.51));
#12087=CARTESIAN_POINT('Ctrl Pts',(957.735484840677,-306.2774060408,6.51));
#12088=CARTESIAN_POINT('Ctrl Pts',(957.663799293802,-306.21837088455,6.51));
#12089=CARTESIAN_POINT('',(957.811387184427,-306.306923618925,6.06));
#12090=CARTESIAN_POINT('',(957.811387184427,-306.306923618925,6.51));
#12091=CARTESIAN_POINT('Ctrl Pts',(957.811387184427,-306.306923618925,6.06));
#12092=CARTESIAN_POINT('Ctrl Pts',(957.802953590677,-306.31957400955,6.06));
#12093=CARTESIAN_POINT('Ctrl Pts',(957.735484840677,-306.2774060408,6.06));
#12094=CARTESIAN_POINT('Ctrl Pts',(957.663799293802,-306.21837088455,6.06));
#12095=CARTESIAN_POINT('Ctrl Pts',(957.334889137552,-305.581634556425,6.51));
#12096=CARTESIAN_POINT('Ctrl Pts',(957.334889137552,-305.581634556425,6.06));
#12097=CARTESIAN_POINT('Ctrl Pts',(957.566812965677,-305.817775181425,6.51));
#12098=CARTESIAN_POINT('Ctrl Pts',(957.566812965677,-305.817775181425,6.06));
#12099=CARTESIAN_POINT('Ctrl Pts',(957.861988746927,-306.256322056425,6.51));
#12100=CARTESIAN_POINT('Ctrl Pts',(957.861988746927,-306.256322056425,6.06));
#12101=CARTESIAN_POINT('Ctrl Pts',(957.811387184427,-306.306923618925,6.51));
#12102=CARTESIAN_POINT('Ctrl Pts',(957.811387184427,-306.306923618925,6.06));
#12103=CARTESIAN_POINT('',(957.334889137552,-305.581634556425,6.51));
#12104=CARTESIAN_POINT('Ctrl Pts',(957.334889137552,-305.581634556425,6.51));
#12105=CARTESIAN_POINT('Ctrl Pts',(957.566812965677,-305.817775181425,6.51));
#12106=CARTESIAN_POINT('Ctrl Pts',(957.861988746927,-306.256322056425,6.51));
#12107=CARTESIAN_POINT('Ctrl Pts',(957.811387184427,-306.306923618925,6.51));
#12108=CARTESIAN_POINT('',(957.334889137552,-305.581634556425,6.06));
#12109=CARTESIAN_POINT('',(957.334889137552,-305.581634556425,6.51));
#12110=CARTESIAN_POINT('Ctrl Pts',(957.334889137552,-305.581634556425,6.06));
#12111=CARTESIAN_POINT('Ctrl Pts',(957.566812965677,-305.817775181425,6.06));
#12112=CARTESIAN_POINT('Ctrl Pts',(957.861988746927,-306.256322056425,6.06));
#12113=CARTESIAN_POINT('Ctrl Pts',(957.811387184427,-306.306923618925,6.06));
#12114=CARTESIAN_POINT('Ctrl Pts',(955.981297340677,-304.881646275175,6.51));
#12115=CARTESIAN_POINT('Ctrl Pts',(955.981297340677,-304.881646275175,6.06));
#12116=CARTESIAN_POINT('Ctrl Pts',(956.634900856302,-305.075618931425,6.51));
#12117=CARTESIAN_POINT('Ctrl Pts',(956.634900856302,-305.075618931425,6.06));
#12118=CARTESIAN_POINT('Ctrl Pts',(957.018629371927,-305.269591587675,6.51));
#12119=CARTESIAN_POINT('Ctrl Pts',(957.018629371927,-305.269591587675,6.06));
#12120=CARTESIAN_POINT('Ctrl Pts',(957.334889137552,-305.581634556425,6.51));
#12121=CARTESIAN_POINT('Ctrl Pts',(957.334889137552,-305.581634556425,6.06));
#12122=CARTESIAN_POINT('',(955.981297340677,-304.881646275175,6.51));
#12123=CARTESIAN_POINT('Ctrl Pts',(955.981297340677,-304.881646275175,6.51));
#12124=CARTESIAN_POINT('Ctrl Pts',(956.634900856302,-305.075618931425,6.51));
#12125=CARTESIAN_POINT('Ctrl Pts',(957.018629371927,-305.269591587675,6.51));
#12126=CARTESIAN_POINT('Ctrl Pts',(957.334889137552,-305.581634556425,6.51));
#12127=CARTESIAN_POINT('',(955.981297340677,-304.881646275175,6.06));
#12128=CARTESIAN_POINT('',(955.981297340677,-304.881646275175,6.51));
#12129=CARTESIAN_POINT('Ctrl Pts',(955.981297340677,-304.881646275175,6.06));
#12130=CARTESIAN_POINT('Ctrl Pts',(956.634900856302,-305.075618931425,6.06));
#12131=CARTESIAN_POINT('Ctrl Pts',(957.018629371927,-305.269591587675,6.06));
#12132=CARTESIAN_POINT('Ctrl Pts',(957.334889137552,-305.581634556425,6.06));
#12133=CARTESIAN_POINT('Ctrl Pts',(955.521666481302,-304.729841587675,6.51));
#12134=CARTESIAN_POINT('Ctrl Pts',(955.521666481302,-304.729841587675,6.06));
#12135=CARTESIAN_POINT('Ctrl Pts',(955.513232887552,-304.738275181425,6.51));
#12136=CARTESIAN_POINT('Ctrl Pts',(955.513232887552,-304.738275181425,6.06));
#12137=CARTESIAN_POINT('Ctrl Pts',(955.719855934427,-304.8099607283,6.51));
#12138=CARTESIAN_POINT('Ctrl Pts',(955.719855934427,-304.8099607283,6.06));
#12139=CARTESIAN_POINT('Ctrl Pts',(955.981297340677,-304.881646275175,6.51));
#12140=CARTESIAN_POINT('Ctrl Pts',(955.981297340677,-304.881646275175,6.06));
#12141=CARTESIAN_POINT('',(955.521666481302,-304.729841587675,6.51));
#12142=CARTESIAN_POINT('Ctrl Pts',(955.521666481302,-304.729841587675,6.51));
#12143=CARTESIAN_POINT('Ctrl Pts',(955.513232887552,-304.738275181425,6.51));
#12144=CARTESIAN_POINT('Ctrl Pts',(955.719855934427,-304.8099607283,6.51));
#12145=CARTESIAN_POINT('Ctrl Pts',(955.981297340677,-304.881646275175,6.51));
#12146=CARTESIAN_POINT('',(955.521666481302,-304.729841587675,6.06));
#12147=CARTESIAN_POINT('',(955.521666481302,-304.729841587675,6.51));
#12148=CARTESIAN_POINT('Ctrl Pts',(955.521666481302,-304.729841587675,6.06));
#12149=CARTESIAN_POINT('Ctrl Pts',(955.513232887552,-304.738275181425,6.06));
#12150=CARTESIAN_POINT('Ctrl Pts',(955.719855934427,-304.8099607283,6.06));
#12151=CARTESIAN_POINT('Ctrl Pts',(955.981297340677,-304.881646275175,6.06));
#12152=CARTESIAN_POINT('Ctrl Pts',(955.968646950052,-304.763575962675,6.51));
#12153=CARTESIAN_POINT('Ctrl Pts',(955.968646950052,-304.763575962675,6.06));
#12154=CARTESIAN_POINT('Ctrl Pts',(955.732506325052,-304.738275181425,6.51));
#12155=CARTESIAN_POINT('Ctrl Pts',(955.732506325052,-304.738275181425,6.06));
#12156=CARTESIAN_POINT('Ctrl Pts',(955.530100075052,-304.721407993925,6.51));
#12157=CARTESIAN_POINT('Ctrl Pts',(955.530100075052,-304.721407993925,6.06));
#12158=CARTESIAN_POINT('Ctrl Pts',(955.521666481302,-304.729841587675,6.51));
#12159=CARTESIAN_POINT('Ctrl Pts',(955.521666481302,-304.729841587675,6.06));
#12160=CARTESIAN_POINT('',(955.968646950052,-304.763575962675,6.51));
#12161=CARTESIAN_POINT('Ctrl Pts',(955.968646950052,-304.763575962675,6.51));
#12162=CARTESIAN_POINT('Ctrl Pts',(955.732506325052,-304.738275181425,6.51));
#12163=CARTESIAN_POINT('Ctrl Pts',(955.530100075052,-304.721407993925,6.51));
#12164=CARTESIAN_POINT('Ctrl Pts',(955.521666481302,-304.729841587675,6.51));
#12165=CARTESIAN_POINT('',(955.968646950052,-304.763575962675,6.06));
#12166=CARTESIAN_POINT('',(955.968646950052,-304.763575962675,6.51));
#12167=CARTESIAN_POINT('Ctrl Pts',(955.968646950052,-304.763575962675,6.06));
#12168=CARTESIAN_POINT('Ctrl Pts',(955.732506325052,-304.738275181425,6.06));
#12169=CARTESIAN_POINT('Ctrl Pts',(955.530100075052,-304.721407993925,6.06));
#12170=CARTESIAN_POINT('Ctrl Pts',(955.521666481302,-304.729841587675,6.06));
#12171=CARTESIAN_POINT('Ctrl Pts',(957.233686012552,-304.670806431425,6.51));
#12172=CARTESIAN_POINT('Ctrl Pts',(957.233686012552,-304.670806431425,6.06));
#12173=CARTESIAN_POINT('Ctrl Pts',(956.837307106302,-304.788876743925,6.51));
#12174=CARTESIAN_POINT('Ctrl Pts',(956.837307106302,-304.788876743925,6.06));
#12175=CARTESIAN_POINT('Ctrl Pts',(956.462012184427,-304.81839432205,6.51));
#12176=CARTESIAN_POINT('Ctrl Pts',(956.462012184427,-304.81839432205,6.06));
#12177=CARTESIAN_POINT('Ctrl Pts',(955.968646950052,-304.763575962675,6.51));
#12178=CARTESIAN_POINT('Ctrl Pts',(955.968646950052,-304.763575962675,6.06));
#12179=CARTESIAN_POINT('',(957.233686012552,-304.670806431425,6.51));
#12180=CARTESIAN_POINT('Ctrl Pts',(957.233686012552,-304.670806431425,6.51));
#12181=CARTESIAN_POINT('Ctrl Pts',(956.837307106302,-304.788876743925,6.51));
#12182=CARTESIAN_POINT('Ctrl Pts',(956.462012184427,-304.81839432205,6.51));
#12183=CARTESIAN_POINT('Ctrl Pts',(955.968646950052,-304.763575962675,6.51));
#12184=CARTESIAN_POINT('',(957.233686012552,-304.670806431425,6.06));
#12185=CARTESIAN_POINT('',(957.233686012552,-304.670806431425,6.51));
#12186=CARTESIAN_POINT('Ctrl Pts',(957.233686012552,-304.670806431425,6.06));
#12187=CARTESIAN_POINT('Ctrl Pts',(956.837307106302,-304.788876743925,6.06));
#12188=CARTESIAN_POINT('Ctrl Pts',(956.462012184427,-304.81839432205,6.06));
#12189=CARTESIAN_POINT('Ctrl Pts',(955.968646950052,-304.763575962675,6.06));
#12190=CARTESIAN_POINT('Ctrl Pts',(957.980059059427,-304.31237869705,6.51));
#12191=CARTESIAN_POINT('Ctrl Pts',(957.980059059427,-304.31237869705,6.06));
#12192=CARTESIAN_POINT('Ctrl Pts',(958.009576637552,-304.34611307205,6.51));
#12193=CARTESIAN_POINT('Ctrl Pts',(958.009576637552,-304.34611307205,6.06));
#12194=CARTESIAN_POINT('Ctrl Pts',(957.499344215677,-304.5906872908,6.51));
#12195=CARTESIAN_POINT('Ctrl Pts',(957.499344215677,-304.5906872908,6.06));
#12196=CARTESIAN_POINT('Ctrl Pts',(957.233686012552,-304.670806431425,6.51));
#12197=CARTESIAN_POINT('Ctrl Pts',(957.233686012552,-304.670806431425,6.06));
#12198=CARTESIAN_POINT('',(957.980059059427,-304.31237869705,6.51));
#12199=CARTESIAN_POINT('Ctrl Pts',(957.980059059427,-304.31237869705,6.51));
#12200=CARTESIAN_POINT('Ctrl Pts',(958.009576637552,-304.34611307205,6.51));
#12201=CARTESIAN_POINT('Ctrl Pts',(957.499344215677,-304.5906872908,6.51));
#12202=CARTESIAN_POINT('Ctrl Pts',(957.233686012552,-304.670806431425,6.51));
#12203=CARTESIAN_POINT('',(957.980059059427,-304.31237869705,6.06));
#12204=CARTESIAN_POINT('',(957.980059059427,-304.31237869705,6.51));
#12205=CARTESIAN_POINT('Ctrl Pts',(957.980059059427,-304.31237869705,6.06));
#12206=CARTESIAN_POINT('Ctrl Pts',(958.009576637552,-304.34611307205,6.06));
#12207=CARTESIAN_POINT('Ctrl Pts',(957.499344215677,-304.5906872908,6.06));
#12208=CARTESIAN_POINT('Ctrl Pts',(957.233686012552,-304.670806431425,6.06));
#12209=CARTESIAN_POINT('Ctrl Pts',(957.630064918802,-304.34611307205,6.51));
#12210=CARTESIAN_POINT('Ctrl Pts',(957.630064918802,-304.34611307205,6.06));
#12211=CARTESIAN_POINT('Ctrl Pts',(957.815603981302,-304.3208122908,6.51));
#12212=CARTESIAN_POINT('Ctrl Pts',(957.815603981302,-304.3208122908,6.06));
#12213=CARTESIAN_POINT('Ctrl Pts',(957.971625465677,-304.3039451033,6.51));
#12214=CARTESIAN_POINT('Ctrl Pts',(957.971625465677,-304.3039451033,6.06));
#12215=CARTESIAN_POINT('Ctrl Pts',(957.980059059427,-304.31237869705,6.51));
#12216=CARTESIAN_POINT('Ctrl Pts',(957.980059059427,-304.31237869705,6.06));
#12217=CARTESIAN_POINT('',(957.630064918802,-304.34611307205,6.51));
#12218=CARTESIAN_POINT('Ctrl Pts',(957.630064918802,-304.34611307205,6.51));
#12219=CARTESIAN_POINT('Ctrl Pts',(957.815603981302,-304.3208122908,6.51));
#12220=CARTESIAN_POINT('Ctrl Pts',(957.971625465677,-304.3039451033,6.51));
#12221=CARTESIAN_POINT('Ctrl Pts',(957.980059059427,-304.31237869705,6.51));
#12222=CARTESIAN_POINT('',(957.630064918802,-304.34611307205,6.06));
#12223=CARTESIAN_POINT('',(957.630064918802,-304.34611307205,6.51));
#12224=CARTESIAN_POINT('Ctrl Pts',(957.630064918802,-304.34611307205,6.06));
#12225=CARTESIAN_POINT('Ctrl Pts',(957.815603981302,-304.3208122908,6.06));
#12226=CARTESIAN_POINT('Ctrl Pts',(957.971625465677,-304.3039451033,6.06));
#12227=CARTESIAN_POINT('Ctrl Pts',(957.980059059427,-304.31237869705,6.06));
#12228=CARTESIAN_POINT('Ctrl Pts',(957.043930153177,-304.367197056425,6.51));
#12229=CARTESIAN_POINT('Ctrl Pts',(957.043930153177,-304.367197056425,6.06));
#12230=CARTESIAN_POINT('Ctrl Pts',(957.183084450052,-304.37984744705,6.51));
#12231=CARTESIAN_POINT('Ctrl Pts',(957.183084450052,-304.37984744705,6.06));
#12232=CARTESIAN_POINT('Ctrl Pts',(957.448742653177,-304.3714138533,6.51));
#12233=CARTESIAN_POINT('Ctrl Pts',(957.448742653177,-304.3714138533,6.06));
#12234=CARTESIAN_POINT('Ctrl Pts',(957.630064918802,-304.34611307205,6.51));
#12235=CARTESIAN_POINT('Ctrl Pts',(957.630064918802,-304.34611307205,6.06));
#12236=CARTESIAN_POINT('',(957.043930153177,-304.367197056425,6.51));
#12237=CARTESIAN_POINT('Ctrl Pts',(957.043930153177,-304.367197056425,6.51));
#12238=CARTESIAN_POINT('Ctrl Pts',(957.183084450052,-304.37984744705,6.51));
#12239=CARTESIAN_POINT('Ctrl Pts',(957.448742653177,-304.3714138533,6.51));
#12240=CARTESIAN_POINT('Ctrl Pts',(957.630064918802,-304.34611307205,6.51));
#12241=CARTESIAN_POINT('',(957.043930153177,-304.367197056425,6.06));
#12242=CARTESIAN_POINT('',(957.043930153177,-304.367197056425,6.51));
#12243=CARTESIAN_POINT('Ctrl Pts',(957.043930153177,-304.367197056425,6.06));
#12244=CARTESIAN_POINT('Ctrl Pts',(957.183084450052,-304.37984744705,6.06));
#12245=CARTESIAN_POINT('Ctrl Pts',(957.448742653177,-304.3714138533,6.06));
#12246=CARTESIAN_POINT('Ctrl Pts',(957.630064918802,-304.34611307205,6.06));
#12247=CARTESIAN_POINT('Ctrl Pts',(955.799975075052,-304.0846716658,6.51));
#12248=CARTESIAN_POINT('Ctrl Pts',(955.799975075052,-304.0846716658,6.06));
#12249=CARTESIAN_POINT('Ctrl Pts',(955.799975075052,-304.122622837675,6.51));
#12250=CARTESIAN_POINT('Ctrl Pts',(955.799975075052,-304.122622837675,6.06));
#12251=CARTESIAN_POINT('Ctrl Pts',(956.748754371927,-304.3376794783,6.51));
#12252=CARTESIAN_POINT('Ctrl Pts',(956.748754371927,-304.3376794783,6.06));
#12253=CARTESIAN_POINT('Ctrl Pts',(957.043930153177,-304.367197056425,6.51));
#12254=CARTESIAN_POINT('Ctrl Pts',(957.043930153177,-304.367197056425,6.06));
#12255=CARTESIAN_POINT('',(955.799975075052,-304.0846716658,6.51));
#12256=CARTESIAN_POINT('Ctrl Pts',(955.799975075052,-304.0846716658,6.51));
#12257=CARTESIAN_POINT('Ctrl Pts',(955.799975075052,-304.122622837675,6.51));
#12258=CARTESIAN_POINT('Ctrl Pts',(956.748754371927,-304.3376794783,6.51));
#12259=CARTESIAN_POINT('Ctrl Pts',(957.043930153177,-304.367197056425,6.51));
#12260=CARTESIAN_POINT('',(955.799975075052,-304.0846716658,6.06));
#12261=CARTESIAN_POINT('',(955.799975075052,-304.0846716658,6.51));
#12262=CARTESIAN_POINT('Ctrl Pts',(955.799975075052,-304.0846716658,6.06));
#12263=CARTESIAN_POINT('Ctrl Pts',(955.799975075052,-304.122622837675,6.06));
#12264=CARTESIAN_POINT('Ctrl Pts',(956.748754371927,-304.3376794783,6.06));
#12265=CARTESIAN_POINT('Ctrl Pts',(957.043930153177,-304.367197056425,6.06));
#12266=CARTESIAN_POINT('Ctrl Pts',(956.445144996927,-303.776845493925,6.51));
#12267=CARTESIAN_POINT('Ctrl Pts',(956.445144996927,-303.776845493925,6.06));
#12268=CARTESIAN_POINT('Ctrl Pts',(956.196353981302,-303.861181431425,6.51));
#12269=CARTESIAN_POINT('Ctrl Pts',(956.196353981302,-303.861181431425,6.06));
#12270=CARTESIAN_POINT('Ctrl Pts',(955.799975075052,-304.0509372908,6.51));
#12271=CARTESIAN_POINT('Ctrl Pts',(955.799975075052,-304.0509372908,6.06));
#12272=CARTESIAN_POINT('Ctrl Pts',(955.799975075052,-304.0846716658,6.51));
#12273=CARTESIAN_POINT('Ctrl Pts',(955.799975075052,-304.0846716658,6.06));
#12274=CARTESIAN_POINT('',(956.445144996927,-303.776845493925,6.51));
#12275=CARTESIAN_POINT('Ctrl Pts',(956.445144996927,-303.776845493925,6.51));
#12276=CARTESIAN_POINT('Ctrl Pts',(956.196353981302,-303.861181431425,6.51));
#12277=CARTESIAN_POINT('Ctrl Pts',(955.799975075052,-304.0509372908,6.51));
#12278=CARTESIAN_POINT('Ctrl Pts',(955.799975075052,-304.0846716658,6.51));
#12279=CARTESIAN_POINT('',(956.445144996927,-303.776845493925,6.06));
#12280=CARTESIAN_POINT('',(956.445144996927,-303.776845493925,6.51));
#12281=CARTESIAN_POINT('Ctrl Pts',(956.445144996927,-303.776845493925,6.06));
#12282=CARTESIAN_POINT('Ctrl Pts',(956.196353981302,-303.861181431425,6.06));
#12283=CARTESIAN_POINT('Ctrl Pts',(955.799975075052,-304.0509372908,6.06));
#12284=CARTESIAN_POINT('Ctrl Pts',(955.799975075052,-304.0846716658,6.06));
#12285=CARTESIAN_POINT('Ctrl Pts',(956.875258278177,-303.684075962675,6.51));
#12286=CARTESIAN_POINT('Ctrl Pts',(956.875258278177,-303.684075962675,6.06));
#12287=CARTESIAN_POINT('Ctrl Pts',(956.748754371927,-303.6967263533,6.51));
#12288=CARTESIAN_POINT('Ctrl Pts',(956.748754371927,-303.6967263533,6.06));
#12289=CARTESIAN_POINT('Ctrl Pts',(956.554781715677,-303.73889432205,6.51));
#12290=CARTESIAN_POINT('Ctrl Pts',(956.554781715677,-303.73889432205,6.06));
#12291=CARTESIAN_POINT('Ctrl Pts',(956.445144996927,-303.776845493925,6.51));
#12292=CARTESIAN_POINT('Ctrl Pts',(956.445144996927,-303.776845493925,6.06));
#12293=CARTESIAN_POINT('',(956.875258278177,-303.684075962675,6.51));
#12294=CARTESIAN_POINT('Ctrl Pts',(956.875258278177,-303.684075962675,6.51));
#12295=CARTESIAN_POINT('Ctrl Pts',(956.748754371927,-303.6967263533,6.51));
#12296=CARTESIAN_POINT('Ctrl Pts',(956.554781715677,-303.73889432205,6.51));
#12297=CARTESIAN_POINT('Ctrl Pts',(956.445144996927,-303.776845493925,6.51));
#12298=CARTESIAN_POINT('',(956.875258278177,-303.684075962675,6.06));
#12299=CARTESIAN_POINT('',(956.875258278177,-303.684075962675,6.51));
#12300=CARTESIAN_POINT('Ctrl Pts',(956.875258278177,-303.684075962675,6.06));
#12301=CARTESIAN_POINT('Ctrl Pts',(956.748754371927,-303.6967263533,6.06));
#12302=CARTESIAN_POINT('Ctrl Pts',(956.554781715677,-303.73889432205,6.06));
#12303=CARTESIAN_POINT('Ctrl Pts',(956.445144996927,-303.776845493925,6.06));
#12304=CARTESIAN_POINT('Ctrl Pts',(957.107182106302,-303.625040806425,6.51));
#12305=CARTESIAN_POINT('Ctrl Pts',(957.107182106302,-303.625040806425,6.06));
#12306=CARTESIAN_POINT('Ctrl Pts',(957.107182106302,-303.641907993925,6.51));
#12307=CARTESIAN_POINT('Ctrl Pts',(957.107182106302,-303.641907993925,6.06));
#12308=CARTESIAN_POINT('Ctrl Pts',(957.001762184427,-303.667208775175,6.51));
#12309=CARTESIAN_POINT('Ctrl Pts',(957.001762184427,-303.667208775175,6.06));
#12310=CARTESIAN_POINT('Ctrl Pts',(956.875258278177,-303.684075962675,6.51));
#12311=CARTESIAN_POINT('Ctrl Pts',(956.875258278177,-303.684075962675,6.06));
#12312=CARTESIAN_POINT('',(957.107182106302,-303.625040806425,6.51));
#12313=CARTESIAN_POINT('Ctrl Pts',(957.107182106302,-303.625040806425,6.51));
#12314=CARTESIAN_POINT('Ctrl Pts',(957.107182106302,-303.641907993925,6.51));
#12315=CARTESIAN_POINT('Ctrl Pts',(957.001762184427,-303.667208775175,6.51));
#12316=CARTESIAN_POINT('Ctrl Pts',(956.875258278177,-303.684075962675,6.51));
#12317=CARTESIAN_POINT('',(957.107182106302,-303.625040806425,6.06));
#12318=CARTESIAN_POINT('',(957.107182106302,-303.625040806425,6.51));
#12319=CARTESIAN_POINT('Ctrl Pts',(957.107182106302,-303.625040806425,6.06));
#12320=CARTESIAN_POINT('Ctrl Pts',(957.107182106302,-303.641907993925,6.06));
#12321=CARTESIAN_POINT('Ctrl Pts',(957.001762184427,-303.667208775175,6.06));
#12322=CARTESIAN_POINT('Ctrl Pts',(956.875258278177,-303.684075962675,6.06));
#12323=CARTESIAN_POINT('Ctrl Pts',(956.048766090677,-303.506970493925,6.51));
#12324=CARTESIAN_POINT('Ctrl Pts',(956.048766090677,-303.506970493925,6.06));
#12325=CARTESIAN_POINT('Ctrl Pts',(956.516830543802,-303.490103306425,6.51));
#12326=CARTESIAN_POINT('Ctrl Pts',(956.516830543802,-303.490103306425,6.06));
#12327=CARTESIAN_POINT('Ctrl Pts',(957.107182106302,-303.55335525955,6.51));
#12328=CARTESIAN_POINT('Ctrl Pts',(957.107182106302,-303.55335525955,6.06));
#12329=CARTESIAN_POINT('Ctrl Pts',(957.107182106302,-303.625040806425,6.51));
#12330=CARTESIAN_POINT('Ctrl Pts',(957.107182106302,-303.625040806425,6.06));
#12331=CARTESIAN_POINT('',(956.048766090677,-303.506970493925,6.51));
#12332=CARTESIAN_POINT('Ctrl Pts',(956.048766090677,-303.506970493925,6.51));
#12333=CARTESIAN_POINT('Ctrl Pts',(956.516830543802,-303.490103306425,6.51));
#12334=CARTESIAN_POINT('Ctrl Pts',(957.107182106302,-303.55335525955,6.51));
#12335=CARTESIAN_POINT('Ctrl Pts',(957.107182106302,-303.625040806425,6.51));
#12336=CARTESIAN_POINT('',(956.048766090677,-303.506970493925,6.06));
#12337=CARTESIAN_POINT('',(956.048766090677,-303.506970493925,6.51));
#12338=CARTESIAN_POINT('Ctrl Pts',(956.048766090677,-303.506970493925,6.06));
#12339=CARTESIAN_POINT('Ctrl Pts',(956.516830543802,-303.490103306425,6.06));
#12340=CARTESIAN_POINT('Ctrl Pts',(957.107182106302,-303.55335525955,6.06));
#12341=CARTESIAN_POINT('Ctrl Pts',(957.107182106302,-303.625040806425,6.06));
#12342=CARTESIAN_POINT('Ctrl Pts',(954.927098121927,-303.8316638533,6.51));
#12343=CARTESIAN_POINT('Ctrl Pts',(954.927098121927,-303.8316638533,6.06));
#12344=CARTESIAN_POINT('Ctrl Pts',(955.222273903177,-303.616607212675,6.51));
#12345=CARTESIAN_POINT('Ctrl Pts',(955.222273903177,-303.616607212675,6.06));
#12346=CARTESIAN_POINT('Ctrl Pts',(955.521666481302,-303.532271275175,6.51));
#12347=CARTESIAN_POINT('Ctrl Pts',(955.521666481302,-303.532271275175,6.06));
#12348=CARTESIAN_POINT('Ctrl Pts',(956.048766090677,-303.506970493925,6.51));
#12349=CARTESIAN_POINT('Ctrl Pts',(956.048766090677,-303.506970493925,6.06));
#12350=CARTESIAN_POINT('',(954.927098121927,-303.8316638533,6.51));
#12351=CARTESIAN_POINT('Ctrl Pts',(954.927098121927,-303.8316638533,6.51));
#12352=CARTESIAN_POINT('Ctrl Pts',(955.222273903177,-303.616607212675,6.51));
#12353=CARTESIAN_POINT('Ctrl Pts',(955.521666481302,-303.532271275175,6.51));
#12354=CARTESIAN_POINT('Ctrl Pts',(956.048766090677,-303.506970493925,6.51));
#12355=CARTESIAN_POINT('',(954.927098121927,-303.8316638533,6.06));
#12356=CARTESIAN_POINT('',(954.927098121927,-303.8316638533,6.51));
#12357=CARTESIAN_POINT('Ctrl Pts',(954.927098121927,-303.8316638533,6.06));
#12358=CARTESIAN_POINT('Ctrl Pts',(955.222273903177,-303.616607212675,6.06));
#12359=CARTESIAN_POINT('Ctrl Pts',(955.521666481302,-303.532271275175,6.06));
#12360=CARTESIAN_POINT('Ctrl Pts',(956.048766090677,-303.506970493925,6.06));
#12361=CARTESIAN_POINT('Ctrl Pts',(954.581320778177,-303.9834685408,6.51));
#12362=CARTESIAN_POINT('Ctrl Pts',(954.581320778177,-303.9834685408,6.06));
#12363=CARTESIAN_POINT('Ctrl Pts',(954.678307106302,-303.9666013533,6.51));
#12364=CARTESIAN_POINT('Ctrl Pts',(954.678307106302,-303.9666013533,6.06));
#12365=CARTESIAN_POINT('Ctrl Pts',(954.834328590677,-303.8991326033,6.51));
#12366=CARTESIAN_POINT('Ctrl Pts',(954.834328590677,-303.8991326033,6.06));
#12367=CARTESIAN_POINT('Ctrl Pts',(954.927098121927,-303.8316638533,6.51));
#12368=CARTESIAN_POINT('Ctrl Pts',(954.927098121927,-303.8316638533,6.06));
#12369=CARTESIAN_POINT('',(954.581320778177,-303.9834685408,6.51));
#12370=CARTESIAN_POINT('Ctrl Pts',(954.581320778177,-303.9834685408,6.51));
#12371=CARTESIAN_POINT('Ctrl Pts',(954.678307106302,-303.9666013533,6.51));
#12372=CARTESIAN_POINT('Ctrl Pts',(954.834328590677,-303.8991326033,6.51));
#12373=CARTESIAN_POINT('Ctrl Pts',(954.927098121927,-303.8316638533,6.51));
#12374=CARTESIAN_POINT('',(954.581320778177,-303.9834685408,6.06));
#12375=CARTESIAN_POINT('',(954.581320778177,-303.9834685408,6.51));
#12376=CARTESIAN_POINT('Ctrl Pts',(954.581320778177,-303.9834685408,6.06));
#12377=CARTESIAN_POINT('Ctrl Pts',(954.678307106302,-303.9666013533,6.06));
#12378=CARTESIAN_POINT('Ctrl Pts',(954.834328590677,-303.8991326033,6.06));
#12379=CARTESIAN_POINT('Ctrl Pts',(954.927098121927,-303.8316638533,6.06));
#12380=CARTESIAN_POINT('Ctrl Pts',(954.450600075052,-303.9328669783,6.51));
#12381=CARTESIAN_POINT('Ctrl Pts',(954.450600075052,-303.9328669783,6.06));
#12382=CARTESIAN_POINT('Ctrl Pts',(954.404215309427,-304.00876932205,6.51));
#12383=CARTESIAN_POINT('Ctrl Pts',(954.404215309427,-304.00876932205,6.06));
#12384=CARTESIAN_POINT('Ctrl Pts',(954.412648903177,-304.012986118925,6.51));
#12385=CARTESIAN_POINT('Ctrl Pts',(954.412648903177,-304.012986118925,6.06));
#12386=CARTESIAN_POINT('Ctrl Pts',(954.581320778177,-303.9834685408,6.51));
#12387=CARTESIAN_POINT('Ctrl Pts',(954.581320778177,-303.9834685408,6.06));
#12388=CARTESIAN_POINT('',(954.450600075052,-303.9328669783,6.51));
#12389=CARTESIAN_POINT('Ctrl Pts',(954.450600075052,-303.9328669783,6.51));
#12390=CARTESIAN_POINT('Ctrl Pts',(954.404215309427,-304.00876932205,6.51));
#12391=CARTESIAN_POINT('Ctrl Pts',(954.412648903177,-304.012986118925,6.51));
#12392=CARTESIAN_POINT('Ctrl Pts',(954.581320778177,-303.9834685408,6.51));
#12393=CARTESIAN_POINT('',(954.450600075052,-303.9328669783,6.06));
#12394=CARTESIAN_POINT('',(954.450600075052,-303.9328669783,6.51));
#12395=CARTESIAN_POINT('Ctrl Pts',(954.450600075052,-303.9328669783,6.06));
#12396=CARTESIAN_POINT('Ctrl Pts',(954.404215309427,-304.00876932205,6.06));
#12397=CARTESIAN_POINT('Ctrl Pts',(954.412648903177,-304.012986118925,6.06));
#12398=CARTESIAN_POINT('Ctrl Pts',(954.581320778177,-303.9834685408,6.06));
#12399=CARTESIAN_POINT('Ctrl Pts',(955.420463356302,-303.287697056425,6.51));
#12400=CARTESIAN_POINT('Ctrl Pts',(955.420463356302,-303.287697056425,6.06));
#12401=CARTESIAN_POINT('Ctrl Pts',(954.914447731302,-303.5449216658,6.51));
#12402=CARTESIAN_POINT('Ctrl Pts',(954.914447731302,-303.5449216658,6.06));
#12403=CARTESIAN_POINT('Ctrl Pts',(954.539152809427,-303.7979294783,6.51));
#12404=CARTESIAN_POINT('Ctrl Pts',(954.539152809427,-303.7979294783,6.06));
#12405=CARTESIAN_POINT('Ctrl Pts',(954.450600075052,-303.9328669783,6.51));
#12406=CARTESIAN_POINT('Ctrl Pts',(954.450600075052,-303.9328669783,6.06));
#12407=CARTESIAN_POINT('',(955.420463356302,-303.287697056425,6.51));
#12408=CARTESIAN_POINT('Ctrl Pts',(955.420463356302,-303.287697056425,6.51));
#12409=CARTESIAN_POINT('Ctrl Pts',(954.914447731302,-303.5449216658,6.51));
#12410=CARTESIAN_POINT('Ctrl Pts',(954.539152809427,-303.7979294783,6.51));
#12411=CARTESIAN_POINT('Ctrl Pts',(954.450600075052,-303.9328669783,6.51));
#12412=CARTESIAN_POINT('',(955.420463356302,-303.287697056425,6.06));
#12413=CARTESIAN_POINT('',(955.420463356302,-303.287697056425,6.51));
#12414=CARTESIAN_POINT('Ctrl Pts',(955.420463356302,-303.287697056425,6.06));
#12415=CARTESIAN_POINT('Ctrl Pts',(954.914447731302,-303.5449216658,6.06));
#12416=CARTESIAN_POINT('Ctrl Pts',(954.539152809427,-303.7979294783,6.06));
#12417=CARTESIAN_POINT('Ctrl Pts',(954.450600075052,-303.9328669783,6.06));
#12418=CARTESIAN_POINT('Ctrl Pts',(956.647551246927,-302.33891775955,6.51));
#12419=CARTESIAN_POINT('Ctrl Pts',(956.647551246927,-302.33891775955,6.06));
#12420=CARTESIAN_POINT('Ctrl Pts',(956.386109840677,-302.6846951033,6.51));
#12421=CARTESIAN_POINT('Ctrl Pts',(956.386109840677,-302.6846951033,6.06));
#12422=CARTESIAN_POINT('Ctrl Pts',(955.968646950052,-303.0051716658,6.51));
#12423=CARTESIAN_POINT('Ctrl Pts',(955.968646950052,-303.0051716658,6.06));
#12424=CARTESIAN_POINT('Ctrl Pts',(955.420463356302,-303.287697056425,6.51));
#12425=CARTESIAN_POINT('Ctrl Pts',(955.420463356302,-303.287697056425,6.06));
#12426=CARTESIAN_POINT('',(956.647551246927,-302.33891775955,6.51));
#12427=CARTESIAN_POINT('Ctrl Pts',(956.647551246927,-302.33891775955,6.51));
#12428=CARTESIAN_POINT('Ctrl Pts',(956.386109840677,-302.6846951033,6.51));
#12429=CARTESIAN_POINT('Ctrl Pts',(955.968646950052,-303.0051716658,6.51));
#12430=CARTESIAN_POINT('Ctrl Pts',(955.420463356302,-303.287697056425,6.51));
#12431=CARTESIAN_POINT('',(956.647551246927,-302.33891775955,6.06));
#12432=CARTESIAN_POINT('',(956.647551246927,-302.33891775955,6.51));
#12433=CARTESIAN_POINT('Ctrl Pts',(956.647551246927,-302.33891775955,6.06));
#12434=CARTESIAN_POINT('Ctrl Pts',(956.386109840677,-302.6846951033,6.06));
#12435=CARTESIAN_POINT('Ctrl Pts',(955.968646950052,-303.0051716658,6.06));
#12436=CARTESIAN_POINT('Ctrl Pts',(955.420463356302,-303.287697056425,6.06));
#12437=CARTESIAN_POINT('Ctrl Pts',(956.807789528177,-302.090126743925,6.51));
#12438=CARTESIAN_POINT('Ctrl Pts',(956.807789528177,-302.090126743925,6.06));
#12439=CARTESIAN_POINT('Ctrl Pts',(956.816223121927,-302.098560337675,6.51));
#12440=CARTESIAN_POINT('Ctrl Pts',(956.816223121927,-302.098560337675,6.06));
#12441=CARTESIAN_POINT('Ctrl Pts',(956.744537575052,-302.208197056425,6.51));
#12442=CARTESIAN_POINT('Ctrl Pts',(956.744537575052,-302.208197056425,6.06));
#12443=CARTESIAN_POINT('Ctrl Pts',(956.647551246927,-302.33891775955,6.51));
#12444=CARTESIAN_POINT('Ctrl Pts',(956.647551246927,-302.33891775955,6.06));
#12445=CARTESIAN_POINT('',(956.807789528177,-302.090126743925,6.51));
#12446=CARTESIAN_POINT('Ctrl Pts',(956.807789528177,-302.090126743925,6.51));
#12447=CARTESIAN_POINT('Ctrl Pts',(956.816223121927,-302.098560337675,6.51));
#12448=CARTESIAN_POINT('Ctrl Pts',(956.744537575052,-302.208197056425,6.51));
#12449=CARTESIAN_POINT('Ctrl Pts',(956.647551246927,-302.33891775955,6.51));
#12450=CARTESIAN_POINT('',(956.807789528177,-302.090126743925,6.06));
#12451=CARTESIAN_POINT('',(956.807789528177,-302.090126743925,6.51));
#12452=CARTESIAN_POINT('Ctrl Pts',(956.807789528177,-302.090126743925,6.06));
#12453=CARTESIAN_POINT('Ctrl Pts',(956.816223121927,-302.098560337675,6.06));
#12454=CARTESIAN_POINT('Ctrl Pts',(956.744537575052,-302.208197056425,6.06));
#12455=CARTESIAN_POINT('Ctrl Pts',(956.647551246927,-302.33891775955,6.06));
#12456=CARTESIAN_POINT('Ctrl Pts',(956.580082496927,-302.1955466658,6.51));
#12457=CARTESIAN_POINT('Ctrl Pts',(956.580082496927,-302.1955466658,6.06));
#12458=CARTESIAN_POINT('Ctrl Pts',(956.698152809427,-302.1280779158,6.51));
#12459=CARTESIAN_POINT('Ctrl Pts',(956.698152809427,-302.1280779158,6.06));
#12460=CARTESIAN_POINT('Ctrl Pts',(956.799355934427,-302.081693150175,6.51));
#12461=CARTESIAN_POINT('Ctrl Pts',(956.799355934427,-302.081693150175,6.06));
#12462=CARTESIAN_POINT('Ctrl Pts',(956.807789528177,-302.090126743925,6.51));
#12463=CARTESIAN_POINT('Ctrl Pts',(956.807789528177,-302.090126743925,6.06));
#12464=CARTESIAN_POINT('Ctrl Pts',(956.580082496927,-302.1955466658,6.51));
#12465=CARTESIAN_POINT('Ctrl Pts',(956.698152809427,-302.1280779158,6.51));
#12466=CARTESIAN_POINT('Ctrl Pts',(956.799355934427,-302.081693150175,6.51));
#12467=CARTESIAN_POINT('Ctrl Pts',(956.807789528177,-302.090126743925,6.51));
#12468=CARTESIAN_POINT('Ctrl Pts',(956.580082496927,-302.1955466658,6.06));
#12469=CARTESIAN_POINT('Ctrl Pts',(956.698152809427,-302.1280779158,6.06));
#12470=CARTESIAN_POINT('Ctrl Pts',(956.799355934427,-302.081693150175,6.06));
#12471=CARTESIAN_POINT('Ctrl Pts',(956.807789528177,-302.090126743925,6.06));
#12472=CARTESIAN_POINT('Origin',(954.442166481302,-310.19902713455,6.06));
#12473=CARTESIAN_POINT('Ctrl Pts',(958.604144996927,-307.597263462675,6.51));
#12474=CARTESIAN_POINT('Ctrl Pts',(958.604144996927,-307.597263462675,6.06));
#12475=CARTESIAN_POINT('Ctrl Pts',(958.751732887552,-306.745470493925,6.51));
#12476=CARTESIAN_POINT('Ctrl Pts',(958.751732887552,-306.745470493925,6.06));
#12477=CARTESIAN_POINT('Ctrl Pts',(958.637879371927,-305.9737966658,6.51));
#12478=CARTESIAN_POINT('Ctrl Pts',(958.637879371927,-305.9737966658,6.06));
#12479=CARTESIAN_POINT('Ctrl Pts',(958.224633278177,-304.999716587675,6.51));
#12480=CARTESIAN_POINT('Ctrl Pts',(958.224633278177,-304.999716587675,6.06));
#12481=CARTESIAN_POINT('',(958.604144996927,-307.597263462675,6.51));
#12482=CARTESIAN_POINT('',(958.224633278177,-304.999716587675,6.51));
#12483=CARTESIAN_POINT('Ctrl Pts',(958.604144996927,-307.597263462675,6.51));
#12484=CARTESIAN_POINT('Ctrl Pts',(958.751732887552,-306.745470493925,6.51));
#12485=CARTESIAN_POINT('Ctrl Pts',(958.637879371927,-305.9737966658,6.51));
#12486=CARTESIAN_POINT('Ctrl Pts',(958.224633278177,-304.999716587675,6.51));
#12487=CARTESIAN_POINT('',(958.604144996927,-307.597263462675,6.06));
#12488=CARTESIAN_POINT('',(958.604144996927,-307.597263462675,6.51));
#12489=CARTESIAN_POINT('',(958.224633278177,-304.999716587675,6.06));
#12490=CARTESIAN_POINT('Ctrl Pts',(958.604144996927,-307.597263462675,6.06));
#12491=CARTESIAN_POINT('Ctrl Pts',(958.751732887552,-306.745470493925,6.06));
#12492=CARTESIAN_POINT('Ctrl Pts',(958.637879371927,-305.9737966658,6.06));
#12493=CARTESIAN_POINT('Ctrl Pts',(958.224633278177,-304.999716587675,6.06));
#12494=CARTESIAN_POINT('',(958.224633278177,-304.999716587675,6.51));
#12495=CARTESIAN_POINT('Ctrl Pts',(957.212602028177,-310.0050544783,6.51));
#12496=CARTESIAN_POINT('Ctrl Pts',(957.212602028177,-310.0050544783,6.06));
#12497=CARTESIAN_POINT('Ctrl Pts',(957.857771950052,-309.528556431425,6.51));
#12498=CARTESIAN_POINT('Ctrl Pts',(957.857771950052,-309.528556431425,6.06));
#12499=CARTESIAN_POINT('Ctrl Pts',(958.443906715677,-308.516525181425,6.51));
#12500=CARTESIAN_POINT('Ctrl Pts',(958.443906715677,-308.516525181425,6.06));
#12501=CARTESIAN_POINT('Ctrl Pts',(958.604144996927,-307.597263462675,6.51));
#12502=CARTESIAN_POINT('Ctrl Pts',(958.604144996927,-307.597263462675,6.06));
#12503=CARTESIAN_POINT('',(957.212602028177,-310.0050544783,6.51));
#12504=CARTESIAN_POINT('Ctrl Pts',(957.212602028177,-310.0050544783,6.51));
#12505=CARTESIAN_POINT('Ctrl Pts',(957.857771950052,-309.528556431425,6.51));
#12506=CARTESIAN_POINT('Ctrl Pts',(958.443906715677,-308.516525181425,6.51));
#12507=CARTESIAN_POINT('Ctrl Pts',(958.604144996927,-307.597263462675,6.51));
#12508=CARTESIAN_POINT('',(957.212602028177,-310.0050544783,6.06));
#12509=CARTESIAN_POINT('',(957.212602028177,-310.0050544783,6.51));
#12510=CARTESIAN_POINT('Ctrl Pts',(957.212602028177,-310.0050544783,6.06));
#12511=CARTESIAN_POINT('Ctrl Pts',(957.857771950052,-309.528556431425,6.06));
#12512=CARTESIAN_POINT('Ctrl Pts',(958.443906715677,-308.516525181425,6.06));
#12513=CARTESIAN_POINT('Ctrl Pts',(958.604144996927,-307.597263462675,6.06));
#12514=CARTESIAN_POINT('Origin',(957.043930153177,-310.127341587675,6.51));
#12515=CARTESIAN_POINT('',(957.043930153177,-310.127341587675,6.51));
#12516=CARTESIAN_POINT('',(947.521855477419,-317.0308457276,6.51));
#12517=CARTESIAN_POINT('',(957.043930153177,-310.127341587675,6.06));
#12518=CARTESIAN_POINT('',(957.043930153177,-310.127341587675,6.51));
#12519=CARTESIAN_POINT('',(957.212602028177,-310.0050544783,6.06));
#12520=CARTESIAN_POINT('Origin',(957.212602028177,-310.09782400955,6.51));
#12521=CARTESIAN_POINT('',(957.212602028177,-310.09782400955,6.51));
#12522=CARTESIAN_POINT('',(949.424410663035,-311.460757498451,6.51));
#12523=CARTESIAN_POINT('',(957.212602028177,-310.09782400955,6.06));
#12524=CARTESIAN_POINT('',(957.212602028177,-310.09782400955,6.51));
#12525=CARTESIAN_POINT('',(957.043930153177,-310.127341587675,6.06));
#12526=CARTESIAN_POINT('Ctrl Pts',(959.021607887552,-308.676763462675,6.51));
#12527=CARTESIAN_POINT('Ctrl Pts',(959.021607887552,-308.676763462675,6.06));
#12528=CARTESIAN_POINT('Ctrl Pts',(958.705348121927,-309.3303669783,6.51));
#12529=CARTESIAN_POINT('Ctrl Pts',(958.705348121927,-309.3303669783,6.06));
#12530=CARTESIAN_POINT('Ctrl Pts',(957.883072731302,-309.97975369705,6.51));
#12531=CARTESIAN_POINT('Ctrl Pts',(957.883072731302,-309.97975369705,6.06));
#12532=CARTESIAN_POINT('Ctrl Pts',(957.212602028177,-310.09782400955,6.51));
#12533=CARTESIAN_POINT('Ctrl Pts',(957.212602028177,-310.09782400955,6.06));
#12534=CARTESIAN_POINT('',(959.021607887552,-308.676763462675,6.51));
#12535=CARTESIAN_POINT('Ctrl Pts',(959.021607887552,-308.676763462675,6.51));
#12536=CARTESIAN_POINT('Ctrl Pts',(958.705348121927,-309.3303669783,6.51));
#12537=CARTESIAN_POINT('Ctrl Pts',(957.883072731302,-309.97975369705,6.51));
#12538=CARTESIAN_POINT('Ctrl Pts',(957.212602028177,-310.09782400955,6.51));
#12539=CARTESIAN_POINT('',(959.021607887552,-308.676763462675,6.06));
#12540=CARTESIAN_POINT('',(959.021607887552,-308.676763462675,6.51));
#12541=CARTESIAN_POINT('Ctrl Pts',(959.021607887552,-308.676763462675,6.06));
#12542=CARTESIAN_POINT('Ctrl Pts',(958.705348121927,-309.3303669783,6.06));
#12543=CARTESIAN_POINT('Ctrl Pts',(957.883072731302,-309.97975369705,6.06));
#12544=CARTESIAN_POINT('Ctrl Pts',(957.212602028177,-310.09782400955,6.06));
#12545=CARTESIAN_POINT('Ctrl Pts',(959.194496559427,-308.2508669783,6.51));
#12546=CARTESIAN_POINT('Ctrl Pts',(959.194496559427,-308.2508669783,6.06));
#12547=CARTESIAN_POINT('Ctrl Pts',(959.181846168802,-308.3183357283,6.51));
#12548=CARTESIAN_POINT('Ctrl Pts',(959.181846168802,-308.3183357283,6.06));
#12549=CARTESIAN_POINT('Ctrl Pts',(959.101727028177,-308.508091587675,6.51));
#12550=CARTESIAN_POINT('Ctrl Pts',(959.101727028177,-308.508091587675,6.06));
#12551=CARTESIAN_POINT('Ctrl Pts',(959.021607887552,-308.676763462675,6.51));
#12552=CARTESIAN_POINT('Ctrl Pts',(959.021607887552,-308.676763462675,6.06));
#12553=CARTESIAN_POINT('',(959.194496559427,-308.2508669783,6.51));
#12554=CARTESIAN_POINT('Ctrl Pts',(959.194496559427,-308.2508669783,6.51));
#12555=CARTESIAN_POINT('Ctrl Pts',(959.181846168802,-308.3183357283,6.51));
#12556=CARTESIAN_POINT('Ctrl Pts',(959.101727028177,-308.508091587675,6.51));
#12557=CARTESIAN_POINT('Ctrl Pts',(959.021607887552,-308.676763462675,6.51));
#12558=CARTESIAN_POINT('',(959.194496559427,-308.2508669783,6.06));
#12559=CARTESIAN_POINT('',(959.194496559427,-308.2508669783,6.51));
#12560=CARTESIAN_POINT('Ctrl Pts',(959.194496559427,-308.2508669783,6.06));
#12561=CARTESIAN_POINT('Ctrl Pts',(959.181846168802,-308.3183357283,6.06));
#12562=CARTESIAN_POINT('Ctrl Pts',(959.101727028177,-308.508091587675,6.06));
#12563=CARTESIAN_POINT('Ctrl Pts',(959.021607887552,-308.676763462675,6.06));
#12564=CARTESIAN_POINT('Ctrl Pts',(959.481238746927,-308.22556619705,6.51));
#12565=CARTESIAN_POINT('Ctrl Pts',(959.481238746927,-308.22556619705,6.06));
#12566=CARTESIAN_POINT('Ctrl Pts',(959.253531715677,-308.111712681425,6.51));
#12567=CARTESIAN_POINT('Ctrl Pts',(959.253531715677,-308.111712681425,6.06));
#12568=CARTESIAN_POINT('Ctrl Pts',(959.232447731302,-308.111712681425,6.51));
#12569=CARTESIAN_POINT('Ctrl Pts',(959.232447731302,-308.111712681425,6.06));
#12570=CARTESIAN_POINT('Ctrl Pts',(959.194496559427,-308.2508669783,6.51));
#12571=CARTESIAN_POINT('Ctrl Pts',(959.194496559427,-308.2508669783,6.06));
#12572=CARTESIAN_POINT('',(959.481238746927,-308.22556619705,6.51));
#12573=CARTESIAN_POINT('Ctrl Pts',(959.481238746927,-308.22556619705,6.51));
#12574=CARTESIAN_POINT('Ctrl Pts',(959.253531715677,-308.111712681425,6.51));
#12575=CARTESIAN_POINT('Ctrl Pts',(959.232447731302,-308.111712681425,6.51));
#12576=CARTESIAN_POINT('Ctrl Pts',(959.194496559427,-308.2508669783,6.51));
#12577=CARTESIAN_POINT('',(959.481238746927,-308.22556619705,6.06));
#12578=CARTESIAN_POINT('',(959.481238746927,-308.22556619705,6.51));
#12579=CARTESIAN_POINT('Ctrl Pts',(959.481238746927,-308.22556619705,6.06));
#12580=CARTESIAN_POINT('Ctrl Pts',(959.253531715677,-308.111712681425,6.06));
#12581=CARTESIAN_POINT('Ctrl Pts',(959.232447731302,-308.111712681425,6.06));
#12582=CARTESIAN_POINT('Ctrl Pts',(959.194496559427,-308.2508669783,6.06));
#12583=CARTESIAN_POINT('Ctrl Pts',(960.370982887552,-308.8918201033,6.51));
#12584=CARTESIAN_POINT('Ctrl Pts',(960.370982887552,-308.8918201033,6.06));
#12585=CARTESIAN_POINT('Ctrl Pts',(960.016771950052,-308.558693150175,6.51));
#12586=CARTESIAN_POINT('Ctrl Pts',(960.016771950052,-308.558693150175,6.06));
#12587=CARTESIAN_POINT('Ctrl Pts',(959.772197731302,-308.37737088455,6.51));
#12588=CARTESIAN_POINT('Ctrl Pts',(959.772197731302,-308.37737088455,6.06));
#12589=CARTESIAN_POINT('Ctrl Pts',(959.481238746927,-308.22556619705,6.51));
#12590=CARTESIAN_POINT('Ctrl Pts',(959.481238746927,-308.22556619705,6.06));
#12591=CARTESIAN_POINT('',(960.370982887552,-308.8918201033,6.51));
#12592=CARTESIAN_POINT('Ctrl Pts',(960.370982887552,-308.8918201033,6.51));
#12593=CARTESIAN_POINT('Ctrl Pts',(960.016771950052,-308.558693150175,6.51));
#12594=CARTESIAN_POINT('Ctrl Pts',(959.772197731302,-308.37737088455,6.51));
#12595=CARTESIAN_POINT('Ctrl Pts',(959.481238746927,-308.22556619705,6.51));
#12596=CARTESIAN_POINT('',(960.370982887552,-308.8918201033,6.06));
#12597=CARTESIAN_POINT('',(960.370982887552,-308.8918201033,6.51));
#12598=CARTESIAN_POINT('Ctrl Pts',(960.370982887552,-308.8918201033,6.06));
#12599=CARTESIAN_POINT('Ctrl Pts',(960.016771950052,-308.558693150175,6.06));
#12600=CARTESIAN_POINT('Ctrl Pts',(959.772197731302,-308.37737088455,6.06));
#12601=CARTESIAN_POINT('Ctrl Pts',(959.481238746927,-308.22556619705,6.06));
#12602=CARTESIAN_POINT('Ctrl Pts',(961.661322731302,-310.8652810408,6.51));
#12603=CARTESIAN_POINT('Ctrl Pts',(961.661322731302,-310.8652810408,6.06));
#12604=CARTESIAN_POINT('Ctrl Pts',(961.391447731302,-310.1231247908,6.51));
#12605=CARTESIAN_POINT('Ctrl Pts',(961.391447731302,-310.1231247908,6.06));
#12606=CARTESIAN_POINT('Ctrl Pts',(960.944467262552,-309.44000369705,6.51));
#12607=CARTESIAN_POINT('Ctrl Pts',(960.944467262552,-309.44000369705,6.06));
#12608=CARTESIAN_POINT('Ctrl Pts',(960.370982887552,-308.8918201033,6.51));
#12609=CARTESIAN_POINT('Ctrl Pts',(960.370982887552,-308.8918201033,6.06));
#12610=CARTESIAN_POINT('',(961.661322731302,-310.8652810408,6.51));
#12611=CARTESIAN_POINT('Ctrl Pts',(961.661322731302,-310.8652810408,6.51));
#12612=CARTESIAN_POINT('Ctrl Pts',(961.391447731302,-310.1231247908,6.51));
#12613=CARTESIAN_POINT('Ctrl Pts',(960.944467262552,-309.44000369705,6.51));
#12614=CARTESIAN_POINT('Ctrl Pts',(960.370982887552,-308.8918201033,6.51));
#12615=CARTESIAN_POINT('',(961.661322731302,-310.8652810408,6.06));
#12616=CARTESIAN_POINT('',(961.661322731302,-310.8652810408,6.51));
#12617=CARTESIAN_POINT('Ctrl Pts',(961.661322731302,-310.8652810408,6.06));
#12618=CARTESIAN_POINT('Ctrl Pts',(961.391447731302,-310.1231247908,6.06));
#12619=CARTESIAN_POINT('Ctrl Pts',(960.944467262552,-309.44000369705,6.06));
#12620=CARTESIAN_POINT('Ctrl Pts',(960.370982887552,-308.8918201033,6.06));
#12621=CARTESIAN_POINT('Ctrl Pts',(961.779393043802,-311.130939243925,6.51));
#12622=CARTESIAN_POINT('Ctrl Pts',(961.779393043802,-311.130939243925,6.06));
#12623=CARTESIAN_POINT('Ctrl Pts',(961.766742653177,-311.130939243925,6.51));
#12624=CARTESIAN_POINT('Ctrl Pts',(961.766742653177,-311.130939243925,6.06));
#12625=CARTESIAN_POINT('Ctrl Pts',(961.711924293802,-311.012868931425,6.51));
#12626=CARTESIAN_POINT('Ctrl Pts',(961.711924293802,-311.012868931425,6.06));
#12627=CARTESIAN_POINT('Ctrl Pts',(961.661322731302,-310.8652810408,6.51));
#12628=CARTESIAN_POINT('Ctrl Pts',(961.661322731302,-310.8652810408,6.06));
#12629=CARTESIAN_POINT('',(961.779393043802,-311.130939243925,6.51));
#12630=CARTESIAN_POINT('Ctrl Pts',(961.779393043802,-311.130939243925,6.51));
#12631=CARTESIAN_POINT('Ctrl Pts',(961.766742653177,-311.130939243925,6.51));
#12632=CARTESIAN_POINT('Ctrl Pts',(961.711924293802,-311.012868931425,6.51));
#12633=CARTESIAN_POINT('Ctrl Pts',(961.661322731302,-310.8652810408,6.51));
#12634=CARTESIAN_POINT('',(961.779393043802,-311.130939243925,6.06));
#12635=CARTESIAN_POINT('',(961.779393043802,-311.130939243925,6.51));
#12636=CARTESIAN_POINT('Ctrl Pts',(961.779393043802,-311.130939243925,6.06));
#12637=CARTESIAN_POINT('Ctrl Pts',(961.766742653177,-311.130939243925,6.06));
#12638=CARTESIAN_POINT('Ctrl Pts',(961.711924293802,-311.012868931425,6.06));
#12639=CARTESIAN_POINT('Ctrl Pts',(961.661322731302,-310.8652810408,6.06));
#12640=CARTESIAN_POINT('Ctrl Pts',(961.657105934427,-309.62554275955,6.51));
#12641=CARTESIAN_POINT('Ctrl Pts',(961.657105934427,-309.62554275955,6.06));
#12642=CARTESIAN_POINT('Ctrl Pts',(961.737225075052,-309.99662088455,6.51));
#12643=CARTESIAN_POINT('Ctrl Pts',(961.737225075052,-309.99662088455,6.06));
#12644=CARTESIAN_POINT('Ctrl Pts',(961.829994606302,-311.130939243925,6.51));
#12645=CARTESIAN_POINT('Ctrl Pts',(961.829994606302,-311.130939243925,6.06));
#12646=CARTESIAN_POINT('Ctrl Pts',(961.779393043802,-311.130939243925,6.51));
#12647=CARTESIAN_POINT('Ctrl Pts',(961.779393043802,-311.130939243925,6.06));
#12648=CARTESIAN_POINT('',(961.657105934427,-309.62554275955,6.51));
#12649=CARTESIAN_POINT('Ctrl Pts',(961.657105934427,-309.62554275955,6.51));
#12650=CARTESIAN_POINT('Ctrl Pts',(961.737225075052,-309.99662088455,6.51));
#12651=CARTESIAN_POINT('Ctrl Pts',(961.829994606302,-311.130939243925,6.51));
#12652=CARTESIAN_POINT('Ctrl Pts',(961.779393043802,-311.130939243925,6.51));
#12653=CARTESIAN_POINT('',(961.657105934427,-309.62554275955,6.06));
#12654=CARTESIAN_POINT('',(961.657105934427,-309.62554275955,6.51));
#12655=CARTESIAN_POINT('Ctrl Pts',(961.657105934427,-309.62554275955,6.06));
#12656=CARTESIAN_POINT('Ctrl Pts',(961.737225075052,-309.99662088455,6.06));
#12657=CARTESIAN_POINT('Ctrl Pts',(961.829994606302,-311.130939243925,6.06));
#12658=CARTESIAN_POINT('Ctrl Pts',(961.779393043802,-311.130939243925,6.06));
#12659=CARTESIAN_POINT('Ctrl Pts',(958.355353981302,-305.016583775175,6.51));
#12660=CARTESIAN_POINT('Ctrl Pts',(958.355353981302,-305.016583775175,6.06));
#12661=CARTESIAN_POINT('Ctrl Pts',(960.054723121927,-306.045482212675,6.51));
#12662=CARTESIAN_POINT('Ctrl Pts',(960.054723121927,-306.045482212675,6.06));
#12663=CARTESIAN_POINT('Ctrl Pts',(961.239643043802,-307.698466587675,6.51));
#12664=CARTESIAN_POINT('Ctrl Pts',(961.239643043802,-307.698466587675,6.06));
#12665=CARTESIAN_POINT('Ctrl Pts',(961.657105934427,-309.62554275955,6.51));
#12666=CARTESIAN_POINT('Ctrl Pts',(961.657105934427,-309.62554275955,6.06));
#12667=CARTESIAN_POINT('',(958.355353981302,-305.016583775175,6.51));
#12668=CARTESIAN_POINT('Ctrl Pts',(958.355353981302,-305.016583775175,6.51));
#12669=CARTESIAN_POINT('Ctrl Pts',(960.054723121927,-306.045482212675,6.51));
#12670=CARTESIAN_POINT('Ctrl Pts',(961.239643043802,-307.698466587675,6.51));
#12671=CARTESIAN_POINT('Ctrl Pts',(961.657105934427,-309.62554275955,6.51));
#12672=CARTESIAN_POINT('',(958.355353981302,-305.016583775175,6.06));
#12673=CARTESIAN_POINT('',(958.355353981302,-305.016583775175,6.51));
#12674=CARTESIAN_POINT('Ctrl Pts',(958.355353981302,-305.016583775175,6.06));
#12675=CARTESIAN_POINT('Ctrl Pts',(960.054723121927,-306.045482212675,6.06));
#12676=CARTESIAN_POINT('Ctrl Pts',(961.239643043802,-307.698466587675,6.06));
#12677=CARTESIAN_POINT('Ctrl Pts',(961.657105934427,-309.62554275955,6.06));
#12678=CARTESIAN_POINT('Ctrl Pts',(958.224633278177,-304.999716587675,6.51));
#12679=CARTESIAN_POINT('Ctrl Pts',(958.224633278177,-304.999716587675,6.06));
#12680=CARTESIAN_POINT('Ctrl Pts',(958.190898903177,-304.923814243925,6.51));
#12681=CARTESIAN_POINT('Ctrl Pts',(958.190898903177,-304.923814243925,6.06));
#12682=CARTESIAN_POINT('Ctrl Pts',(958.203549293802,-304.923814243925,6.51));
#12683=CARTESIAN_POINT('Ctrl Pts',(958.203549293802,-304.923814243925,6.06));
#12684=CARTESIAN_POINT('Ctrl Pts',(958.355353981302,-305.016583775175,6.51));
#12685=CARTESIAN_POINT('Ctrl Pts',(958.355353981302,-305.016583775175,6.06));
#12686=CARTESIAN_POINT('Ctrl Pts',(958.224633278177,-304.999716587675,6.51));
#12687=CARTESIAN_POINT('Ctrl Pts',(958.190898903177,-304.923814243925,6.51));
#12688=CARTESIAN_POINT('Ctrl Pts',(958.203549293802,-304.923814243925,6.51));
#12689=CARTESIAN_POINT('Ctrl Pts',(958.355353981302,-305.016583775175,6.51));
#12690=CARTESIAN_POINT('Ctrl Pts',(958.224633278177,-304.999716587675,6.06));
#12691=CARTESIAN_POINT('Ctrl Pts',(958.190898903177,-304.923814243925,6.06));
#12692=CARTESIAN_POINT('Ctrl Pts',(958.203549293802,-304.923814243925,6.06));
#12693=CARTESIAN_POINT('Ctrl Pts',(958.355353981302,-305.016583775175,6.06));
#12694=CARTESIAN_POINT('Origin',(959.436962379739,-308.027376743925,6.06));
#12695=CARTESIAN_POINT('Ctrl Pts',(947.492885231302,-309.975536900175,6.51));
#12696=CARTESIAN_POINT('Ctrl Pts',(947.492885231302,-309.975536900175,6.06));
#12697=CARTESIAN_POINT('Ctrl Pts',(947.492885231302,-309.7857810408,6.51));
#12698=CARTESIAN_POINT('Ctrl Pts',(947.492885231302,-309.7857810408,6.06));
#12699=CARTESIAN_POINT('Ctrl Pts',(947.505535621927,-309.6171091658,6.51));
#12700=CARTESIAN_POINT('Ctrl Pts',(947.505535621927,-309.6171091658,6.06));
#12701=CARTESIAN_POINT('Ctrl Pts',(947.518186012552,-309.6002419783,6.51));
#12702=CARTESIAN_POINT('Ctrl Pts',(947.518186012552,-309.6002419783,6.06));
#12703=CARTESIAN_POINT('',(947.492885231302,-309.975536900175,6.51));
#12704=CARTESIAN_POINT('',(947.518186012552,-309.6002419783,6.51));
#12705=CARTESIAN_POINT('Ctrl Pts',(947.492885231302,-309.975536900175,6.51));
#12706=CARTESIAN_POINT('Ctrl Pts',(947.492885231302,-309.7857810408,6.51));
#12707=CARTESIAN_POINT('Ctrl Pts',(947.505535621927,-309.6171091658,6.51));
#12708=CARTESIAN_POINT('Ctrl Pts',(947.518186012552,-309.6002419783,6.51));
#12709=CARTESIAN_POINT('',(947.492885231302,-309.975536900175,6.06));
#12710=CARTESIAN_POINT('',(947.492885231302,-309.975536900175,6.51));
#12711=CARTESIAN_POINT('',(947.518186012552,-309.6002419783,6.06));
#12712=CARTESIAN_POINT('Ctrl Pts',(947.492885231302,-309.975536900175,6.06));
#12713=CARTESIAN_POINT('Ctrl Pts',(947.492885231302,-309.7857810408,6.06));
#12714=CARTESIAN_POINT('Ctrl Pts',(947.505535621927,-309.6171091658,6.06));
#12715=CARTESIAN_POINT('Ctrl Pts',(947.518186012552,-309.6002419783,6.06));
#12716=CARTESIAN_POINT('',(947.518186012552,-309.6002419783,6.51));
#12717=CARTESIAN_POINT('Ctrl Pts',(947.598305153177,-310.65444119705,6.51));
#12718=CARTESIAN_POINT('Ctrl Pts',(947.598305153177,-310.65444119705,6.06));
#12719=CARTESIAN_POINT('Ctrl Pts',(947.522402809427,-310.414083775175,6.51));
#12720=CARTESIAN_POINT('Ctrl Pts',(947.522402809427,-310.414083775175,6.06));
#12721=CARTESIAN_POINT('Ctrl Pts',(947.492885231302,-310.23276150955,6.51));
#12722=CARTESIAN_POINT('Ctrl Pts',(947.492885231302,-310.23276150955,6.06));
#12723=CARTESIAN_POINT('Ctrl Pts',(947.492885231302,-309.975536900175,6.51));
#12724=CARTESIAN_POINT('Ctrl Pts',(947.492885231302,-309.975536900175,6.06));
#12725=CARTESIAN_POINT('',(947.598305153177,-310.65444119705,6.51));
#12726=CARTESIAN_POINT('Ctrl Pts',(947.598305153177,-310.65444119705,6.51));
#12727=CARTESIAN_POINT('Ctrl Pts',(947.522402809427,-310.414083775175,6.51));
#12728=CARTESIAN_POINT('Ctrl Pts',(947.492885231302,-310.23276150955,6.51));
#12729=CARTESIAN_POINT('Ctrl Pts',(947.492885231302,-309.975536900175,6.51));
#12730=CARTESIAN_POINT('',(947.598305153177,-310.65444119705,6.06));
#12731=CARTESIAN_POINT('',(947.598305153177,-310.65444119705,6.51));
#12732=CARTESIAN_POINT('Ctrl Pts',(947.598305153177,-310.65444119705,6.06));
#12733=CARTESIAN_POINT('Ctrl Pts',(947.522402809427,-310.414083775175,6.06));
#12734=CARTESIAN_POINT('Ctrl Pts',(947.492885231302,-310.23276150955,6.06));
#12735=CARTESIAN_POINT('Ctrl Pts',(947.492885231302,-309.975536900175,6.06));
#12736=CARTESIAN_POINT('Ctrl Pts',(948.079019996927,-311.510450962675,6.51));
#12737=CARTESIAN_POINT('Ctrl Pts',(948.079019996927,-311.510450962675,6.06));
#12738=CARTESIAN_POINT('Ctrl Pts',(947.998900856302,-311.510450962675,6.51));
#12739=CARTESIAN_POINT('Ctrl Pts',(947.998900856302,-311.510450962675,6.06));
#12740=CARTESIAN_POINT('Ctrl Pts',(947.699508278177,-310.97491775955,6.51));
#12741=CARTESIAN_POINT('Ctrl Pts',(947.699508278177,-310.97491775955,6.06));
#12742=CARTESIAN_POINT('Ctrl Pts',(947.598305153177,-310.65444119705,6.51));
#12743=CARTESIAN_POINT('Ctrl Pts',(947.598305153177,-310.65444119705,6.06));
#12744=CARTESIAN_POINT('',(948.079019996927,-311.510450962675,6.51));
#12745=CARTESIAN_POINT('Ctrl Pts',(948.079019996927,-311.510450962675,6.51));
#12746=CARTESIAN_POINT('Ctrl Pts',(947.998900856302,-311.510450962675,6.51));
#12747=CARTESIAN_POINT('Ctrl Pts',(947.699508278177,-310.97491775955,6.51));
#12748=CARTESIAN_POINT('Ctrl Pts',(947.598305153177,-310.65444119705,6.51));
#12749=CARTESIAN_POINT('',(948.079019996927,-311.510450962675,6.06));
#12750=CARTESIAN_POINT('',(948.079019996927,-311.510450962675,6.51));
#12751=CARTESIAN_POINT('Ctrl Pts',(948.079019996927,-311.510450962675,6.06));
#12752=CARTESIAN_POINT('Ctrl Pts',(947.998900856302,-311.510450962675,6.06));
#12753=CARTESIAN_POINT('Ctrl Pts',(947.699508278177,-310.97491775955,6.06));
#12754=CARTESIAN_POINT('Ctrl Pts',(947.598305153177,-310.65444119705,6.06));
#12755=CARTESIAN_POINT('Ctrl Pts',(948.226607887552,-310.7303435408,6.51));
#12756=CARTESIAN_POINT('Ctrl Pts',(948.226607887552,-310.7303435408,6.06));
#12757=CARTESIAN_POINT('Ctrl Pts',(948.230824684427,-311.080337681425,6.51));
#12758=CARTESIAN_POINT('Ctrl Pts',(948.230824684427,-311.080337681425,6.06));
#12759=CARTESIAN_POINT('Ctrl Pts',(948.146488746927,-311.510450962675,6.51));
#12760=CARTESIAN_POINT('Ctrl Pts',(948.146488746927,-311.510450962675,6.06));
#12761=CARTESIAN_POINT('Ctrl Pts',(948.079019996927,-311.510450962675,6.51));
#12762=CARTESIAN_POINT('Ctrl Pts',(948.079019996927,-311.510450962675,6.06));
#12763=CARTESIAN_POINT('',(948.226607887552,-310.7303435408,6.51));
#12764=CARTESIAN_POINT('Ctrl Pts',(948.226607887552,-310.7303435408,6.51));
#12765=CARTESIAN_POINT('Ctrl Pts',(948.230824684427,-311.080337681425,6.51));
#12766=CARTESIAN_POINT('Ctrl Pts',(948.146488746927,-311.510450962675,6.51));
#12767=CARTESIAN_POINT('Ctrl Pts',(948.079019996927,-311.510450962675,6.51));
#12768=CARTESIAN_POINT('',(948.226607887552,-310.7303435408,6.06));
#12769=CARTESIAN_POINT('',(948.226607887552,-310.7303435408,6.51));
#12770=CARTESIAN_POINT('Ctrl Pts',(948.226607887552,-310.7303435408,6.06));
#12771=CARTESIAN_POINT('Ctrl Pts',(948.230824684427,-311.080337681425,6.06));
#12772=CARTESIAN_POINT('Ctrl Pts',(948.146488746927,-311.510450962675,6.06));
#12773=CARTESIAN_POINT('Ctrl Pts',(948.079019996927,-311.510450962675,6.06));
#12774=CARTESIAN_POINT('Ctrl Pts',(947.973600075052,-309.967103306425,6.51));
#12775=CARTESIAN_POINT('Ctrl Pts',(947.973600075052,-309.967103306425,6.06));
#12776=CARTESIAN_POINT('Ctrl Pts',(948.180223121927,-310.2411951033,6.51));
#12777=CARTESIAN_POINT('Ctrl Pts',(948.180223121927,-310.2411951033,6.06));
#12778=CARTESIAN_POINT('Ctrl Pts',(948.226607887552,-310.380349400175,6.51));
#12779=CARTESIAN_POINT('Ctrl Pts',(948.226607887552,-310.380349400175,6.06));
#12780=CARTESIAN_POINT('Ctrl Pts',(948.226607887552,-310.7303435408,6.51));
#12781=CARTESIAN_POINT('Ctrl Pts',(948.226607887552,-310.7303435408,6.06));
#12782=CARTESIAN_POINT('',(947.973600075052,-309.967103306425,6.51));
#12783=CARTESIAN_POINT('Ctrl Pts',(947.973600075052,-309.967103306425,6.51));
#12784=CARTESIAN_POINT('Ctrl Pts',(948.180223121927,-310.2411951033,6.51));
#12785=CARTESIAN_POINT('Ctrl Pts',(948.226607887552,-310.380349400175,6.51));
#12786=CARTESIAN_POINT('Ctrl Pts',(948.226607887552,-310.7303435408,6.51));
#12787=CARTESIAN_POINT('',(947.973600075052,-309.967103306425,6.06));
#12788=CARTESIAN_POINT('',(947.973600075052,-309.967103306425,6.51));
#12789=CARTESIAN_POINT('Ctrl Pts',(947.973600075052,-309.967103306425,6.06));
#12790=CARTESIAN_POINT('Ctrl Pts',(948.180223121927,-310.2411951033,6.06));
#12791=CARTESIAN_POINT('Ctrl Pts',(948.226607887552,-310.380349400175,6.06));
#12792=CARTESIAN_POINT('Ctrl Pts',(948.226607887552,-310.7303435408,6.06));
#12793=CARTESIAN_POINT('Ctrl Pts',(947.518186012552,-309.6002419783,6.51));
#12794=CARTESIAN_POINT('Ctrl Pts',(947.518186012552,-309.6002419783,6.06));
#12795=CARTESIAN_POINT('Ctrl Pts',(947.551920387552,-309.5665076033,6.51));
#12796=CARTESIAN_POINT('Ctrl Pts',(947.551920387552,-309.5665076033,6.06));
#12797=CARTESIAN_POINT('Ctrl Pts',(947.847096168802,-309.806865025175,6.51));
#12798=CARTESIAN_POINT('Ctrl Pts',(947.847096168802,-309.806865025175,6.06));
#12799=CARTESIAN_POINT('Ctrl Pts',(947.973600075052,-309.967103306425,6.51));
#12800=CARTESIAN_POINT('Ctrl Pts',(947.973600075052,-309.967103306425,6.06));
#12801=CARTESIAN_POINT('Ctrl Pts',(947.518186012552,-309.6002419783,6.51));
#12802=CARTESIAN_POINT('Ctrl Pts',(947.551920387552,-309.5665076033,6.51));
#12803=CARTESIAN_POINT('Ctrl Pts',(947.847096168802,-309.806865025175,6.51));
#12804=CARTESIAN_POINT('Ctrl Pts',(947.973600075052,-309.967103306425,6.51));
#12805=CARTESIAN_POINT('Ctrl Pts',(947.518186012552,-309.6002419783,6.06));
#12806=CARTESIAN_POINT('Ctrl Pts',(947.551920387552,-309.5665076033,6.06));
#12807=CARTESIAN_POINT('Ctrl Pts',(947.847096168802,-309.806865025175,6.06));
#12808=CARTESIAN_POINT('Ctrl Pts',(947.973600075052,-309.967103306425,6.06));
#12809=CARTESIAN_POINT('Origin',(947.861854957864,-310.538479282988,6.06));
#12810=CARTESIAN_POINT('Origin',(945.356294902012,-334.081265868008,6.51));
#12811=CARTESIAN_POINT('Origin',(945.356294902012,-334.081265868008,6.51));
#12812=CARTESIAN_POINT('Origin',(945.356294902012,-334.081265868008,6.51));
#12813=CARTESIAN_POINT('Origin',(945.356294902012,-334.081265868008,6.51));
#12814=CARTESIAN_POINT('Origin',(945.356294902012,-334.081265868008,6.51));
#12815=CARTESIAN_POINT('Origin',(914.01002364549,-315.598777993545,6.51));
#12816=CARTESIAN_POINT('',(914.01002364549,-315.598777993545,6.51));
#12817=CARTESIAN_POINT('',(914.01002364549,-308.01854949287,6.51));
#12818=CARTESIAN_POINT('',(914.01002364549,-324.840021930777,6.51));
#12819=CARTESIAN_POINT('',(914.01002364549,-315.598777993545,5.01));
#12820=CARTESIAN_POINT('',(914.01002364549,-315.598777993545,6.51));
#12821=CARTESIAN_POINT('',(914.01002364549,-308.01854949287,5.01));
#12822=CARTESIAN_POINT('',(914.01002364549,-324.840021930777,5.01));
#12823=CARTESIAN_POINT('',(914.01002364549,-308.01854949287,6.51));
#12824=CARTESIAN_POINT('Origin',(938.390214726306,-315.598777993545,6.51));
#12825=CARTESIAN_POINT('',(938.390214726306,-315.598777993545,6.51));
#12826=CARTESIAN_POINT('',(941.873254814159,-315.598777993545,6.51));
#12827=CARTESIAN_POINT('',(938.390214726306,-315.598777993545,5.01));
#12828=CARTESIAN_POINT('',(938.390214726306,-315.598777993545,6.51));
#12829=CARTESIAN_POINT('',(941.873254814159,-315.598777993545,5.01));
#12830=CARTESIAN_POINT('Origin',(938.390214726306,-308.01854949287,6.51));
#12831=CARTESIAN_POINT('',(938.390214726306,-308.01854949287,6.51));
#12832=CARTESIAN_POINT('',(938.390214726306,-321.049907680439,6.51));
#12833=CARTESIAN_POINT('',(938.390214726306,-308.01854949287,5.01));
#12834=CARTESIAN_POINT('',(938.390214726306,-308.01854949287,6.51));
#12835=CARTESIAN_POINT('',(938.390214726306,-321.049907680439,5.01));
#12836=CARTESIAN_POINT('Origin',(914.01002364549,-308.01854949287,6.51));
#12837=CARTESIAN_POINT('',(929.683159273751,-308.01854949287,6.51));
#12838=CARTESIAN_POINT('',(929.683159273751,-308.01854949287,5.01));
#12839=CARTESIAN_POINT('Origin',(903.612509354606,-304.948312706821,5.01));
#12840=CARTESIAN_POINT('',(906.362509354606,-304.948312706821,1.51));
#12841=CARTESIAN_POINT('Origin',(903.612509354606,-304.948312706821,1.51));
#12842=CARTESIAN_POINT('',(906.362509354606,-304.948312706821,5.01));
#12843=CARTESIAN_POINT('',(906.362509354606,-304.948312706821,5.01));
#12844=CARTESIAN_POINT('Origin',(903.612509354606,-304.948312706821,5.01));
#12845=CARTESIAN_POINT('Origin',(903.612509354606,-304.948312706821,1.51));
#12846=CARTESIAN_POINT('',(905.962509354606,-304.948312706821,1.51));
#12847=CARTESIAN_POINT('Origin',(903.612509354606,-304.948312706821,1.51));
#12848=CARTESIAN_POINT('Origin',(904.112075627515,-362.709186357531,5.01));
#12849=CARTESIAN_POINT('',(908.612075627515,-362.709186357531,1.51));
#12850=CARTESIAN_POINT('Origin',(904.112075627515,-362.709186357531,1.51));
#12851=CARTESIAN_POINT('',(908.612075627515,-362.709186357531,5.01));
#12852=CARTESIAN_POINT('',(908.612075627515,-362.709186357531,5.01));
#12853=CARTESIAN_POINT('Origin',(904.112075627515,-362.709186357531,5.01));
#12854=CARTESIAN_POINT('Origin',(904.112075627515,-362.709186357531,1.51));
#12855=CARTESIAN_POINT('',(906.462075627515,-362.709186357531,1.51));
#12856=CARTESIAN_POINT('Origin',(904.112075627515,-362.709186357531,1.51));
#12857=CARTESIAN_POINT('Origin',(987.100328807057,-304.951544219097,5.01));
#12858=CARTESIAN_POINT('',(991.450328807057,-304.951544219097,1.51));
#12859=CARTESIAN_POINT('Origin',(987.100328807057,-304.951544219097,1.51));
#12860=CARTESIAN_POINT('',(991.450328807057,-304.951544219097,5.01));
#12861=CARTESIAN_POINT('',(991.450328807057,-304.951544219097,5.01));
#12862=CARTESIAN_POINT('Origin',(987.100328807057,-304.951544219097,5.01));
#12863=CARTESIAN_POINT('Origin',(987.100328807057,-304.951544219097,1.51));
#12864=CARTESIAN_POINT('',(989.450328807057,-304.951544219097,1.51));
#12865=CARTESIAN_POINT('Origin',(987.100328807057,-304.951544219097,1.51));
#12866=CARTESIAN_POINT('Origin',(986.598200301095,-362.712653354019,5.01));
#12867=CARTESIAN_POINT('',(991.098200301095,-362.712653354019,1.51));
#12868=CARTESIAN_POINT('Origin',(986.598200301095,-362.712653354019,1.51));
#12869=CARTESIAN_POINT('',(991.098200301095,-362.712653354019,5.01));
#12870=CARTESIAN_POINT('',(991.098200301095,-362.712653354019,5.01));
#12871=CARTESIAN_POINT('Origin',(986.598200301095,-362.712653354019,5.01));
#12872=CARTESIAN_POINT('Origin',(986.598200301095,-362.712653354019,1.51));
#12873=CARTESIAN_POINT('',(988.948200301095,-362.712653354019,1.51));
#12874=CARTESIAN_POINT('Origin',(986.598200301095,-362.712653354019,1.51));
#12875=CARTESIAN_POINT('Origin',(982.606296666543,-305.675014523533,6.51));
#12876=CARTESIAN_POINT('',(982.606296666543,-305.675014523533,6.51));
#12877=CARTESIAN_POINT('',(982.606296666543,-317.975015098252,6.51));
#12878=CARTESIAN_POINT('',(982.606296666543,-319.878140195771,6.51));
#12879=CARTESIAN_POINT('',(982.606296666543,-305.675014523533,5.01));
#12880=CARTESIAN_POINT('',(982.606296666543,-305.675014523533,6.51));
#12881=CARTESIAN_POINT('',(982.606296666543,-317.975015098252,5.01));
#12882=CARTESIAN_POINT('',(982.606296666543,-319.878140195771,5.01));
#12883=CARTESIAN_POINT('',(982.606296666543,-317.975015098252,6.51));
#12884=CARTESIAN_POINT('Origin',(970.306296091824,-305.675014523533,6.51));
#12885=CARTESIAN_POINT('',(970.306296091824,-305.675014523533,6.51));
#12886=CARTESIAN_POINT('',(957.831295496918,-305.675014523533,6.51));
#12887=CARTESIAN_POINT('',(970.306296091824,-305.675014523533,5.01));
#12888=CARTESIAN_POINT('',(970.306296091824,-305.675014523533,6.51));
#12889=CARTESIAN_POINT('',(957.831295496918,-305.675014523533,5.01));
#12890=CARTESIAN_POINT('Origin',(970.306296091824,-317.975015098252,6.51));
#12891=CARTESIAN_POINT('',(970.306296091824,-317.975015098252,6.51));
#12892=CARTESIAN_POINT('',(970.306296091824,-326.02814048313,6.51));
#12893=CARTESIAN_POINT('',(970.306296091824,-317.975015098252,5.01));
#12894=CARTESIAN_POINT('',(970.306296091824,-317.975015098252,6.51));
#12895=CARTESIAN_POINT('',(970.306296091824,-326.02814048313,5.01));
#12896=CARTESIAN_POINT('Origin',(982.606296666543,-317.975015098252,6.51));
#12897=CARTESIAN_POINT('',(963.981295784278,-317.975015098252,6.51));
#12898=CARTESIAN_POINT('',(963.981295784278,-317.975015098252,5.01));
#12899=CARTESIAN_POINT('Origin',(928.335617970074,-357.499555547969,6.51));
#12900=CARTESIAN_POINT('',(928.335617970074,-357.499555547969,6.51));
#12901=CARTESIAN_POINT('',(928.335617970074,-342.635056545623,6.51));
#12902=CARTESIAN_POINT('',(928.335617970074,-345.790410707988,6.51));
#12903=CARTESIAN_POINT('',(928.335617970074,-357.499555547969,5.01));
#12904=CARTESIAN_POINT('',(928.335617970074,-357.499555547969,6.51));
#12905=CARTESIAN_POINT('',(928.335617970074,-342.635056545623,5.01));
#12906=CARTESIAN_POINT('',(928.335617970074,-345.790410707988,5.01));
#12907=CARTESIAN_POINT('',(928.335617970074,-342.635056545623,6.51));
#12908=CARTESIAN_POINT('Origin',(943.199787257556,-357.499555547969,6.51));
#12909=CARTESIAN_POINT('',(943.199787257556,-357.499555547969,6.51));
#12910=CARTESIAN_POINT('',(944.278041079784,-357.499555547969,6.51));
#12911=CARTESIAN_POINT('',(943.199787257556,-357.499555547969,5.01));
#12912=CARTESIAN_POINT('',(943.199787257556,-357.499555547969,6.51));
#12913=CARTESIAN_POINT('',(944.278041079784,-357.499555547969,5.01));
#12914=CARTESIAN_POINT('Origin',(943.199787257556,-342.635056545623,6.51));
#12915=CARTESIAN_POINT('',(943.199787257556,-342.635056545623,6.51));
#12916=CARTESIAN_POINT('',(943.199787257556,-338.358161206815,6.51));
#12917=CARTESIAN_POINT('',(943.199787257556,-342.635056545623,5.01));
#12918=CARTESIAN_POINT('',(943.199787257556,-342.635056545623,6.51));
#12919=CARTESIAN_POINT('',(943.199787257556,-338.358161206815,5.01));
#12920=CARTESIAN_POINT('Origin',(928.335617970074,-342.635056545623,6.51));
#12921=CARTESIAN_POINT('',(936.845956436043,-342.635056545623,6.51));
#12922=CARTESIAN_POINT('',(936.845956436043,-342.635056545623,5.01));
#12923=CARTESIAN_POINT('Origin',(943.199859148757,-338.449555547969,6.51));
#12924=CARTESIAN_POINT('',(943.199859148757,-338.449555547969,6.51));
#12925=CARTESIAN_POINT('',(928.335617970074,-338.449555547969,6.51));
#12926=CARTESIAN_POINT('',(944.278077025385,-338.449555547969,6.51));
#12927=CARTESIAN_POINT('',(943.199859148757,-338.449555547969,5.01));
#12928=CARTESIAN_POINT('',(943.199859148757,-338.449555547969,6.51));
#12929=CARTESIAN_POINT('',(928.335617970074,-338.449555547969,5.01));
#12930=CARTESIAN_POINT('',(944.278077025385,-338.449555547969,5.01));
#12931=CARTESIAN_POINT('',(928.335617970074,-338.449555547969,6.51));
#12932=CARTESIAN_POINT('Origin',(943.199859148757,-323.579540781619,6.51));
#12933=CARTESIAN_POINT('',(943.199859148757,-323.579540781619,6.51));
#12934=CARTESIAN_POINT('',(943.199859148758,-328.830403324813,6.51));
#12935=CARTESIAN_POINT('',(943.199859148757,-323.579540781619,5.01));
#12936=CARTESIAN_POINT('',(943.199859148757,-323.579540781619,6.51));
#12937=CARTESIAN_POINT('',(943.199859148758,-328.830403324813,5.01));
#12938=CARTESIAN_POINT('Origin',(928.335617970074,-323.579540781619,6.51));
#12939=CARTESIAN_POINT('',(928.335617970074,-323.579540781619,6.51));
#12940=CARTESIAN_POINT('',(936.845956436043,-323.579540781619,6.51));
#12941=CARTESIAN_POINT('',(928.335617970074,-323.579540781619,5.01));
#12942=CARTESIAN_POINT('',(928.335617970074,-323.579540781619,6.51));
#12943=CARTESIAN_POINT('',(936.845956436043,-323.579540781619,5.01));
#12944=CARTESIAN_POINT('Origin',(928.335617970074,-338.449555547969,6.51));
#12945=CARTESIAN_POINT('',(928.335617970074,-336.265410707988,6.51));
#12946=CARTESIAN_POINT('',(928.335617970074,-336.265410707988,5.01));
#12947=CARTESIAN_POINT('Origin',(966.435617970074,-342.635056545623,6.51));
#12948=CARTESIAN_POINT('',(966.435617970074,-342.635056545623,6.51));
#12949=CARTESIAN_POINT('',(981.299787258001,-342.635056545623,6.51));
#12950=CARTESIAN_POINT('',(955.895956436043,-342.635056545623,6.51));
#12951=CARTESIAN_POINT('',(966.435617970074,-342.635056545623,5.01));
#12952=CARTESIAN_POINT('',(966.435617970074,-342.635056545623,6.51));
#12953=CARTESIAN_POINT('',(981.299787258001,-342.635056545623,5.01));
#12954=CARTESIAN_POINT('',(955.895956436043,-342.635056545623,5.01));
#12955=CARTESIAN_POINT('',(981.299787258001,-342.635056545623,6.51));
#12956=CARTESIAN_POINT('Origin',(966.435617970074,-357.499371279748,6.51));
#12957=CARTESIAN_POINT('',(966.435617970074,-357.499371279748,6.51));
#12958=CARTESIAN_POINT('',(966.435617970074,-345.790318573878,6.51));
#12959=CARTESIAN_POINT('',(966.435617970074,-357.499371279748,5.01));
#12960=CARTESIAN_POINT('',(966.435617970074,-357.499371279748,6.51));
#12961=CARTESIAN_POINT('',(966.435617970074,-345.790318573878,5.01));
#12962=CARTESIAN_POINT('Origin',(981.299859148312,-357.499371279748,6.51));
#12963=CARTESIAN_POINT('',(981.299859148312,-357.499371279748,6.51));
#12964=CARTESIAN_POINT('',(963.328077025162,-357.499371279748,6.51));
#12965=CARTESIAN_POINT('',(981.299859148312,-357.499371279748,5.01));
#12966=CARTESIAN_POINT('',(981.299859148312,-357.499371279748,6.51));
#12967=CARTESIAN_POINT('',(963.328077025162,-357.499371279748,5.01));
#12968=CARTESIAN_POINT('Origin',(981.299787258001,-342.635056545623,6.51));
#12969=CARTESIAN_POINT('',(981.299766572649,-338.358074287711,6.51));
#12970=CARTESIAN_POINT('',(981.299766572649,-338.358074287711,5.01));
#12971=CARTESIAN_POINT('Origin',(924.184518275868,-342.63492680283,6.51));
#12972=CARTESIAN_POINT('',(924.184518275868,-342.63492680283,6.51));
#12973=CARTESIAN_POINT('',(924.184647718977,-357.499413163934,6.51));
#12974=CARTESIAN_POINT('',(924.184481033121,-338.35818851991,6.51));
#12975=CARTESIAN_POINT('',(924.184518275868,-342.63492680283,5.01));
#12976=CARTESIAN_POINT('',(924.184518275868,-342.63492680283,6.51));
#12977=CARTESIAN_POINT('',(924.184647718977,-357.499413163934,5.01));
#12978=CARTESIAN_POINT('',(924.184481033121,-338.35818851991,5.01));
#12979=CARTESIAN_POINT('',(924.184647718977,-357.499413163934,6.51));
#12980=CARTESIAN_POINT('Origin',(909.285617970074,-342.635056545623,6.51));
#12981=CARTESIAN_POINT('',(909.285617970074,-342.635056545623,6.51));
#12982=CARTESIAN_POINT('',(927.32099367879,-342.634899489735,6.51));
#12983=CARTESIAN_POINT('',(909.285617970074,-342.635056545623,5.01));
#12984=CARTESIAN_POINT('',(909.285617970074,-342.635056545623,6.51));
#12985=CARTESIAN_POINT('',(927.32099367879,-342.634899489735,5.01));
#12986=CARTESIAN_POINT('Origin',(909.285747413182,-357.499542906726,6.51));
#12987=CARTESIAN_POINT('',(909.285747413182,-357.499542906726,6.51));
#12988=CARTESIAN_POINT('',(909.285645448882,-345.790561443254,6.51));
#12989=CARTESIAN_POINT('',(909.285747413182,-357.499542906726,5.01));
#12990=CARTESIAN_POINT('',(909.285747413182,-357.499542906726,6.51));
#12991=CARTESIAN_POINT('',(909.285645448882,-345.790561443254,5.01));
#12992=CARTESIAN_POINT('Origin',(924.184647718977,-357.499413163934,6.51));
#12993=CARTESIAN_POINT('',(934.770573274795,-357.499320979443,6.51));
#12994=CARTESIAN_POINT('',(934.770573274795,-357.499320979443,5.01));
#12995=CARTESIAN_POINT('Origin',(962.249859148757,-323.579540781619,6.51));
#12996=CARTESIAN_POINT('',(962.249859148757,-323.579540781619,6.51));
#12997=CARTESIAN_POINT('',(962.249859148757,-338.449555547969,6.51));
#12998=CARTESIAN_POINT('',(962.249859148757,-328.830403324813,6.51));
#12999=CARTESIAN_POINT('',(962.249859148757,-323.579540781619,5.01));
#13000=CARTESIAN_POINT('',(962.249859148757,-323.579540781619,6.51));
#13001=CARTESIAN_POINT('',(962.249859148757,-338.449555547969,5.01));
#13002=CARTESIAN_POINT('',(962.249859148757,-328.830403324813,5.01));
#13003=CARTESIAN_POINT('',(962.249859148757,-338.449555547969,6.51));
#13004=CARTESIAN_POINT('Origin',(947.385617970074,-323.579540781619,6.51));
#13005=CARTESIAN_POINT('',(947.385617970074,-323.579540781619,6.51));
#13006=CARTESIAN_POINT('',(946.370956436043,-323.579540781619,6.51));
#13007=CARTESIAN_POINT('',(947.385617970074,-323.579540781619,5.01));
#13008=CARTESIAN_POINT('',(947.385617970074,-323.579540781619,6.51));
#13009=CARTESIAN_POINT('',(946.370956436043,-323.579540781619,5.01));
#13010=CARTESIAN_POINT('Origin',(947.385617970074,-338.449555547969,6.51));
#13011=CARTESIAN_POINT('',(947.385617970074,-338.449555547969,6.51));
#13012=CARTESIAN_POINT('',(947.385617970074,-336.265410707988,6.51));
#13013=CARTESIAN_POINT('',(947.385617970074,-338.449555547969,5.01));
#13014=CARTESIAN_POINT('',(947.385617970074,-338.449555547969,6.51));
#13015=CARTESIAN_POINT('',(947.385617970074,-336.265410707988,5.01));
#13016=CARTESIAN_POINT('Origin',(962.249859148757,-338.449555547969,6.51));
#13017=CARTESIAN_POINT('',(953.803077025385,-338.449555547969,6.51));
#13018=CARTESIAN_POINT('',(953.803077025385,-338.449555547969,5.01));
#13019=CARTESIAN_POINT('Origin',(981.299859148757,-323.579540781619,6.51));
#13020=CARTESIAN_POINT('',(981.299859148757,-323.579540781619,6.51));
#13021=CARTESIAN_POINT('',(981.299859148757,-338.449555547969,6.51));
#13022=CARTESIAN_POINT('',(981.299859148758,-328.830403324813,6.51));
#13023=CARTESIAN_POINT('',(981.299859148757,-323.579540781619,5.01));
#13024=CARTESIAN_POINT('',(981.299859148757,-323.579540781619,6.51));
#13025=CARTESIAN_POINT('',(981.299859148757,-338.449555547969,5.01));
#13026=CARTESIAN_POINT('',(981.299859148758,-328.830403324813,5.01));
#13027=CARTESIAN_POINT('',(981.299859148757,-338.449555547969,6.51));
#13028=CARTESIAN_POINT('Origin',(966.435617970074,-323.579540781619,6.51));
#13029=CARTESIAN_POINT('',(966.435617970074,-323.579540781619,6.51));
#13030=CARTESIAN_POINT('',(955.895956436043,-323.579540781619,6.51));
#13031=CARTESIAN_POINT('',(966.435617970074,-323.579540781619,5.01));
#13032=CARTESIAN_POINT('',(966.435617970074,-323.579540781619,6.51));
#13033=CARTESIAN_POINT('',(955.895956436043,-323.579540781619,5.01));
#13034=CARTESIAN_POINT('Origin',(966.435617970074,-338.449555547969,6.51));
#13035=CARTESIAN_POINT('',(966.435617970074,-338.449555547969,6.51));
#13036=CARTESIAN_POINT('',(966.435617970074,-336.265410707988,6.51));
#13037=CARTESIAN_POINT('',(966.435617970074,-338.449555547969,5.01));
#13038=CARTESIAN_POINT('',(966.435617970074,-338.449555547969,6.51));
#13039=CARTESIAN_POINT('',(966.435617970074,-336.265410707988,5.01));
#13040=CARTESIAN_POINT('Origin',(981.299859148757,-338.449555547969,6.51));
#13041=CARTESIAN_POINT('',(963.328077025385,-338.449555547969,6.51));
#13042=CARTESIAN_POINT('',(963.328077025385,-338.449555547969,5.01));
#13043=CARTESIAN_POINT('Origin',(962.249787257779,-342.635056545623,6.51));
#13044=CARTESIAN_POINT('',(962.249787257779,-342.635056545623,6.51));
#13045=CARTESIAN_POINT('',(962.249859148535,-357.499463413858,6.51));
#13046=CARTESIAN_POINT('',(962.249766572649,-338.358120354766,6.51));
#13047=CARTESIAN_POINT('',(962.249787257779,-342.635056545623,5.01));
#13048=CARTESIAN_POINT('',(962.249787257779,-342.635056545623,6.51));
#13049=CARTESIAN_POINT('',(962.249859148535,-357.499463413858,5.01));
#13050=CARTESIAN_POINT('',(962.249766572649,-338.358120354766,5.01));
#13051=CARTESIAN_POINT('',(962.249859148535,-357.499463413858,6.51));
#13052=CARTESIAN_POINT('Origin',(947.385617970074,-342.635056545623,6.51));
#13053=CARTESIAN_POINT('',(947.385617970074,-342.635056545623,6.51));
#13054=CARTESIAN_POINT('',(946.370956436043,-342.635056545623,6.51));
#13055=CARTESIAN_POINT('',(947.385617970074,-342.635056545623,5.01));
#13056=CARTESIAN_POINT('',(947.385617970074,-342.635056545623,6.51));
#13057=CARTESIAN_POINT('',(946.370956436043,-342.635056545623,5.01));
#13058=CARTESIAN_POINT('Origin',(947.385617970074,-357.499463413858,6.51));
#13059=CARTESIAN_POINT('',(947.385617970074,-357.499463413858,6.51));
#13060=CARTESIAN_POINT('',(947.385617970074,-345.790364640933,6.51));
#13061=CARTESIAN_POINT('',(947.385617970074,-357.499463413858,5.01));
#13062=CARTESIAN_POINT('',(947.385617970074,-357.499463413858,6.51));
#13063=CARTESIAN_POINT('',(947.385617970074,-345.790364640933,5.01));
#13064=CARTESIAN_POINT('Origin',(962.249859148535,-357.499463413858,6.51));
#13065=CARTESIAN_POINT('',(953.803077025274,-357.499463413858,6.51));
#13066=CARTESIAN_POINT('',(953.803077025274,-357.499463413858,5.01));
#13067=CARTESIAN_POINT('Origin',(909.285558857307,-338.435053646275,6.51));
#13068=CARTESIAN_POINT('',(909.285558857307,-338.435053646275,6.51));
#13069=CARTESIAN_POINT('',(909.285558857307,-323.584977797988,6.51));
#13070=CARTESIAN_POINT('',(909.285558857307,-336.258159757141,6.51));
#13071=CARTESIAN_POINT('',(909.285558857307,-338.435053646275,5.01));
#13072=CARTESIAN_POINT('',(909.285558857307,-338.435053646275,6.51));
#13073=CARTESIAN_POINT('',(909.285558857307,-323.584977797988,5.01));
#13074=CARTESIAN_POINT('',(909.285558857307,-336.258159757141,5.01));
#13075=CARTESIAN_POINT('',(909.285558857307,-323.584977797988,6.51));
#13076=CARTESIAN_POINT('Origin',(924.184528227845,-338.435053646275,6.51));
#13077=CARTESIAN_POINT('',(924.184528227845,-338.435053646275,6.51));
#13078=CARTESIAN_POINT('',(934.770411564929,-338.435053646275,6.51));
#13079=CARTESIAN_POINT('',(924.184528227845,-338.435053646275,5.01));
#13080=CARTESIAN_POINT('',(924.184528227845,-338.435053646275,6.51));
#13081=CARTESIAN_POINT('',(934.770411564929,-338.435053646275,5.01));
#13082=CARTESIAN_POINT('Origin',(924.184528227845,-323.584977797988,6.51));
#13083=CARTESIAN_POINT('',(924.184528227845,-323.584977797988,6.51));
#13084=CARTESIAN_POINT('',(924.184528227845,-328.833121832998,6.51));
#13085=CARTESIAN_POINT('',(924.184528227845,-323.584977797988,5.01));
#13086=CARTESIAN_POINT('',(924.184528227845,-323.584977797988,6.51));
#13087=CARTESIAN_POINT('',(924.184528227845,-328.833121832998,5.01));
#13088=CARTESIAN_POINT('Origin',(909.285558857307,-323.584977797988,6.51));
#13089=CARTESIAN_POINT('',(927.32092687966,-323.584977797988,6.51));
#13090=CARTESIAN_POINT('',(927.32092687966,-323.584977797988,5.01));
#13091=CARTESIAN_POINT('Origin',(991.500047098473,-367.612517465407,5.01));
#13092=CARTESIAN_POINT('',(991.500047098473,-300.550014270609,5.01));
#13093=CARTESIAN_POINT('',(991.500047098473,-367.612517465407,5.01));
#13094=CARTESIAN_POINT('',(991.500047098473,-300.550014270609,5.01));
#13095=CARTESIAN_POINT('',(991.500047098473,-300.550014270609,6.51));
#13096=CARTESIAN_POINT('',(991.500047098473,-300.550014270609,5.01));
#13097=CARTESIAN_POINT('',(991.500047098473,-367.612517465407,6.51));
#13098=CARTESIAN_POINT('',(991.500047098473,-300.550014270609,6.51));
#13099=CARTESIAN_POINT('',(991.500047098473,-367.612517465407,5.01));
#13100=CARTESIAN_POINT('Origin',(899.212542705552,-367.612517465407,5.01));
#13101=CARTESIAN_POINT('',(899.212542705552,-367.612517465407,5.01));
#13102=CARTESIAN_POINT('',(991.500047098473,-367.612517465407,5.01));
#13103=CARTESIAN_POINT('',(899.212542705552,-367.612517465407,6.51));
#13104=CARTESIAN_POINT('',(991.500047098473,-367.612517465407,6.51));
#13105=CARTESIAN_POINT('',(899.212542705552,-367.612517465407,5.01));
#13106=CARTESIAN_POINT('Origin',(899.212542705552,-300.550014270609,5.01));
#13107=CARTESIAN_POINT('',(899.212542705552,-300.550014270609,5.01));
#13108=CARTESIAN_POINT('',(899.212542705552,-367.612517465407,5.01));
#13109=CARTESIAN_POINT('',(899.212542705552,-300.550014270609,6.51));
#13110=CARTESIAN_POINT('',(899.212542705552,-367.612517465407,6.51));
#13111=CARTESIAN_POINT('',(899.212542705552,-300.550014270609,5.01));
#13112=CARTESIAN_POINT('Origin',(991.500047098473,-300.550014270609,5.01));
#13113=CARTESIAN_POINT('',(899.212542705552,-300.550014270609,5.01));
#13114=CARTESIAN_POINT('',(899.212542705552,-300.550014270609,6.51));
#13115=CARTESIAN_POINT('Origin',(945.356294902012,-334.081265868008,6.51));
#13116=CARTESIAN_POINT('Origin',(945.356294902012,-334.081265868008,5.01));
#13117=CARTESIAN_POINT('Origin',(904.112075627515,-362.709186357531,5.26));
#13118=CARTESIAN_POINT('',(906.462075627515,-362.709186357531,5.51));
#13119=CARTESIAN_POINT('',(906.462075627515,-362.709186357531,5.26));
#13120=CARTESIAN_POINT('Origin',(904.112075627515,-362.709186357531,5.51));
#13121=CARTESIAN_POINT('Origin',(904.112075627515,-362.709186357531,5.51));
#13122=CARTESIAN_POINT('Origin',(986.598200301095,-362.712653354019,5.26));
#13123=CARTESIAN_POINT('',(988.948200301095,-362.712653354019,5.51));
#13124=CARTESIAN_POINT('',(988.948200301095,-362.712653354019,5.26));
#13125=CARTESIAN_POINT('Origin',(986.598200301095,-362.712653354019,5.51));
#13126=CARTESIAN_POINT('Origin',(986.598200301095,-362.712653354019,5.51));
#13127=CARTESIAN_POINT('Origin',(987.100328807057,-304.951544219097,5.26));
#13128=CARTESIAN_POINT('',(989.450328807057,-304.951544219097,5.51));
#13129=CARTESIAN_POINT('',(989.450328807057,-304.951544219097,5.26));
#13130=CARTESIAN_POINT('Origin',(987.100328807057,-304.951544219097,5.51));
#13131=CARTESIAN_POINT('Origin',(987.100328807057,-304.951544219097,5.51));
#13132=CARTESIAN_POINT('Origin',(903.612509354606,-304.948312706821,5.26));
#13133=CARTESIAN_POINT('',(905.962509354606,-304.948312706821,5.51));
#13134=CARTESIAN_POINT('',(905.962509354606,-304.948312706821,5.26));
#13135=CARTESIAN_POINT('Origin',(903.612509354606,-304.948312706821,5.51));
#13136=CARTESIAN_POINT('Origin',(903.612509354606,-304.948312706821,5.51));
#13137=UNCERTAINTY_MEASURE_WITH_UNIT(LENGTH_MEASURE(0.01),#13141,
'DISTANCE_ACCURACY_VALUE',
'Maximum model space distance between geometric entities at asserted c
onnectivities');
#13138=UNCERTAINTY_MEASURE_WITH_UNIT(LENGTH_MEASURE(0.01),#13141,
'DISTANCE_ACCURACY_VALUE',
'Maximum model space distance between geometric entities at asserted c
onnectivities');
#13139=(
GEOMETRIC_REPRESENTATION_CONTEXT(3)
GLOBAL_UNCERTAINTY_ASSIGNED_CONTEXT((#13137))
GLOBAL_UNIT_ASSIGNED_CONTEXT((#13141,#13143,#13144))
REPRESENTATION_CONTEXT('','3D')
);
#13140=(
GEOMETRIC_REPRESENTATION_CONTEXT(3)
GLOBAL_UNCERTAINTY_ASSIGNED_CONTEXT((#13138))
GLOBAL_UNIT_ASSIGNED_CONTEXT((#13141,#13143,#13144))
REPRESENTATION_CONTEXT('','3D')
);
#13141=(
LENGTH_UNIT()
NAMED_UNIT(*)
SI_UNIT(.MILLI.,.METRE.)
);
#13142=(
LENGTH_UNIT()
NAMED_UNIT(*)
SI_UNIT($,.METRE.)
);
#13143=(
NAMED_UNIT(*)
PLANE_ANGLE_UNIT()
SI_UNIT($,.RADIAN.)
);
#13144=(
NAMED_UNIT(*)
SI_UNIT($,.STERADIAN.)
SOLID_ANGLE_UNIT()
);
#13145=SHAPE_DEFINITION_REPRESENTATION(#13146,#13147);
#13146=PRODUCT_DEFINITION_SHAPE('',$,#13149);
#13147=SHAPE_REPRESENTATION('',(#6905),#13139);
#13148=PRODUCT_DEFINITION_CONTEXT('part definition',#13153,'design');
#13149=PRODUCT_DEFINITION('2026-09-06-22-12-27-550','Top_case',#13150,#13148);
#13150=PRODUCT_DEFINITION_FORMATION('',$,#13155);
#13151=PRODUCT_RELATED_PRODUCT_CATEGORY('Top_case','Top_case',(#13155));
#13152=APPLICATION_PROTOCOL_DEFINITION('international standard',
'automotive_design',2009,#13153);
#13153=APPLICATION_CONTEXT(
'Core Data for Automotive Mechanical Design Process');
#13154=PRODUCT_CONTEXT('part definition',#13153,'mechanical');
#13155=PRODUCT('2026-09-06-22-12-27-550','Top_case',$,(#13154));
#13156=PRESENTATION_STYLE_ASSIGNMENT((#13157));
#13157=SURFACE_STYLE_USAGE(.BOTH.,#13158);
#13158=SURFACE_SIDE_STYLE('',(#13159));
#13159=SURFACE_STYLE_FILL_AREA(#13160);
#13160=FILL_AREA_STYLE('Acier - Satin\X\E9',(#13161));
#13161=FILL_AREA_STYLE_COLOUR('Acier - Satin\X\E9',#13162);
#13162=COLOUR_RGB('Acier - Satin\X\E9',0.627450980392157,0.627450980392157,
0.627450980392157);
ENDSEC;
END-ISO-10303-21;
